user_id,age_group,location,device_type,suscription_type,days_since_registration,total_purchases,avg_order_value,last_purchase_days,session_last_30_days,time_on_site_minutes,pages_per_session,cart_abandonment_rate,purchase_frequency,dar_promocion
user_000001,18-25,Mendoza,Móvil,Free,38,6,341.58,139.0,2,71.3,1.6,0.094,,1
user_000002,36-45,Buenos Aires,Móvil,Basic,246,34,215.56,114.0,18,34.1,17.5,0.759,4.15,0
user_000003,36-45,Buenos Aires,Móvil,Enterprise,284,21,60.08,97.0,3,43.7,7.5,0.265,2.22,1
user_000004,36-45,Córdoba,Tablet,Free,343,35,153.66,160.0,19,106.4,7.9,0.192,3.06,0
user_000005,18-25,Buenos Aires,Móvil,Free,330,14,434.58,97.0,8,55.0,16.8,0.163,1.27,1
user_000006,26-35,Buenos Aires,Tablet,Basic,184,38,321.14,136.0,23,30.1,9.8,0.27,6.2,0
user_000007,36-45,Buenos Aires,Móvil,Premium,38,3,122.23,8.0,25,38.5,6.1,0.211,2.37,1
user_000008,46-55,Buenos Aires,Desktop,Free,75,41,234.84,67.0,4,30.3,11.7,0.263,16.4,1
user_000009,26-35,Rosario,Móvil,Enterprise,66,8,259.67,23.0,24,6.6,3.1,0.627,3.64,1
user_000010,26-35,Buenos Aires,Móvil,Enterprise,17,33,133.19,141.0,27,113.1,13.9,0.115,33.0,0
user_000011,,Mendoza,Móvil,Free,91,10,232.32,67.0,16,91.7,10.6,0.106,3.3,0
user_000012,26-35,Rosario,Desktop,Free,45,48,89.16,135.0,29,1.1,7.2,,32.0,1
user_000013,46-55,La Plata,Móvil,Free,180,36,474.01,21.0,23,58.8,2.3,0.761,,0
user_000014,18-25,Córdoba,Móvil,Free,301,38,217.34,54.0,29,65.2,14.9,0.201,,1
user_000015,26-35,Rosario,Móvil,Premium,206,28,69.29,57.0,2,41.2,12.2,0.23,4.08,1
user_000016,18-25,,Móvil,Free,253,2,431.22,18.0,16,29.3,13.7,0.214,0.24,0
user_000017,36-45,,Móvil,Free,298,30,405.67,48.0,3,12.5,9.2,0.424,3.02,0
user_000018,46-55,Buenos Aires,Desktop,Basic,126,3,207.28,86.0,25,103.5,5.7,,0.71,0
user_000019,18-25,Buenos Aires,Móvil,Premium,136,4,227.13,,3,7.0,20.0,0.836,0.88,0
user_000020,56+,La Plata,Móvil,Basic,318,13,433.68,15.0,5,46.1,19.7,0.265,1.23,1
user_000021,26-35,Rosario,Desktop,Premium,133,42,362.02,39.0,6,36.3,19.4,,9.47,0
user_000022,18-25,,Móvil,Basic,88,33,87.14,130.0,2,102.3,2.3,0.068,11.25,1
user_000023,26-35,Otros,Móvil,Basic,245,2,313.5,107.0,21,70.5,10.9,,0.24,1
user_000024,36-45,,Móvil,Free,261,41,157.0,80.0,29,90.5,2.4,0.458,,1
user_000025,56+,Buenos Aires,Móvil,Free,77,22,441.62,62.0,11,34.9,9.3,0.543,,0
user_000026,36-45,Otros,Desktop,Free,211,35,156.7,169.0,3,112.7,3.6,0.115,,1
user_000027,36-45,Buenos Aires,Móvil,Free,311,21,109.76,162.0,27,32.4,10.3,0.905,2.03,0
user_000028,18-25,Córdoba,Móvil,Free,339,49,74.1,67.0,5,89.2,11.5,0.428,4.34,1
user_000029,18-25,Otros,Desktop,Free,361,2,418.95,149.0,17,18.6,3.4,0.308,0.17,1
user_000030,,Buenos Aires,Móvil,Free,345,49,284.34,104.0,19,90.2,18.6,0.237,4.26,1
user_000031,56+,,Desktop,Free,282,47,463.0,105.0,25,80.7,15.0,,5.0,0
user_000032,46-55,Buenos Aires,Desktop,Premium,284,14,107.79,117.0,11,37.3,16.1,,,1
user_000033,36-45,Córdoba,Móvil,Free,353,49,146.77,164.0,16,48.6,19.6,,4.16,0
user_000034,18-25,Otros,Móvil,Enterprise,351,16,28.75,152.0,13,42.1,15.9,0.436,,0
user_000035,18-25,La Plata,Móvil,Free,104,27,10.83,137.0,21,86.6,15.1,0.671,7.79,1
user_000036,26-35,Otros,Tablet,Basic,179,42,425.53,76.0,16,37.8,8.8,0.402,7.04,0
user_000037,36-45,Buenos Aires,Desktop,Free,214,47,452.37,157.0,18,,11.4,0.0,6.59,1
user_000038,26-35,Mendoza,Desktop,Free,219,28,226.66,54.0,16,57.3,18.1,,,1
user_000039,36-45,Buenos Aires,Desktop,Basic,279,5,411.03,60.0,21,37.9,16.3,0.147,0.54,1
user_000040,26-35,Córdoba,Desktop,Free,342,26,444.21,147.0,6,86.5,8.3,0.4,2.28,1
user_000041,36-45,Buenos Aires,Desktop,Premium,290,6,391.43,56.0,5,96.7,14.2,0.465,0.62,0
user_000042,26-35,La Plata,Móvil,Premium,80,42,270.25,143.0,19,38.8,15.3,0.443,15.75,0
user_000043,,Otros,Móvil,Free,107,30,230.53,63.0,26,,15.6,0.521,,0
user_000044,26-35,Córdoba,Desktop,Free,45,21,166.66,138.0,2,17.5,5.4,0.694,14.0,1
user_000045,26-35,Córdoba,Móvil,Basic,4,3,111.35,107.0,12,108.7,12.1,0.696,3.0,0
user_000046,26-35,Buenos Aires,Móvil,Premium,71,26,273.73,139.0,25,72.8,5.2,0.219,10.99,1
user_000047,26-35,Córdoba,Desktop,Premium,142,46,90.87,119.0,29,16.2,12.8,0.027,,0
user_000048,36-45,,Móvil,Basic,164,29,99.05,66.0,12,40.0,9.6,0.338,5.3,0
user_000049,26-35,Otros,Móvil,Premium,171,30,19.5,138.0,1,120.0,7.6,0.65,5.26,0
user_000050,18-25,Buenos Aires,Móvil,Premium,32,39,84.67,32.0,15,80.7,11.7,0.218,36.56,0
user_000051,26-35,Córdoba,Desktop,Enterprise,7,45,66.12,41.0,30,38.0,12.0,0.929,45.0,1
user_000052,36-45,Otros,Móvil,Premium,71,4,300.13,160.0,7,13.1,15.7,,1.69,0
user_000053,46-55,Mendoza,Móvil,Free,58,34,219.91,94.0,2,61.2,7.5,0.85,,1
user_000054,18-25,Otros,Desktop,Premium,115,45,84.97,45.0,23,63.1,13.4,0.616,11.74,1
user_000055,46-55,Córdoba,Desktop,Basic,90,20,427.34,22.0,8,105.9,5.6,0.465,6.67,0
user_000056,36-45,Buenos Aires,Móvil,Free,53,31,113.94,66.0,10,34.3,12.3,0.88,17.55,0
user_000057,18-25,Otros,Móvil,Premium,81,31,282.04,61.0,22,57.7,14.5,0.448,11.48,0
user_000058,18-25,Buenos Aires,Desktop,Free,357,37,190.82,141.0,16,41.9,19.9,0.55,3.11,0
user_000059,,Buenos Aires,Móvil,Free,185,12,164.62,137.0,30,91.7,4.5,0.216,1.95,0
user_000060,26-35,Rosario,Desktop,Basic,118,6,417.99,75.0,7,43.9,6.7,0.708,1.53,1
user_000061,26-35,Otros,Móvil,Basic,301,8,322.56,125.0,3,104.9,11.9,0.469,,1
user_000062,26-35,Otros,Móvil,Premium,140,7,412.84,102.0,15,9.8,13.0,0.054,1.5,0
user_000063,46-55,Otros,Móvil,Free,289,35,384.58,,19,95.1,5.3,0.523,3.63,0
user_000064,56+,Buenos Aires,Móvil,Basic,135,36,314.3,156.0,30,,19.0,0.208,8.0,0
user_000065,26-35,Buenos Aires,Móvil,Basic,257,10,11.31,115.0,22,71.7,6.5,0.231,1.17,0
user_000066,26-35,La Plata,Móvil,Free,4,16,396.04,160.0,18,79.7,18.7,0.425,16.0,1
user_000067,26-35,Buenos Aires,Móvil,Free,87,3,91.3,78.0,19,90.1,11.8,0.289,1.03,0
user_000068,26-35,Buenos Aires,Móvil,Free,302,34,251.96,20.0,19,5.7,9.2,,3.38,0
user_000069,18-25,Buenos Aires,Desktop,Premium,237,37,475.89,172.0,26,33.1,1.8,0.756,,0
user_000070,36-45,Córdoba,Móvil,Enterprise,125,27,321.04,125.0,2,56.9,8.8,,6.48,1
user_000071,46-55,Buenos Aires,Desktop,Free,312,25,408.65,140.0,1,55.1,7.0,0.323,2.4,0
user_000072,46-55,La Plata,Móvil,Premium,159,29,212.49,48.0,16,,15.4,0.625,5.47,0
user_000073,,Córdoba,Tablet,Basic,339,44,247.51,7.0,20,73.5,5.5,0.158,3.89,0
user_000074,18-25,Córdoba,Móvil,Premium,83,7,236.11,30.0,20,,10.5,,2.53,1
user_000075,36-45,Córdoba,Móvil,Basic,105,29,280.12,98.0,6,110.7,10.7,0.879,8.29,0
user_000076,26-35,Mendoza,Móvil,Premium,330,32,140.91,0.0,9,87.4,16.9,0.58,,0
user_000077,26-35,Buenos Aires,Móvil,Free,28,35,383.81,96.0,14,,17.5,0.981,35.0,1
user_000078,36-45,Buenos Aires,Desktop,Free,243,47,241.76,97.0,12,118.6,16.1,0.652,5.8,1
user_000079,26-35,Buenos Aires,Móvil,Basic,288,6,438.35,112.0,3,63.6,9.7,0.722,0.62,1
user_000080,46-55,Otros,Móvil,Premium,156,16,175.9,177.0,12,78.3,17.2,0.852,3.08,0
user_000081,26-35,Buenos Aires,Desktop,Premium,92,34,27.59,17.0,7,76.1,18.5,0.997,11.09,1
user_000082,26-35,Buenos Aires,Desktop,Premium,319,28,91.52,76.0,28,4.4,7.2,,2.63,1
user_000083,26-35,Buenos Aires,Móvil,Basic,182,50,98.23,44.0,2,73.5,8.3,0.683,8.24,1
user_000084,56+,Buenos Aires,Móvil,Free,111,16,336.75,119.0,28,35.2,11.4,,4.32,1
user_000085,56+,Buenos Aires,Tablet,Basic,189,29,424.2,50.0,12,102.5,3.0,,4.6,0
user_000086,36-45,Otros,Móvil,Enterprise,182,42,203.94,2.0,18,103.9,15.8,0.974,6.92,1
user_000087,36-45,La Plata,Tablet,Premium,55,14,307.46,90.0,7,76.8,12.8,,,1
user_000088,36-45,Buenos Aires,Móvil,Basic,28,2,161.38,112.0,1,70.0,14.9,0.09,2.0,0
user_000089,26-35,Córdoba,Móvil,Premium,214,23,270.12,69.0,26,20.6,18.4,0.944,3.22,1
user_000090,36-45,Buenos Aires,Móvil,Enterprise,214,9,379.53,57.0,27,81.5,13.8,0.397,,0
user_000091,26-35,Mendoza,Móvil,Basic,80,29,190.61,172.0,8,70.6,16.6,0.94,,1
user_000092,36-45,Córdoba,Desktop,Premium,310,20,458.48,56.0,20,8.5,16.7,0.909,1.94,0
user_000093,36-45,Buenos Aires,Móvil,Free,211,31,66.9,60.0,28,65.0,8.4,0.371,4.41,0
user_000094,56+,Córdoba,Desktop,Free,9,26,330.91,125.0,19,49.6,19.1,0.033,26.0,0
user_000095,26-35,Córdoba,Móvil,Free,176,43,189.99,165.0,11,8.2,6.2,,7.33,0
user_000096,18-25,Buenos Aires,Desktop,Enterprise,133,3,395.53,62.0,4,94.7,4.9,0.83,,1
user_000097,26-35,Buenos Aires,Desktop,Free,82,9,396.44,152.0,0,34.0,19.7,0.988,3.29,0
user_000098,26-35,Buenos Aires,Desktop,Free,89,0,185.54,999.0,25,29.3,7.2,0.174,0.0,1
user_000099,,Córdoba,Móvil,Free,339,28,391.23,131.0,18,,10.6,0.945,2.48,0
user_000100,36-45,Otros,Desktop,Free,343,41,482.37,15.0,15,101.8,9.1,,3.59,0
user_000101,,Buenos Aires,Móvil,Basic,1,4,71.83,159.0,20,70.7,14.5,0.381,4.0,0
user_000102,36-45,Córdoba,Desktop,Free,60,44,66.06,167.0,20,105.4,11.5,0.865,22.0,0
user_000103,26-35,Buenos Aires,Móvil,Basic,145,26,367.51,80.0,13,38.2,5.8,0.954,5.38,0
user_000104,56+,Buenos Aires,Desktop,Free,14,6,374.85,95.0,25,,2.1,,6.0,0
user_000105,26-35,Buenos Aires,Móvil,Basic,78,48,217.24,13.0,30,35.2,6.9,0.104,,1
user_000106,26-35,Rosario,Móvil,Free,106,35,190.1,71.0,18,27.9,9.2,,9.91,0
user_000107,36-45,Rosario,Móvil,Premium,47,44,141.05,46.0,8,84.6,6.9,0.34,28.09,0
user_000108,18-25,Buenos Aires,Desktop,Free,362,47,320.25,7.0,2,89.8,5.1,0.42,,0
user_000109,18-25,Buenos Aires,Móvil,Premium,191,38,51.63,13.0,4,19.7,12.7,0.674,5.97,1
user_000110,26-35,Córdoba,Desktop,Basic,226,13,379.92,29.0,11,52.2,6.4,0.678,,0
user_000111,36-45,Buenos Aires,Móvil,Enterprise,116,3,13.77,77.0,30,26.1,3.6,0.256,,0
user_000112,18-25,Córdoba,Móvil,Free,198,34,354.8,128.0,17,100.2,16.3,0.072,,1
user_000113,26-35,Córdoba,Móvil,Free,344,27,290.97,163.0,13,35.5,8.7,0.966,2.35,1
user_000114,46-55,Rosario,Desktop,Premium,278,5,223.99,27.0,7,52.8,8.6,0.079,,1
user_000115,36-45,Buenos Aires,Desktop,Free,207,40,65.87,130.0,6,108.8,7.6,,5.8,1
user_000116,46-55,Buenos Aires,Móvil,Free,35,38,84.91,167.0,2,22.1,15.7,0.494,32.57,0
user_000117,46-55,Córdoba,Tablet,Basic,77,40,493.4,82.0,27,116.5,7.0,,,1
user_000118,26-35,Buenos Aires,Móvil,Free,125,32,46.35,118.0,14,5.5,8.0,0.287,7.68,1
user_000119,46-55,La Plata,Desktop,Basic,35,29,294.36,,14,109.2,11.9,0.188,24.86,1
user_000120,26-35,Buenos Aires,Móvil,Free,56,21,491.37,21.0,16,77.9,1.7,,11.25,0
user_000121,36-45,,Móvil,Premium,141,24,210.3,86.0,21,72.1,16.0,0.647,,0
user_000122,26-35,Rosario,Móvil,Free,332,42,482.56,154.0,27,,2.5,0.664,3.8,1
user_000123,26-35,Rosario,Desktop,Free,186,45,469.62,79.0,17,45.8,16.0,0.813,,0
user_000124,36-45,Otros,Tablet,Premium,22,5,326.55,108.0,16,44.1,7.9,0.18,,1
user_000125,26-35,Mendoza,Móvil,Enterprise,256,9,47.81,25.0,16,92.7,16.9,,1.05,0
user_000126,36-45,La Plata,Desktop,Basic,346,9,89.5,177.0,24,75.3,18.2,,0.78,0
user_000127,26-35,Rosario,Móvil,Basic,343,18,378.67,114.0,7,64.5,6.9,0.809,,1
user_000128,56+,Buenos Aires,Desktop,Basic,125,28,236.22,72.0,24,46.4,11.0,,6.72,0
user_000129,,Buenos Aires,Móvil,Basic,263,23,281.72,26.0,22,101.7,17.2,0.285,,0
user_000130,26-35,Otros,Móvil,Basic,283,14,410.18,89.0,29,4.2,2.0,0.502,,0
user_000131,26-35,Buenos Aires,Móvil,Free,245,6,421.2,166.0,10,95.2,3.6,0.287,0.73,0
user_000132,36-45,Buenos Aires,Desktop,Basic,124,0,453.87,999.0,0,,16.9,0.549,0.0,0
user_000133,36-45,Buenos Aires,Móvil,Free,54,3,126.84,163.0,25,75.1,2.2,0.837,1.67,0
user_000134,36-45,Buenos Aires,Móvil,Free,110,9,152.72,0.0,19,43.0,11.8,,2.45,0
user_000135,18-25,Otros,Móvil,Basic,23,32,395.34,129.0,17,,17.6,0.044,32.0,0
user_000136,56+,,Móvil,Premium,167,22,128.15,168.0,20,13.3,12.1,0.757,,0
user_000137,18-25,Córdoba,Desktop,Free,297,49,345.49,178.0,15,76.2,16.4,0.063,4.95,1
user_000138,18-25,Buenos Aires,Desktop,Premium,131,20,467.35,131.0,12,118.7,11.3,0.253,,0
user_000139,18-25,Córdoba,Desktop,Premium,34,21,143.88,94.0,13,106.8,15.1,0.895,18.53,1
user_000140,26-35,Buenos Aires,Desktop,Free,168,33,140.69,21.0,23,51.5,9.2,,5.89,1
user_000141,36-45,Buenos Aires,Móvil,Basic,273,19,228.5,109.0,5,83.1,7.7,0.042,2.09,0
user_000142,36-45,Córdoba,Desktop,Premium,185,3,46.77,163.0,12,44.2,16.2,0.679,0.49,1
user_000143,18-25,Rosario,Desktop,Free,350,4,125.64,165.0,11,44.1,19.0,0.032,0.34,0
user_000144,36-45,Otros,Móvil,Premium,287,36,77.47,93.0,12,38.4,6.3,,3.76,0
user_000145,36-45,Córdoba,Móvil,Basic,352,16,389.73,180.0,14,26.5,12.6,,,1
user_000146,,Buenos Aires,Móvil,Free,114,45,228.1,22.0,25,82.1,17.1,0.32,11.84,0
user_000147,36-45,Córdoba,Móvil,Free,188,10,358.79,179.0,20,21.7,7.9,0.224,1.6,0
user_000148,46-55,Buenos Aires,Móvil,Free,263,36,190.77,141.0,4,73.8,2.6,0.309,4.11,1
user_000149,36-45,Mendoza,Desktop,Free,120,20,324.75,115.0,14,81.9,7.5,0.878,5.0,1
user_000150,36-45,Buenos Aires,Tablet,Basic,83,3,417.38,132.0,4,,4.1,0.935,1.08,0
user_000151,26-35,Otros,Desktop,Premium,250,16,106.19,141.0,8,,6.8,0.533,1.92,0
user_000152,36-45,Rosario,Móvil,Free,108,39,363.11,154.0,10,101.3,11.7,0.825,10.83,0
user_000153,18-25,Otros,Desktop,Free,351,13,385.81,106.0,19,77.0,10.5,0.627,1.11,1
user_000154,36-45,Buenos Aires,Móvil,Premium,217,25,155.74,18.0,22,8.1,9.4,,3.46,1
user_000155,26-35,Buenos Aires,Desktop,Free,261,22,487.93,33.0,24,,11.7,0.319,2.53,1
user_000156,18-25,Córdoba,Móvil,Free,127,24,433.44,107.0,7,115.6,18.1,0.813,,0
user_000157,36-45,Buenos Aires,Móvil,Enterprise,70,29,254.39,78.0,15,,19.0,0.505,12.43,1
user_000158,26-35,Córdoba,Móvil,Basic,242,41,339.54,73.0,17,2.0,3.0,0.134,5.08,1
user_000159,36-45,Mendoza,Móvil,Basic,230,36,285.29,92.0,17,35.3,8.3,0.45,4.7,1
user_000160,26-35,Otros,Desktop,Free,84,6,203.01,86.0,17,,15.3,0.199,,0
user_000161,26-35,Buenos Aires,Móvil,,105,30,264.47,38.0,19,107.3,3.7,0.931,8.57,0
user_000162,18-25,Otros,Desktop,Free,202,21,258.58,130.0,17,59.3,11.7,,,0
user_000163,26-35,Rosario,Tablet,Basic,357,50,450.4,176.0,20,4.2,10.0,0.967,,1
user_000164,36-45,Mendoza,Móvil,Free,69,40,363.38,97.0,4,98.8,5.6,0.573,17.39,1
user_000165,18-25,Buenos Aires,Móvil,Free,7,44,109.91,128.0,24,73.8,10.0,0.848,44.0,1
user_000166,36-45,Córdoba,Móvil,Enterprise,334,30,267.48,80.0,30,21.6,18.3,0.342,2.69,0
user_000167,36-45,La Plata,Desktop,Premium,184,16,308.94,49.0,30,30.3,11.6,0.225,,0
user_000168,46-55,Mendoza,Desktop,Basic,213,30,180.91,70.0,9,15.5,13.9,,,0
user_000169,,Otros,Desktop,Free,163,18,478.1,20.0,11,111.0,13.5,0.747,3.31,1
user_000170,26-35,Córdoba,Tablet,Basic,256,8,63.52,150.0,7,29.9,13.7,0.531,0.94,0
user_000171,26-35,Buenos Aires,Móvil,Basic,39,43,387.68,1.0,30,66.5,18.7,0.407,33.08,0
user_000172,,Buenos Aires,Tablet,Free,122,41,38.99,22.0,20,69.3,11.2,0.723,10.08,0
user_000173,56+,Buenos Aires,Desktop,Free,346,2,498.61,101.0,25,60.0,18.8,0.962,0.17,0
user_000174,46-55,Buenos Aires,Móvil,Free,217,21,149.44,164.0,17,63.4,17.9,0.134,2.9,0
user_000175,26-35,Buenos Aires,Móvil,Free,107,29,327.66,47.0,0,88.7,16.0,0.568,,1
user_000176,18-25,La Plata,Desktop,Premium,267,32,170.68,102.0,21,12.4,19.7,0.477,3.6,1
user_000177,18-25,Córdoba,Móvil,Free,238,21,157.95,146.0,0,32.1,7.8,0.236,,1
user_000178,18-25,Buenos Aires,Móvil,Basic,24,45,387.22,176.0,3,77.0,18.9,0.368,45.0,1
user_000179,26-35,Buenos Aires,Móvil,Premium,252,38,193.08,179.0,17,109.6,15.4,0.802,4.52,0
user_000180,46-55,Rosario,Móvil,Premium,254,33,228.91,180.0,11,10.3,11.7,0.062,3.9,0
user_000181,56+,Buenos Aires,Móvil,Free,85,33,226.5,174.0,6,86.3,10.3,0.899,11.65,0
user_000182,46-55,Córdoba,Móvil,Basic,137,3,283.81,172.0,25,37.7,1.4,0.254,,0
user_000183,36-45,Rosario,Móvil,Free,364,4,275.17,15.0,29,107.4,19.7,,0.33,1
user_000184,26-35,Mendoza,Desktop,Enterprise,219,41,482.25,95.0,28,,17.5,,5.62,0
user_000185,18-25,Otros,Desktop,Free,173,22,68.13,137.0,12,,14.8,0.223,3.82,1
user_000186,46-55,Otros,Móvil,Premium,364,27,270.65,58.0,7,55.8,3.9,0.188,2.23,1
user_000187,18-25,Rosario,Desktop,Premium,308,1,127.93,17.0,3,71.7,9.5,0.672,0.1,1
user_000188,26-35,Buenos Aires,Móvil,Basic,341,48,433.23,14.0,4,61.0,6.5,,4.22,0
user_000189,26-35,Rosario,Desktop,Free,71,19,439.37,169.0,16,27.3,6.7,0.061,8.03,1
user_000190,46-55,Otros,Desktop,Basic,63,31,32.97,88.0,30,77.6,8.2,0.524,14.76,1
user_000191,26-35,Buenos Aires,Móvil,Premium,9,30,128.07,57.0,9,103.0,3.7,0.463,30.0,1
user_000192,36-45,Otros,Móvil,Free,336,15,134.95,84.0,20,10.4,9.5,0.371,1.34,1
user_000193,36-45,,Móvil,Basic,91,38,29.38,18.0,6,96.8,12.2,0.671,12.53,0
user_000194,26-35,La Plata,Móvil,Enterprise,254,0,113.79,999.0,6,115.5,3.2,1.0,0.0,1
user_000195,56+,Rosario,Desktop,Free,120,15,280.52,72.0,12,56.5,13.3,0.308,3.75,1
user_000196,36-45,Córdoba,Móvil,Enterprise,181,30,383.2,81.0,29,,6.9,0.046,4.97,1
user_000197,36-45,Buenos Aires,Móvil,Basic,252,46,214.61,39.0,6,,8.2,0.833,5.48,1
user_000198,36-45,Otros,Móvil,Premium,110,31,483.59,164.0,23,59.4,4.2,0.795,,1
user_000199,18-25,Córdoba,Móvil,Premium,279,41,479.05,134.0,1,100.8,2.4,0.818,4.41,1
user_000200,46-55,Córdoba,Desktop,Free,341,45,84.0,55.0,16,55.3,2.1,0.638,3.96,0
user_000201,56+,Rosario,Móvil,Basic,50,26,15.81,135.0,23,,19.6,0.017,,0
user_000202,36-45,La Plata,Tablet,Free,8,6,266.95,61.0,6,74.8,5.8,0.354,6.0,1
user_000203,18-25,Otros,Móvil,Free,162,44,120.67,175.0,26,,13.4,,8.15,1
user_000204,18-25,Córdoba,Móvil,Free,349,0,354.39,999.0,2,60.5,9.2,0.784,0.0,1
user_000205,56+,Otros,Desktop,Premium,76,14,113.59,177.0,28,68.4,6.2,,5.53,0
user_000206,,La Plata,Móvil,Free,15,20,17.67,53.0,18,18.2,16.6,0.821,20.0,1
user_000207,26-35,Rosario,Móvil,Premium,326,43,449.3,84.0,12,90.9,3.7,0.988,3.96,1
user_000208,36-45,Otros,Móvil,Basic,325,4,176.89,157.0,30,71.9,19.4,,0.37,0
user_000209,,,Móvil,Free,41,24,221.61,174.0,18,79.6,2.6,0.619,17.56,1
user_000210,36-45,Buenos Aires,Móvil,Premium,239,40,85.6,99.0,10,43.9,2.7,0.943,5.02,1
user_000211,26-35,Buenos Aires,Móvil,Free,138,28,282.92,131.0,13,13.3,2.7,0.554,,1
user_000212,36-45,Buenos Aires,Móvil,Free,60,24,391.79,143.0,28,,5.6,0.521,12.0,1
user_000213,26-35,Buenos Aires,Móvil,Basic,15,4,91.93,70.0,13,36.7,15.9,0.361,4.0,0
user_000214,36-45,Córdoba,Desktop,Basic,239,8,159.28,101.0,10,101.2,8.2,,1.0,0
user_000215,26-35,La Plata,Desktop,Enterprise,140,8,157.21,154.0,30,83.7,10.1,0.178,1.71,0
user_000216,56+,Buenos Aires,Desktop,Basic,162,36,393.17,83.0,12,34.4,15.9,0.365,6.67,0
user_000217,18-25,Otros,Móvil,Premium,77,1,476.97,118.0,30,85.3,9.3,0.291,,0
user_000218,18-25,La Plata,Desktop,Basic,11,8,320.33,61.0,8,79.4,14.6,,8.0,1
user_000219,26-35,Rosario,Móvil,Basic,328,44,214.97,9.0,25,116.2,14.3,0.812,4.02,1
user_000220,36-45,Buenos Aires,Desktop,Basic,61,22,91.51,156.0,1,68.0,13.3,0.647,,0
user_000221,56+,Córdoba,Móvil,Free,196,32,375.96,142.0,18,82.8,5.2,0.374,4.9,1
user_000222,46-55,Rosario,Móvil,Free,128,1,246.56,75.0,13,110.5,2.6,,,0
user_000223,26-35,Buenos Aires,Desktop,Basic,293,22,243.32,112.0,23,83.9,7.1,,,1
user_000224,18-25,La Plata,Desktop,Basic,2,10,465.66,62.0,16,21.8,4.0,0.56,10.0,1
user_000225,26-35,,Móvil,Basic,129,27,203.84,157.0,28,24.5,12.3,0.389,6.28,1
user_000226,26-35,Buenos Aires,Desktop,Premium,5,36,59.86,137.0,5,44.5,4.7,0.114,36.0,1
user_000227,46-55,Córdoba,Desktop,Basic,22,39,202.35,29.0,11,,9.7,0.173,39.0,1
user_000228,36-45,Buenos Aires,Desktop,Free,21,8,163.46,61.0,9,14.9,8.1,0.141,8.0,0
user_000229,26-35,Buenos Aires,Móvil,Free,167,40,273.32,165.0,29,120.0,11.5,0.49,7.19,0
user_000230,18-25,La Plata,Desktop,Premium,294,0,247.46,999.0,6,98.0,19.3,,0.0,1
user_000231,26-35,Córdoba,Desktop,Basic,112,10,50.51,7.0,25,91.6,6.5,0.275,,1
user_000232,26-35,Mendoza,Móvil,Premium,90,31,279.37,28.0,18,,15.7,0.823,10.33,0
user_000233,36-45,Mendoza,Desktop,Basic,178,13,494.99,,23,99.8,15.3,0.298,2.19,0
user_000234,26-35,Buenos Aires,Desktop,Basic,349,7,390.06,60.0,6,97.5,12.2,0.351,0.6,0
user_000235,36-45,Córdoba,Desktop,Premium,2,13,404.67,145.0,11,64.3,12.3,0.168,,0
user_000236,26-35,Rosario,,Basic,5,43,409.44,34.0,30,90.3,8.8,0.059,43.0,1
user_000237,46-55,Buenos Aires,Desktop,Free,224,45,167.83,63.0,24,101.4,8.5,,6.03,1
user_000238,,Córdoba,Móvil,Basic,42,49,55.62,131.0,23,34.1,18.8,0.369,35.0,1
user_000239,26-35,Buenos Aires,Desktop,Premium,116,46,486.35,162.0,21,84.0,17.2,,11.9,0
user_000240,26-35,Córdoba,Móvil,Free,162,18,175.5,147.0,4,,10.2,,3.33,1
user_000241,46-55,Buenos Aires,Desktop,Premium,16,1,70.88,40.0,14,55.3,19.8,0.428,1.0,0
user_000242,56+,La Plata,Móvil,Premium,13,17,55.74,92.0,8,10.8,13.6,0.649,17.0,1
user_000243,26-35,Buenos Aires,Desktop,Free,339,41,54.69,24.0,0,26.4,2.5,0.594,3.63,0
user_000244,36-45,Buenos Aires,Desktop,Premium,100,27,350.08,122.0,2,28.2,2.7,0.806,,1
user_000245,,La Plata,Móvil,Premium,313,48,438.5,164.0,21,18.0,11.1,0.008,4.6,1
user_000246,18-25,Córdoba,Móvil,Premium,33,26,311.88,113.0,27,26.9,18.0,0.14,23.64,0
user_000247,36-45,Córdoba,Tablet,Free,302,8,131.42,165.0,2,30.5,12.4,0.721,,1
user_000248,46-55,Rosario,Desktop,Basic,220,19,110.67,155.0,16,23.4,8.4,,2.59,1
user_000249,26-35,Buenos Aires,Móvil,Basic,243,33,445.48,3.0,11,112.1,3.5,0.861,4.07,0
user_000250,26-35,,Móvil,Basic,74,49,45.77,150.0,2,2.6,5.1,0.923,,0
user_000251,36-45,Rosario,Móvil,Basic,162,44,207.12,163.0,17,65.0,3.9,0.084,8.15,1
user_000252,36-45,Buenos Aires,Desktop,Basic,325,25,297.35,166.0,21,77.5,6.9,0.437,2.31,1
user_000253,18-25,Buenos Aires,Móvil,Basic,243,38,36.96,170.0,23,79.3,4.3,0.013,4.69,0
user_000254,36-45,Buenos Aires,Tablet,Basic,295,50,413.03,66.0,5,45.3,15.2,0.873,5.08,1
user_000255,46-55,Buenos Aires,Desktop,Free,305,4,138.85,147.0,20,10.2,9.6,0.36,0.39,1
user_000256,46-55,,Móvil,Premium,110,36,340.32,29.0,7,89.2,1.0,,9.82,1
user_000257,26-35,Córdoba,Móvil,Free,359,2,280.9,167.0,13,27.7,5.7,0.916,0.17,1
user_000258,26-35,Buenos Aires,Móvil,Basic,202,3,97.88,132.0,1,,2.3,0.465,,1
user_000259,46-55,Buenos Aires,Móvil,Basic,221,23,108.33,144.0,25,37.2,12.8,,3.12,1
user_000260,56+,Otros,Desktop,Premium,63,34,382.64,62.0,4,,8.8,0.233,16.19,1
user_000261,36-45,Rosario,Móvil,Free,188,48,332.08,78.0,3,25.4,19.7,0.42,7.66,1
user_000262,56+,Buenos Aires,Móvil,Free,335,14,449.67,133.0,13,84.4,8.1,0.975,1.25,1
user_000263,36-45,Córdoba,Desktop,Free,322,37,288.23,111.0,21,115.7,5.5,0.261,3.45,0
user_000264,56+,Córdoba,Desktop,Free,204,28,143.26,19.0,30,25.1,15.8,0.585,4.12,0
user_000265,18-25,Córdoba,Móvil,Free,286,22,482.67,53.0,14,37.7,6.0,0.12,2.31,1
user_000266,46-55,Buenos Aires,Desktop,Basic,285,13,419.6,83.0,4,11.9,5.7,0.356,1.37,1
user_000267,18-25,Buenos Aires,Desktop,Free,103,25,428.75,142.0,23,,2.8,0.102,7.28,0
user_000268,18-25,Buenos Aires,Desktop,Free,294,12,413.6,95.0,21,76.0,13.2,,1.22,1
user_000269,56+,Buenos Aires,Tablet,Free,233,41,227.28,32.0,2,108.7,16.8,,5.28,1
user_000270,56+,Buenos Aires,Tablet,Basic,344,46,203.55,7.0,12,82.3,4.3,0.215,,0
user_000271,26-35,Córdoba,Móvil,Basic,270,39,130.43,75.0,15,50.0,11.5,,4.33,0
user_000272,26-35,Córdoba,Desktop,Premium,222,15,319.07,139.0,25,3.3,8.3,0.713,2.03,0
user_000273,36-45,Córdoba,Tablet,Basic,120,24,142.51,6.0,10,72.1,1.6,0.811,6.0,1
user_000274,18-25,Otros,Móvil,Premium,222,14,487.25,25.0,7,79.2,6.1,0.816,1.89,0
user_000275,46-55,Otros,Móvil,Enterprise,337,24,183.85,44.0,5,29.1,7.0,0.738,2.14,0
user_000276,56+,Buenos Aires,Desktop,Premium,182,36,79.63,48.0,26,118.6,17.8,0.492,,1
user_000277,18-25,Buenos Aires,Móvil,Basic,207,1,267.96,0.0,10,110.2,4.8,0.13,0.14,0
user_000278,56+,La Plata,Móvil,Free,275,37,355.3,36.0,24,14.2,11.0,0.365,4.04,0
user_000279,26-35,Otros,Móvil,Free,328,19,168.08,40.0,23,113.9,16.0,0.961,1.74,1
user_000280,26-35,Mendoza,Móvil,Premium,33,39,395.63,57.0,21,71.1,4.3,0.307,,1
user_000281,26-35,Buenos Aires,Móvil,Premium,13,36,201.88,145.0,1,22.7,7.0,0.809,36.0,0
user_000282,26-35,Rosario,Tablet,Free,52,47,48.13,88.0,10,21.0,17.8,0.089,,0
user_000283,36-45,Mendoza,Móvil,Free,3,13,132.28,17.0,11,31.5,3.1,,,0
user_000284,26-35,Córdoba,Móvil,Basic,168,24,182.1,96.0,3,99.6,16.0,0.578,4.29,0
user_000285,26-35,Córdoba,Desktop,Free,14,1,166.17,26.0,2,41.7,17.9,0.161,1.0,0
user_000286,,La Plata,Móvil,Basic,327,39,447.68,180.0,0,52.3,13.4,0.607,3.58,0
user_000287,18-25,Buenos Aires,Móvil,Free,143,44,281.52,138.0,8,79.6,6.7,,,0
user_000288,36-45,La Plata,Móvil,Free,164,27,52.94,169.0,20,72.4,4.8,0.026,4.94,0
user_000289,36-45,Otros,Móvil,Free,278,50,204.76,125.0,28,79.7,2.7,0.544,,0
user_000290,26-35,Córdoba,Móvil,Free,271,28,237.88,57.0,26,33.0,2.2,0.752,3.1,1
user_000291,,Rosario,Desktop,Basic,24,48,298.97,141.0,1,101.1,16.5,0.419,48.0,1
user_000292,,,Móvil,Free,91,19,48.69,8.0,16,69.0,10.8,0.571,6.26,1
user_000293,18-25,Otros,Móvil,Premium,48,10,486.36,49.0,4,6.1,2.5,0.683,6.25,0
user_000294,56+,Rosario,Desktop,Free,262,46,457.95,17.0,2,47.2,8.5,,5.27,0
user_000295,36-45,Otros,Móvil,Premium,224,37,266.06,107.0,3,50.3,3.8,,4.96,1
user_000296,56+,Rosario,Móvil,Free,314,34,441.27,105.0,8,46.6,10.2,0.609,3.25,0
user_000297,18-25,Córdoba,Desktop,Basic,346,25,29.0,84.0,22,29.3,15.2,0.921,2.17,0
user_000298,18-25,La Plata,Móvil,Free,175,31,430.54,175.0,3,116.7,5.3,0.3,,1
user_000299,46-55,Buenos Aires,Desktop,Basic,139,5,102.09,54.0,29,99.1,15.1,0.759,1.08,1
user_000300,46-55,Córdoba,Móvil,Free,174,32,207.66,134.0,28,68.7,4.3,0.875,5.52,0
user_000301,46-55,Buenos Aires,Móvil,Premium,263,45,107.56,94.0,26,56.2,8.5,0.923,5.13,1
user_000302,18-25,Córdoba,Móvil,Free,17,30,297.57,89.0,11,20.5,18.0,0.749,30.0,0
user_000303,18-25,Buenos Aires,Móvil,Premium,13,49,482.81,56.0,20,27.8,4.9,0.652,,0
user_000304,18-25,Mendoza,Desktop,Free,103,8,327.21,153.0,25,2.0,5.8,0.805,2.33,1
user_000305,36-45,Mendoza,Móvil,Premium,209,22,234.91,55.0,14,37.0,10.9,0.624,3.16,1
user_000306,18-25,Córdoba,Desktop,Premium,66,23,285.11,152.0,19,34.6,14.0,0.482,10.45,0
user_000307,56+,Rosario,Desktop,Free,193,45,476.57,166.0,9,23.4,10.8,0.24,6.99,1
user_000308,46-55,La Plata,Desktop,Basic,336,43,78.57,6.0,20,60.2,6.6,0.907,3.84,0
user_000309,26-35,Buenos Aires,Desktop,Basic,158,12,178.15,56.0,21,64.6,15.9,0.907,2.28,1
user_000310,26-35,Buenos Aires,Móvil,Basic,22,35,98.76,24.0,15,16.2,5.9,,35.0,1
user_000311,56+,La Plata,Desktop,Free,272,14,374.66,78.0,13,94.8,7.3,0.261,1.54,1
user_000312,26-35,Buenos Aires,Móvil,Basic,215,37,472.71,18.0,15,106.8,10.5,0.867,5.16,1
user_000313,,Córdoba,Desktop,Free,170,12,177.91,145.0,28,108.9,9.7,0.316,2.12,1
user_000314,46-55,Córdoba,Desktop,Free,273,40,38.43,115.0,8,25.9,15.7,0.576,,1
user_000315,26-35,Mendoza,Móvil,Basic,284,40,220.41,109.0,30,57.8,1.1,0.534,4.23,0
user_000316,56+,La Plata,,Basic,174,1,341.61,160.0,23,30.6,14.2,0.344,,0
user_000317,18-25,Córdoba,Móvil,Free,299,2,156.12,74.0,14,87.6,12.3,0.338,0.2,1
user_000318,56+,Buenos Aires,Tablet,Free,14,12,90.79,103.0,0,28.2,14.8,0.131,12.0,1
user_000319,36-45,Buenos Aires,Móvil,Basic,354,2,193.84,163.0,8,92.8,12.8,0.594,0.17,1
user_000320,36-45,Rosario,Móvil,Basic,341,26,227.71,31.0,17,,14.3,,2.29,1
user_000321,36-45,Buenos Aires,Desktop,Basic,14,17,315.17,179.0,4,50.8,18.1,0.512,17.0,1
user_000322,18-25,Buenos Aires,Móvil,Free,49,12,391.2,,6,43.6,8.8,,7.35,0
user_000323,26-35,Buenos Aires,Tablet,Free,85,0,16.25,999.0,2,108.9,16.9,0.669,0.0,0
user_000324,56+,,Móvil,,289,16,325.73,116.0,9,32.4,2.0,,1.66,1
user_000325,46-55,Córdoba,Desktop,Basic,345,7,56.55,11.0,0,102.4,13.6,,0.61,1
user_000326,46-55,Otros,Móvil,Premium,182,23,409.33,46.0,3,48.7,19.3,0.272,,0
user_000327,36-45,Córdoba,Móvil,Premium,168,10,65.4,178.0,23,8.0,18.9,0.159,1.79,1
user_000328,56+,Córdoba,Móvil,Basic,152,39,196.08,91.0,19,4.4,14.0,0.839,7.7,1
user_000329,26-35,Córdoba,Desktop,Basic,299,4,138.19,80.0,0,,13.9,0.768,,0
user_000330,36-45,Buenos Aires,Tablet,Premium,70,33,266.32,179.0,19,12.3,13.6,0.249,14.14,1
user_000331,36-45,Rosario,Móvil,Premium,188,39,36.74,164.0,29,19.7,17.1,0.852,6.22,1
user_000332,18-25,Córdoba,Móvil,Enterprise,281,3,258.4,140.0,20,46.1,16.5,0.079,0.32,0
user_000333,,Córdoba,Desktop,Basic,138,7,490.53,167.0,0,13.2,8.8,0.557,1.52,1
user_000334,46-55,Mendoza,Tablet,Basic,365,32,285.54,167.0,21,55.3,7.5,,2.63,1
user_000335,,Buenos Aires,Desktop,Basic,251,45,332.01,115.0,3,12.6,13.5,0.002,,0
user_000336,,Otros,Móvil,Basic,184,44,62.1,42.0,15,17.7,14.6,0.722,7.17,0
user_000337,26-35,Buenos Aires,Móvil,Premium,311,13,233.95,48.0,22,41.2,15.4,0.047,1.25,0
user_000338,46-55,Rosario,Desktop,Basic,41,42,298.76,129.0,4,115.7,1.1,0.736,30.73,1
user_000339,56+,La Plata,Móvil,Basic,82,11,348.99,44.0,23,98.0,3.0,0.658,4.02,1
user_000340,46-55,Córdoba,Móvil,Enterprise,55,44,383.56,70.0,12,115.7,19.4,0.453,,0
user_000341,18-25,Rosario,Desktop,Basic,297,44,278.42,80.0,22,88.7,11.5,0.217,,0
user_000342,36-45,Buenos Aires,Móvil,Basic,258,45,328.54,45.0,16,65.6,13.1,0.71,5.23,1
user_000343,36-45,Rosario,Tablet,Premium,185,43,376.46,136.0,9,105.4,9.0,0.013,6.97,0
user_000344,18-25,Buenos Aires,Desktop,Free,311,48,394.91,73.0,21,30.8,16.9,0.691,4.63,1
user_000345,26-35,Córdoba,Móvil,Basic,214,39,435.34,143.0,27,27.7,13.3,0.389,5.47,1
user_000346,46-55,Mendoza,Móvil,Basic,104,24,199.9,175.0,10,,2.0,,,0
user_000347,36-45,Mendoza,Desktop,Premium,262,40,355.27,165.0,11,90.9,11.4,0.603,4.58,0
user_000348,,Buenos Aires,Desktop,Free,266,11,370.19,30.0,12,,6.3,0.264,1.24,1
user_000349,36-45,Buenos Aires,Móvil,Premium,283,9,29.57,82.0,19,7.1,18.7,0.616,0.95,0
user_000350,26-35,Mendoza,Móvil,Free,27,45,165.75,56.0,30,,2.3,0.505,45.0,1
user_000351,36-45,Córdoba,Móvil,Premium,153,42,172.62,92.0,9,27.0,15.3,0.53,,0
user_000352,46-55,Otros,Móvil,Basic,78,28,127.77,164.0,19,110.3,5.6,0.04,,0
user_000353,26-35,Mendoza,Móvil,Free,201,46,148.59,132.0,26,92.7,10.8,0.509,6.87,0
user_000354,18-25,La Plata,Móvil,Basic,116,6,92.02,137.0,17,1.9,2.2,0.67,1.55,0
user_000355,46-55,Córdoba,Móvil,Basic,256,44,440.53,111.0,20,98.2,2.4,0.686,5.16,0
user_000356,26-35,Buenos Aires,Móvil,Free,353,50,133.43,18.0,18,98.8,18.3,0.408,4.25,1
user_000357,,Córdoba,Móvil,Basic,135,34,12.89,158.0,2,91.0,12.1,,7.56,1
user_000358,26-35,Córdoba,Móvil,Basic,328,38,52.39,112.0,12,48.0,13.6,0.474,3.48,0
user_000359,26-35,Mendoza,Desktop,Premium,92,18,480.47,36.0,9,,18.4,0.795,5.87,0
user_000360,26-35,Otros,Móvil,Basic,34,7,30.47,146.0,19,47.9,11.4,,6.18,0
user_000361,36-45,Otros,Móvil,Basic,258,41,427.21,36.0,5,22.9,12.7,0.253,4.77,1
user_000362,18-25,Mendoza,Desktop,Premium,307,35,236.02,140.0,2,35.6,2.3,0.098,3.42,0
user_000363,26-35,Buenos Aires,Móvil,Basic,68,6,149.72,17.0,28,24.0,10.2,0.328,,0
user_000364,26-35,Rosario,Móvil,Free,28,20,479.74,43.0,0,38.3,15.9,,20.0,1
user_000365,26-35,,Móvil,Premium,37,30,236.8,91.0,24,37.4,11.5,0.176,24.32,0
user_000366,18-25,Buenos Aires,Desktop,Premium,55,12,138.98,160.0,2,87.6,17.9,0.85,6.55,0
user_000367,18-25,Rosario,Móvil,Basic,42,2,280.28,139.0,28,119.8,10.0,,1.43,1
user_000368,26-35,La Plata,Móvil,Premium,178,8,237.7,130.0,2,48.2,10.5,,1.35,1
user_000369,36-45,Mendoza,,Free,51,36,474.87,168.0,27,116.2,15.0,,21.18,1
user_000370,18-25,Mendoza,Móvil,Free,182,14,30.98,,16,109.0,7.9,0.47,,0
user_000371,46-55,Buenos Aires,Desktop,Free,133,33,320.45,70.0,26,89.3,12.0,,7.44,1
user_000372,,Córdoba,Desktop,Premium,173,33,133.28,57.0,16,49.3,16.5,0.345,5.72,1
user_000373,46-55,Buenos Aires,Desktop,Basic,119,14,47.77,164.0,8,26.2,4.6,0.362,3.53,0
user_000374,36-45,Córdoba,Móvil,Free,305,43,244.62,53.0,18,20.2,16.8,0.022,4.23,1
user_000375,18-25,Rosario,Móvil,Basic,343,36,81.96,42.0,8,110.8,10.8,0.405,,1
user_000376,36-45,La Plata,Desktop,Premium,77,5,116.13,155.0,15,104.2,4.2,0.83,,0
user_000377,18-25,Rosario,Desktop,Basic,58,32,139.62,175.0,10,,12.3,0.069,16.55,0
user_000378,,Buenos Aires,Móvil,Premium,172,32,345.34,38.0,19,12.5,10.0,0.615,5.58,0
user_000379,46-55,Córdoba,Desktop,Free,346,42,73.86,154.0,17,99.5,18.0,0.775,3.64,0
user_000380,26-35,Córdoba,Desktop,Basic,33,27,122.45,123.0,25,92.5,7.7,0.805,24.55,1
user_000381,36-45,Córdoba,Móvil,Premium,9,5,148.8,139.0,13,31.7,1.1,,5.0,0
user_000382,36-45,Buenos Aires,Móvil,Basic,362,44,404.1,104.0,11,13.7,9.1,0.585,3.65,1
user_000383,46-55,Córdoba,Móvil,Free,232,43,204.75,52.0,13,66.7,11.6,,5.56,1
user_000384,36-45,Buenos Aires,Móvil,Free,79,45,205.08,35.0,27,103.8,3.3,0.23,17.09,0
user_000385,56+,Buenos Aires,Móvil,Premium,7,35,310.87,175.0,22,,8.4,0.636,35.0,0
user_000386,46-55,Córdoba,Desktop,Free,319,16,118.67,20.0,19,,8.3,0.984,1.5,1
user_000387,36-45,Buenos Aires,Tablet,Free,51,49,411.91,163.0,15,53.2,4.8,0.657,28.82,0
user_000388,26-35,Buenos Aires,Móvil,Basic,100,14,311.44,172.0,1,43.8,13.4,,4.2,0
user_000389,56+,Mendoza,Móvil,Free,321,37,108.15,3.0,23,,18.5,0.55,3.46,0
user_000390,56+,Buenos Aires,Tablet,Free,79,38,481.9,116.0,29,49.1,1.1,0.175,,1
user_000391,18-25,Buenos Aires,Móvil,Premium,106,32,478.79,137.0,26,95.4,5.8,0.443,9.06,0
user_000392,36-45,Mendoza,Desktop,Enterprise,172,29,343.98,150.0,27,4.3,3.2,0.068,5.06,0
user_000393,46-55,Buenos Aires,Desktop,Premium,41,26,478.17,132.0,17,,16.8,0.248,19.02,0
user_000394,26-35,Mendoza,Móvil,Basic,318,11,243.51,90.0,6,107.4,6.1,0.947,1.04,0
user_000395,56+,Buenos Aires,Desktop,Free,16,15,437.64,52.0,7,25.1,5.7,,15.0,0
user_000396,46-55,Buenos Aires,Móvil,Enterprise,286,31,310.78,138.0,30,6.0,10.2,0.621,3.25,1
user_000397,46-55,La Plata,Móvil,Free,113,11,492.35,130.0,8,48.3,15.3,,2.92,0
user_000398,46-55,Córdoba,Móvil,Basic,96,25,431.6,44.0,14,117.2,14.3,0.46,7.81,0
user_000399,18-25,Rosario,Móvil,Free,13,23,310.26,66.0,5,66.3,5.5,0.471,23.0,0
user_000400,26-35,Buenos Aires,Móvil,Basic,52,48,192.43,102.0,8,54.6,11.9,0.979,27.69,0
user_000401,26-35,Buenos Aires,Móvil,Free,14,27,429.59,50.0,4,96.2,15.0,0.473,,0
user_000402,18-25,Córdoba,Tablet,Premium,361,33,271.65,80.0,25,58.9,5.8,0.859,2.74,1
user_000403,26-35,Rosario,Móvil,,341,30,421.1,24.0,14,89.6,5.9,0.36,2.64,0
user_000404,56+,Buenos Aires,Móvil,Free,80,43,481.93,50.0,18,69.5,13.3,0.175,16.12,1
user_000405,26-35,Rosario,Móvil,Premium,220,5,196.72,73.0,14,,3.8,0.168,,1
user_000406,26-35,Rosario,Móvil,Premium,193,5,89.38,58.0,10,38.7,6.5,,0.78,0
user_000407,26-35,La Plata,Desktop,Premium,35,47,297.59,115.0,13,20.9,17.2,0.125,40.29,1
user_000408,,Otros,Desktop,Free,245,10,204.55,24.0,2,112.5,10.0,0.054,,0
user_000409,36-45,Otros,Móvil,Basic,162,5,330.87,99.0,9,,15.0,0.443,0.93,0
user_000410,18-25,La Plata,Móvil,Basic,301,20,433.48,119.0,27,65.3,6.2,,1.99,0
user_000411,36-45,Rosario,Móvil,Premium,8,36,223.14,163.0,20,64.5,18.3,0.482,36.0,1
user_000412,46-55,Córdoba,Móvil,Free,249,19,15.17,133.0,26,91.2,3.6,0.287,2.29,0
user_000413,18-25,Otros,Tablet,Basic,92,0,385.28,999.0,25,35.9,5.4,0.007,0.0,0
user_000414,18-25,La Plata,Móvil,Free,174,45,371.19,99.0,26,,6.0,0.422,7.76,1
user_000415,36-45,Mendoza,Desktop,Basic,243,17,149.49,136.0,25,33.0,4.6,0.068,2.1,1
user_000416,26-35,Rosario,Desktop,Free,296,39,251.08,82.0,0,19.1,19.4,0.022,3.95,1
user_000417,26-35,Buenos Aires,Móvil,Free,313,5,83.84,126.0,6,41.7,6.9,0.799,0.48,0
user_000418,26-35,Mendoza,Móvil,Premium,175,9,37.46,100.0,2,65.6,4.5,,1.54,1
user_000419,46-55,La Plata,Móvil,Premium,237,15,198.55,113.0,7,88.8,1.6,0.461,1.9,0
user_000420,36-45,Otros,Móvil,Basic,317,19,468.75,40.0,20,87.7,15.1,0.55,1.8,1
user_000421,26-35,Rosario,Móvil,Premium,303,42,116.72,28.0,7,76.3,7.2,0.167,4.16,0
user_000422,36-45,Córdoba,Móvil,Enterprise,224,37,393.9,121.0,22,71.9,8.1,0.089,4.96,0
user_000423,26-35,Rosario,Móvil,Enterprise,285,48,316.31,15.0,11,77.7,14.3,0.791,5.05,1
user_000424,26-35,Buenos Aires,Móvil,Basic,301,22,404.71,112.0,23,24.0,14.1,0.358,2.19,1
user_000425,26-35,Buenos Aires,Desktop,Basic,297,34,351.55,48.0,18,23.2,7.6,,3.43,1
user_000426,46-55,Rosario,Desktop,Free,225,33,85.96,75.0,26,,8.0,0.001,4.4,1
user_000427,36-45,Mendoza,Desktop,Basic,39,23,390.25,61.0,10,86.8,13.5,0.539,,0
user_000428,18-25,Rosario,Desktop,Free,167,18,168.07,164.0,10,14.1,10.9,0.067,,1
user_000429,18-25,Buenos Aires,Móvil,Free,299,2,289.8,99.0,21,59.3,12.9,0.59,0.2,1
user_000430,26-35,Rosario,,Premium,340,13,331.32,20.0,14,96.3,2.2,0.558,1.15,0
user_000431,46-55,Mendoza,Móvil,Basic,153,33,29.92,18.0,26,37.2,18.9,0.961,,0
user_000432,18-25,Buenos Aires,Móvil,Free,316,42,131.89,160.0,30,22.3,15.2,0.415,3.99,1
user_000433,46-55,Rosario,Desktop,Premium,311,27,442.58,42.0,25,22.5,8.6,,2.6,1
user_000434,36-45,Rosario,Tablet,Premium,285,35,495.82,83.0,27,45.2,15.5,0.431,3.68,1
user_000435,36-45,Rosario,Móvil,Premium,200,47,134.5,115.0,14,,1.0,0.035,7.05,0
user_000436,36-45,Córdoba,Tablet,Free,220,19,492.35,54.0,27,38.5,15.7,0.943,2.59,0
user_000437,56+,Córdoba,Móvil,Basic,224,6,28.49,91.0,4,,8.0,0.582,0.8,0
user_000438,26-35,Buenos Aires,Móvil,Basic,246,13,369.79,83.0,25,58.4,10.3,0.899,,0
user_000439,36-45,Otros,Móvil,Free,6,46,406.09,97.0,2,93.8,18.5,0.334,46.0,0
user_000440,26-35,La Plata,Desktop,Free,143,41,426.24,2.0,20,93.5,8.3,0.305,8.6,1
user_000441,26-35,Rosario,Móvil,Basic,344,9,34.75,100.0,14,90.6,11.9,0.09,0.78,0
user_000442,26-35,Córdoba,Móvil,Free,144,36,375.2,140.0,12,32.2,8.6,,7.5,1
user_000443,18-25,Buenos Aires,Móvil,Basic,8,41,289.95,143.0,19,119.7,11.0,0.242,41.0,0
user_000444,46-55,Buenos Aires,Tablet,Free,229,42,212.66,93.0,11,23.7,7.5,,,1
user_000445,18-25,Buenos Aires,Desktop,Premium,209,39,81.45,11.0,29,98.4,4.8,,5.6,1
user_000446,18-25,Buenos Aires,Tablet,Premium,322,18,16.73,177.0,25,14.2,9.6,,1.68,1
user_000447,36-45,Buenos Aires,Móvil,Premium,258,35,246.68,36.0,22,84.2,1.3,0.583,4.07,0
user_000448,36-45,Buenos Aires,Móvil,Free,26,44,312.8,13.0,14,78.9,1.2,0.389,44.0,0
user_000449,36-45,Otros,Móvil,Free,227,18,435.03,166.0,12,,8.2,0.977,,1
user_000450,56+,Córdoba,Móvil,Free,315,12,255.32,117.0,17,111.2,1.4,0.247,1.14,0
user_000451,26-35,Córdoba,Desktop,Free,94,43,182.44,160.0,9,29.1,19.6,0.501,,0
user_000452,36-45,La Plata,Desktop,Premium,334,1,472.63,71.0,7,19.1,18.0,,0.09,1
user_000453,36-45,Córdoba,Desktop,Premium,321,43,121.44,61.0,18,19.2,19.4,0.91,4.02,0
user_000454,26-35,Buenos Aires,Desktop,Basic,197,43,402.05,35.0,9,82.9,18.1,,6.55,0
user_000455,56+,Otros,Móvil,Premium,145,10,165.57,142.0,17,113.9,3.2,0.318,2.07,0
user_000456,36-45,Mendoza,Desktop,Basic,291,26,158.64,163.0,29,,3.9,,2.68,0
user_000457,,Mendoza,Desktop,Free,298,36,310.06,152.0,7,28.5,1.5,0.079,3.62,0
user_000458,18-25,La Plata,Móvil,Basic,121,11,427.54,125.0,15,17.4,4.7,0.032,2.73,1
user_000459,56+,,Móvil,Basic,358,12,381.31,16.0,5,111.3,19.7,0.867,1.01,1
user_000460,36-45,La Plata,Desktop,Basic,115,49,30.49,97.0,23,38.2,12.6,,12.78,1
user_000461,36-45,Rosario,Desktop,Free,61,6,231.29,10.0,28,119.5,10.9,0.396,,0
user_000462,36-45,Córdoba,Desktop,Free,345,18,225.38,77.0,24,99.5,9.8,0.422,,0
user_000463,56+,Rosario,Tablet,Basic,52,41,231.33,128.0,3,,12.1,,23.65,0
user_000464,18-25,Córdoba,Móvil,Free,86,37,449.34,51.0,28,55.1,5.8,0.692,12.91,1
user_000465,46-55,Mendoza,Móvil,Free,1,28,320.7,21.0,16,85.2,14.8,,28.0,0
user_000466,56+,Córdoba,Móvil,Premium,52,21,287.09,168.0,27,18.9,17.5,0.179,12.12,0
user_000467,18-25,Buenos Aires,Desktop,Enterprise,1,18,316.96,30.0,28,16.7,4.9,0.623,18.0,1
user_000468,18-25,Córdoba,Móvil,Premium,236,38,442.52,60.0,6,71.1,10.0,0.41,4.83,0
user_000469,36-45,Buenos Aires,Desktop,Free,325,40,283.2,53.0,1,23.0,2.0,,,0
user_000470,46-55,Rosario,Desktop,Free,291,5,34.03,106.0,5,20.2,6.4,0.661,0.52,0
user_000471,,Mendoza,Móvil,Basic,7,37,186.49,9.0,2,92.5,7.1,,,1
user_000472,46-55,La Plata,Móvil,Basic,331,7,350.36,70.0,10,63.7,11.0,0.696,0.63,1
user_000473,,Rosario,Tablet,Basic,52,5,246.99,176.0,19,112.1,19.7,,2.88,0
user_000474,46-55,Buenos Aires,Móvil,Basic,54,8,311.0,127.0,16,87.8,10.5,,4.44,1
user_000475,26-35,Buenos Aires,Móvil,Free,53,29,316.48,30.0,23,101.9,16.2,0.999,16.42,0
user_000476,18-25,Buenos Aires,Desktop,Free,154,40,108.58,72.0,8,95.0,6.8,0.507,7.79,0
user_000477,46-55,Buenos Aires,Móvil,Free,200,36,311.84,7.0,26,21.9,7.3,0.338,5.4,1
user_000478,26-35,Córdoba,Móvil,Free,21,9,317.33,137.0,28,40.9,15.9,,,0
user_000479,46-55,Buenos Aires,Desktop,Free,337,34,19.17,147.0,21,,18.4,0.796,,0
user_000480,56+,Buenos Aires,Móvil,Enterprise,332,40,271.79,42.0,18,73.1,4.6,0.117,3.61,1
user_000481,36-45,Buenos Aires,Móvil,Basic,208,31,439.75,,14,99.7,6.7,,,0
user_000482,18-25,Mendoza,Desktop,Premium,276,28,257.94,123.0,28,60.5,4.6,0.924,3.04,1
user_000483,26-35,Buenos Aires,Desktop,Free,97,33,341.59,33.0,6,87.2,9.7,0.714,,1
user_000484,18-25,Buenos Aires,Móvil,Premium,98,5,173.31,11.0,3,62.9,13.5,0.312,,0
user_000485,46-55,Rosario,Móvil,Free,70,18,145.56,81.0,24,53.5,3.2,0.149,7.71,1
user_000486,18-25,Otros,Móvil,Free,225,34,181.66,81.0,8,,14.4,0.283,4.53,0
user_000487,,,Desktop,Basic,240,3,73.74,120.0,28,81.4,3.0,0.054,0.38,1
user_000488,26-35,Mendoza,Desktop,Basic,147,44,352.69,157.0,11,38.2,16.5,0.713,8.98,0
user_000489,46-55,Buenos Aires,Tablet,Premium,22,36,74.58,178.0,14,,6.9,0.644,36.0,0
user_000490,26-35,Otros,Móvil,Premium,127,16,457.3,100.0,5,84.3,13.6,0.789,,1
user_000491,26-35,Buenos Aires,Móvil,Free,199,29,424.43,72.0,24,42.5,11.9,0.508,4.37,1
user_000492,46-55,,Móvil,Basic,158,50,158.04,118.0,12,71.3,5.5,0.244,9.49,0
user_000493,56+,Córdoba,Móvil,Premium,284,37,221.26,111.0,18,94.7,11.3,0.236,,0
user_000494,36-45,Mendoza,Desktop,Premium,26,7,300.16,118.0,10,67.1,16.6,0.176,7.0,0
user_000495,18-25,Buenos Aires,Desktop,Premium,158,24,170.43,165.0,21,8.3,5.1,0.139,4.56,1
user_000496,56+,Rosario,Móvil,Free,68,9,231.96,74.0,12,74.3,9.5,0.206,,0
user_000497,26-35,Mendoza,Desktop,Premium,203,27,361.72,88.0,2,70.3,12.6,0.51,3.99,0
user_000498,46-55,Buenos Aires,Tablet,Enterprise,300,0,354.64,999.0,26,117.5,3.1,0.282,0.0,1
user_000499,26-35,Mendoza,Móvil,Free,350,24,208.96,111.0,17,26.1,4.3,0.139,2.06,0
user_000500,26-35,Otros,Desktop,Free,81,42,71.52,2.0,2,78.2,3.7,0.885,15.56,0
user_000501,26-35,Otros,Móvil,Basic,29,26,431.47,178.0,19,111.7,12.8,,26.0,1
user_000502,36-45,,Móvil,Free,148,38,13.64,127.0,27,88.0,14.5,0.269,7.7,1
user_000503,36-45,Buenos Aires,Móvil,Basic,86,23,65.45,123.0,30,83.2,3.7,0.731,8.02,1
user_000504,26-35,Buenos Aires,Desktop,Free,222,30,319.02,169.0,30,80.6,14.0,,4.05,0
user_000505,26-35,Buenos Aires,Móvil,Premium,69,30,232.48,120.0,18,88.3,9.0,0.961,13.04,0
user_000506,26-35,Buenos Aires,Tablet,Premium,215,46,394.66,66.0,1,75.9,12.0,0.573,6.42,0
user_000507,56+,La Plata,Desktop,Free,29,5,72.14,19.0,27,94.3,5.8,0.616,,0
user_000508,46-55,Buenos Aires,Móvil,Free,225,37,372.09,168.0,14,45.0,4.3,,,0
user_000509,26-35,Mendoza,Desktop,Free,245,5,484.0,152.0,29,98.8,16.9,,,1
user_000510,46-55,Buenos Aires,Móvil,Basic,154,13,293.1,88.0,1,77.4,15.4,,2.53,0
user_000511,26-35,Córdoba,Móvil,Premium,280,34,124.49,174.0,22,47.4,6.0,0.53,3.64,0
user_000512,18-25,Otros,Móvil,Basic,143,33,344.61,10.0,3,110.2,13.1,0.956,6.92,1
user_000513,36-45,Rosario,Móvil,Free,144,6,135.12,149.0,12,55.9,13.8,0.242,,0
user_000514,36-45,Buenos Aires,Móvil,Basic,21,11,163.5,2.0,21,2.0,2.3,,11.0,0
user_000515,,Córdoba,Móvil,Free,97,12,26.68,158.0,2,,12.3,0.894,3.71,0
user_000516,,Rosario,Desktop,Free,254,38,73.65,168.0,24,108.1,11.8,0.967,4.49,1
user_000517,36-45,Buenos Aires,Móvil,Premium,309,40,232.19,70.0,24,51.8,18.2,0.77,3.88,1
user_000518,26-35,Mendoza,Móvil,Free,200,24,173.0,15.0,8,114.7,6.0,0.441,3.6,1
user_000519,56+,Buenos Aires,Móvil,Basic,114,6,80.5,110.0,6,74.1,3.0,0.442,1.58,0
user_000520,18-25,Buenos Aires,Móvil,,233,28,19.19,127.0,4,78.7,1.0,,,1
user_000521,26-35,Mendoza,Tablet,Basic,166,32,356.73,125.0,15,52.9,17.0,0.781,5.78,0
user_000522,36-45,Buenos Aires,Tablet,Premium,330,30,69.39,137.0,29,119.0,7.3,0.303,,0
user_000523,36-45,Otros,Móvil,Basic,337,21,49.42,117.0,24,92.2,13.3,0.177,1.87,1
user_000524,56+,Rosario,Móvil,Free,345,6,319.0,91.0,15,11.1,13.0,0.735,0.52,1
user_000525,18-25,Buenos Aires,Tablet,Free,294,24,40.87,138.0,20,37.6,11.1,0.834,,0
user_000526,56+,Buenos Aires,Móvil,Free,135,46,30.98,30.0,6,97.0,13.7,0.458,10.22,0
user_000527,46-55,Córdoba,Desktop,Free,18,4,28.07,36.0,15,78.8,10.0,0.918,4.0,0
user_000528,26-35,Rosario,Móvil,Basic,342,19,412.16,24.0,14,73.7,16.9,0.064,1.67,1
user_000529,18-25,Rosario,Desktop,Free,311,12,218.84,173.0,12,39.6,19.5,0.576,1.16,1
user_000530,26-35,Otros,Móvil,Free,295,11,174.4,30.0,8,17.8,8.9,0.696,1.12,1
user_000531,18-25,Buenos Aires,Móvil,Free,82,50,425.21,156.0,12,93.5,1.3,0.487,18.29,1
user_000532,18-25,Otros,Desktop,Basic,362,18,213.95,121.0,22,16.1,3.7,0.271,1.49,0
user_000533,26-35,Otros,Desktop,Free,135,11,361.43,156.0,30,11.5,16.7,0.301,2.44,1
user_000534,18-25,Buenos Aires,Móvil,Basic,151,6,313.27,138.0,16,27.1,15.6,0.659,,0
user_000535,18-25,Buenos Aires,Móvil,Premium,224,30,253.78,40.0,21,,2.0,0.364,4.02,0
user_000536,26-35,Buenos Aires,Desktop,Premium,258,2,61.17,13.0,29,64.9,4.0,0.029,0.23,1
user_000537,18-25,La Plata,Desktop,Basic,102,20,215.34,173.0,28,39.8,15.8,0.326,5.88,1
user_000538,26-35,Córdoba,Móvil,Premium,315,4,240.79,124.0,1,107.0,3.8,0.928,0.38,1
user_000539,18-25,Córdoba,,Free,133,22,488.02,51.0,10,16.1,14.2,0.06,4.96,1
user_000540,18-25,Córdoba,Móvil,Premium,296,14,444.34,154.0,5,95.0,13.1,0.612,1.42,0
user_000541,36-45,Rosario,Móvil,Basic,278,33,249.71,55.0,18,57.3,9.8,0.015,3.56,1
user_000542,36-45,Buenos Aires,Móvil,Basic,146,37,473.66,146.0,28,1.6,19.6,0.04,7.6,0
user_000543,36-45,Córdoba,Móvil,Free,125,44,412.43,115.0,15,29.6,11.6,0.012,10.56,0
user_000544,56+,Buenos Aires,Móvil,Basic,157,5,17.81,171.0,9,20.3,9.7,0.57,0.96,0
user_000545,18-25,Córdoba,Desktop,Premium,67,25,100.62,94.0,20,56.3,13.0,0.86,,1
user_000546,26-35,Rosario,Móvil,Free,329,48,142.2,156.0,17,69.5,4.9,0.685,,0
user_000547,46-55,Mendoza,Móvil,Premium,48,43,188.36,13.0,3,46.6,9.8,0.041,,0
user_000548,18-25,Rosario,Móvil,Premium,178,13,77.82,85.0,7,65.2,13.3,0.737,2.19,1
user_000549,46-55,Mendoza,Desktop,Premium,68,20,182.83,68.0,16,81.9,6.3,0.063,8.82,0
user_000550,26-35,Córdoba,Desktop,Basic,189,34,342.37,136.0,28,35.8,12.8,0.8,5.4,1
user_000551,46-55,Otros,Móvil,Premium,11,29,52.78,100.0,28,22.3,19.2,0.077,29.0,0
user_000552,26-35,Rosario,Móvil,Premium,281,33,476.53,5.0,9,50.6,14.0,0.932,3.52,1
user_000553,26-35,Córdoba,Desktop,Free,123,4,20.8,59.0,26,113.7,13.2,0.412,0.98,0
user_000554,36-45,Mendoza,Móvil,Basic,190,33,422.53,113.0,14,37.2,3.5,,,0
user_000555,46-55,Buenos Aires,Móvil,,278,3,82.69,72.0,14,,12.8,0.161,,0
user_000556,26-35,Otros,Desktop,Basic,91,42,399.28,41.0,7,14.9,19.9,0.575,13.85,0
user_000557,26-35,Buenos Aires,Móvil,Free,140,20,489.23,37.0,11,54.4,19.5,0.534,4.29,0
user_000558,,Córdoba,Móvil,Free,303,29,464.63,39.0,0,116.4,11.4,0.507,2.87,1
user_000559,36-45,Córdoba,Móvil,Premium,34,36,336.77,144.0,23,108.9,9.4,0.689,31.76,0
user_000560,56+,Buenos Aires,Móvil,Free,120,25,312.59,56.0,14,43.5,7.2,0.608,6.25,1
user_000561,36-45,Buenos Aires,Tablet,Free,266,1,50.96,114.0,21,80.9,2.7,0.512,0.11,1
user_000562,26-35,Rosario,Móvil,Free,266,42,186.92,37.0,22,102.6,8.0,0.373,,1
user_000563,26-35,Buenos Aires,Móvil,Basic,220,13,366.65,113.0,23,,16.3,0.289,1.77,0
user_000564,,Córdoba,Desktop,Basic,148,9,111.81,121.0,27,63.5,7.4,0.933,,0
user_000565,46-55,Buenos Aires,Móvil,Premium,63,26,95.7,118.0,22,68.6,18.4,,,1
user_000566,26-35,Córdoba,Desktop,Free,170,37,158.92,143.0,23,56.2,1.5,0.002,6.53,1
user_000567,26-35,Rosario,Desktop,Free,231,42,447.42,106.0,5,59.5,14.1,0.245,5.45,0
user_000568,46-55,Córdoba,Tablet,Basic,304,23,294.72,144.0,13,104.3,12.9,,2.27,0
user_000569,46-55,Córdoba,Desktop,Free,10,16,89.8,14.0,4,39.0,17.7,0.135,16.0,0
user_000570,18-25,Córdoba,Desktop,Enterprise,282,3,152.03,135.0,20,112.4,10.8,0.766,0.32,0
user_000571,46-55,Rosario,Móvil,Free,272,20,415.14,175.0,25,,14.0,0.688,2.21,1
user_000572,36-45,Córdoba,Móvil,Free,316,18,192.78,124.0,13,41.5,18.3,0.102,,1
user_000573,36-45,La Plata,,Basic,286,44,417.39,,27,64.3,11.5,0.756,4.62,0
user_000574,26-35,Otros,Móvil,Free,307,1,244.96,79.0,22,44.1,16.5,0.89,0.1,1
user_000575,36-45,Otros,Móvil,Free,60,47,409.14,56.0,4,103.0,3.7,0.227,23.5,0
user_000576,26-35,Otros,Móvil,Premium,301,7,48.09,123.0,24,52.3,4.7,0.033,0.7,0
user_000577,36-45,Buenos Aires,Móvil,Free,28,4,157.81,2.0,24,12.5,3.4,0.602,4.0,1
user_000578,56+,Buenos Aires,Móvil,Free,65,47,471.5,148.0,11,42.9,17.2,0.781,,0
user_000579,26-35,Rosario,Móvil,Basic,52,0,269.13,999.0,22,23.8,6.4,0.902,0.0,1
user_000580,18-25,Mendoza,Tablet,Premium,90,45,242.61,178.0,18,,13.8,0.107,,0
user_000581,56+,Córdoba,Móvil,Basic,184,48,492.46,31.0,14,14.1,3.6,0.762,7.83,1
user_000582,26-35,Mendoza,Móvil,Basic,5,24,148.97,153.0,23,38.1,19.5,,,0
user_000583,26-35,Otros,Móvil,Premium,82,30,470.15,94.0,5,2.5,13.8,0.672,10.98,1
user_000584,26-35,Rosario,Móvil,Free,163,25,350.57,26.0,23,111.1,19.6,,4.6,1
user_000585,26-35,Rosario,Tablet,Free,264,27,365.35,71.0,24,85.9,12.1,0.273,3.07,0
user_000586,56+,Córdoba,Desktop,Enterprise,36,31,260.59,37.0,24,55.1,3.3,0.489,25.83,1
user_000587,36-45,Buenos Aires,Móvil,Free,247,4,254.09,6.0,5,46.5,13.9,0.153,0.49,0
user_000588,36-45,Mendoza,Desktop,Basic,47,31,398.44,51.0,9,79.8,10.3,,19.79,1
user_000589,46-55,Córdoba,Móvil,Premium,190,27,441.26,30.0,12,54.6,17.2,0.443,4.26,1
user_000590,18-25,Rosario,Desktop,Free,347,45,90.43,110.0,4,38.2,8.4,,3.89,1
user_000591,36-45,Rosario,Desktop,Basic,74,30,285.51,40.0,16,7.6,6.0,0.591,12.16,1
user_000592,36-45,Córdoba,Tablet,Free,172,1,299.33,32.0,26,44.6,16.4,,0.17,0
user_000593,26-35,Buenos Aires,Móvil,Free,45,22,37.66,62.0,7,28.9,6.9,,14.67,0
user_000594,18-25,Buenos Aires,Móvil,Free,13,20,28.32,168.0,27,51.3,10.8,,20.0,1
user_000595,36-45,Rosario,Tablet,Free,355,24,167.99,25.0,25,59.1,14.1,0.206,2.03,1
user_000596,36-45,Mendoza,Móvil,Basic,111,23,485.02,51.0,15,76.6,19.5,0.075,6.22,0
user_000597,26-35,Buenos Aires,Móvil,Basic,91,14,316.04,23.0,22,101.5,2.8,0.337,4.62,0
user_000598,36-45,Córdoba,Móvil,Free,331,4,329.25,77.0,16,96.7,9.2,0.54,0.36,0
user_000599,26-35,Buenos Aires,Móvil,Basic,263,35,98.49,4.0,20,84.7,17.4,,3.99,1
user_000600,,La Plata,Tablet,Free,256,40,271.03,157.0,27,92.5,9.2,,4.69,0
user_000601,18-25,Buenos Aires,Móvil,Free,45,47,345.8,76.0,27,52.8,7.1,0.83,31.33,0
user_000602,36-45,La Plata,Móvil,Free,333,10,135.66,153.0,7,49.3,3.2,0.192,0.9,1
user_000603,46-55,Buenos Aires,Móvil,Enterprise,240,27,326.99,9.0,6,20.0,3.6,0.258,3.38,1
user_000604,36-45,Buenos Aires,Desktop,Enterprise,223,31,393.29,14.0,27,,7.0,0.298,4.17,0
user_000605,56+,Córdoba,Móvil,Basic,333,5,204.48,35.0,7,14.3,15.0,,0.45,0
user_000606,36-45,Rosario,Desktop,Basic,98,31,443.44,60.0,19,,16.3,0.329,9.49,1
user_000607,36-45,La Plata,,Premium,66,13,80.7,44.0,6,116.4,9.4,0.254,5.91,1
user_000608,18-25,Córdoba,Desktop,Free,64,34,217.65,174.0,7,115.6,17.7,0.937,15.94,0
user_000609,26-35,Córdoba,Móvil,Basic,180,38,27.06,169.0,25,113.0,14.1,,6.33,1
user_000610,26-35,Córdoba,Desktop,Premium,243,43,69.81,60.0,27,53.6,1.1,,5.31,1
user_000611,,Otros,Desktop,Free,235,10,458.79,161.0,10,105.7,15.6,0.406,1.28,1
user_000612,26-35,Buenos Aires,Desktop,Basic,348,47,212.35,85.0,22,51.3,18.5,0.1,4.05,1
user_000613,36-45,Córdoba,Móvil,Basic,283,35,371.51,116.0,22,4.3,2.0,0.642,3.71,0
user_000614,26-35,Rosario,Móvil,Free,43,19,163.72,21.0,3,19.8,10.8,0.97,13.26,0
user_000615,46-55,La Plata,Desktop,Premium,33,20,231.23,34.0,8,21.6,12.3,0.328,18.18,1
user_000616,18-25,Córdoba,Móvil,Premium,221,36,120.0,5.0,29,67.5,12.6,0.229,4.89,1
user_000617,56+,Buenos Aires,Desktop,Free,320,25,312.82,153.0,8,18.8,19.2,0.17,2.34,0
user_000618,18-25,Mendoza,Móvil,Premium,75,29,415.36,126.0,3,27.7,4.9,0.946,11.6,0
user_000619,26-35,Córdoba,Móvil,Premium,229,38,115.63,72.0,23,,8.9,0.409,,0
user_000620,18-25,Otros,Móvil,Basic,291,15,191.12,175.0,20,55.5,1.2,0.133,1.55,1
user_000621,56+,Córdoba,Móvil,Free,200,27,370.69,65.0,2,12.3,2.1,0.333,4.05,1
user_000622,26-35,Córdoba,Desktop,Basic,245,38,357.69,11.0,0,31.2,12.8,0.303,4.65,1
user_000623,36-45,Buenos Aires,Desktop,Free,163,11,137.54,128.0,15,111.7,17.7,0.132,2.02,1
user_000624,36-45,Córdoba,Móvil,Free,203,8,254.61,71.0,23,43.9,9.2,0.903,1.18,1
user_000625,36-45,Mendoza,Móvil,Free,231,10,164.62,125.0,24,114.1,11.6,0.923,1.3,0
user_000626,46-55,Buenos Aires,Móvil,Free,40,2,240.42,41.0,22,,3.2,0.895,1.5,1
user_000627,18-25,Córdoba,Desktop,Basic,112,31,65.12,37.0,3,42.6,4.9,0.284,,0
user_000628,36-45,La Plata,Móvil,Basic,279,13,295.94,1.0,16,92.3,4.4,0.92,1.4,0
user_000629,,Rosario,Desktop,Free,239,43,490.85,31.0,12,45.5,18.7,0.106,5.4,1
user_000630,18-25,Buenos Aires,Desktop,Basic,200,29,317.89,68.0,19,79.3,7.3,0.044,4.35,1
user_000631,56+,Buenos Aires,Desktop,Premium,47,36,73.37,12.0,25,77.6,7.1,0.056,22.98,1
user_000632,36-45,Rosario,Móvil,Free,329,15,482.87,102.0,2,3.4,5.0,0.389,1.37,1
user_000633,26-35,Mendoza,Desktop,Free,159,31,402.54,79.0,28,82.5,3.5,,5.85,0
user_000634,36-45,Córdoba,Desktop,Basic,177,36,304.17,23.0,24,51.3,8.0,0.186,6.1,0
user_000635,26-35,Buenos Aires,Móvil,Basic,43,14,327.33,39.0,29,59.9,13.0,0.525,9.77,1
user_000636,26-35,Buenos Aires,Desktop,Free,217,8,345.31,76.0,26,30.6,9.1,0.569,1.11,0
user_000637,18-25,Buenos Aires,Móvil,Basic,83,6,237.68,145.0,26,,5.8,0.082,2.17,1
user_000638,18-25,Mendoza,Móvil,Premium,108,25,32.18,106.0,28,84.8,7.0,0.724,6.94,1
user_000639,26-35,La Plata,Móvil,Premium,22,11,113.42,20.0,23,117.9,5.9,,11.0,0
user_000640,36-45,Buenos Aires,Móvil,Free,143,30,235.48,103.0,27,79.3,15.1,0.726,6.29,1
user_000641,,Otros,Móvil,Basic,210,44,340.8,77.0,2,15.9,1.3,0.112,6.29,0
user_000642,36-45,Buenos Aires,Móvil,Basic,357,9,328.37,111.0,26,75.5,16.0,0.191,0.76,0
user_000643,46-55,Buenos Aires,Móvil,Free,211,9,372.0,113.0,30,58.7,1.4,0.45,1.28,0
user_000644,26-35,Rosario,Desktop,Free,241,0,60.31,999.0,27,85.9,19.6,0.849,0.0,1
user_000645,36-45,Rosario,Móvil,Basic,69,31,261.54,156.0,29,81.8,16.5,0.488,13.48,0
user_000646,18-25,Buenos Aires,Móvil,Basic,0,17,447.51,106.0,28,57.3,10.4,,17.0,0
user_000647,26-35,Córdoba,Móvil,Premium,188,30,178.49,59.0,16,27.1,18.3,0.339,4.79,0
user_000648,46-55,Mendoza,Móvil,Premium,57,46,358.58,106.0,26,113.0,13.4,0.36,24.21,0
user_000649,46-55,La Plata,,Free,124,47,52.23,123.0,4,21.6,4.0,0.492,11.37,0
user_000650,56+,Córdoba,Móvil,Basic,153,1,185.81,66.0,11,81.6,4.3,0.859,0.2,1
user_000651,18-25,Buenos Aires,Móvil,Basic,108,7,285.37,124.0,8,119.2,15.9,0.769,,1
user_000652,26-35,Buenos Aires,Desktop,Basic,80,42,61.03,12.0,29,113.6,16.2,,15.75,0
user_000653,56+,Mendoza,Desktop,Premium,309,6,413.57,10.0,16,13.5,13.0,,0.58,0
user_000654,18-25,Buenos Aires,Móvil,Basic,180,46,436.54,39.0,20,44.3,16.6,0.123,7.67,0
user_000655,26-35,Córdoba,Desktop,Free,262,30,177.25,129.0,5,11.1,8.1,0.755,,0
user_000656,36-45,Buenos Aires,Desktop,Basic,181,50,121.81,109.0,13,110.2,18.1,0.952,,0
user_000657,46-55,Córdoba,Móvil,Free,101,0,361.64,999.0,16,113.3,2.6,0.315,0.0,0
user_000658,26-35,Córdoba,Móvil,Premium,281,9,452.23,14.0,20,117.6,16.2,0.876,0.96,1
user_000659,26-35,La Plata,Desktop,Premium,214,46,373.92,88.0,0,99.4,18.1,,6.45,1
user_000660,36-45,Córdoba,Móvil,Basic,290,50,312.91,113.0,22,42.1,16.4,0.649,,0
user_000661,46-55,Buenos Aires,Móvil,Free,264,46,372.63,32.0,16,119.0,6.4,0.093,5.23,1
user_000662,26-35,Buenos Aires,Desktop,Free,83,50,274.57,66.0,7,100.0,6.8,0.423,18.07,0
user_000663,18-25,Buenos Aires,Móvil,Basic,107,22,70.67,166.0,30,15.8,6.7,0.737,6.17,1
user_000664,26-35,Buenos Aires,Desktop,Basic,133,45,448.23,160.0,21,64.5,12.3,0.35,10.15,1
user_000665,36-45,La Plata,Móvil,Free,220,24,264.64,63.0,3,40.0,12.1,0.823,3.27,1
user_000666,26-35,Buenos Aires,Móvil,Basic,181,5,40.47,33.0,15,26.6,2.5,0.677,0.83,0
user_000667,36-45,,Móvil,Free,159,31,321.87,112.0,22,111.8,10.3,0.973,,0
user_000668,18-25,Buenos Aires,Desktop,Free,282,45,261.46,135.0,3,,9.7,0.033,,0
user_000669,56+,Córdoba,Tablet,Basic,285,26,64.06,94.0,18,35.5,10.9,,,1
user_000670,56+,Buenos Aires,Móvil,Premium,209,9,394.06,107.0,1,112.5,6.8,,1.29,0
user_000671,46-55,Córdoba,Móvil,Free,272,2,214.61,146.0,9,68.3,18.1,,0.22,0
user_000672,46-55,La Plata,Móvil,Free,122,40,235.86,115.0,21,,17.5,,9.84,1
user_000673,36-45,Córdoba,Móvil,Free,46,34,32.45,171.0,28,53.7,6.3,,22.17,1
user_000674,36-45,Rosario,Desktop,Premium,281,35,326.13,164.0,17,11.1,19.1,0.542,,0
user_000675,56+,,Desktop,Basic,338,1,68.94,136.0,5,115.5,6.2,0.206,0.09,0
user_000676,46-55,Rosario,Móvil,Basic,4,20,206.88,11.0,15,103.6,1.4,0.437,20.0,1
user_000677,18-25,Córdoba,Móvil,Free,153,6,275.47,73.0,4,22.7,15.6,0.154,1.18,0
user_000678,36-45,Buenos Aires,Tablet,Free,157,45,38.67,99.0,3,39.1,8.8,,8.6,0
user_000679,56+,La Plata,Móvil,Free,173,38,297.15,126.0,16,90.5,8.3,0.115,6.59,0
user_000680,26-35,Rosario,Móvil,Free,334,40,124.53,4.0,8,66.9,12.1,0.102,,0
user_000681,36-45,Buenos Aires,Móvil,Basic,81,40,255.21,36.0,11,65.3,4.2,0.245,14.81,0
user_000682,56+,Rosario,Móvil,Premium,149,39,151.73,42.0,0,8.2,18.5,0.273,7.85,0
user_000683,46-55,Córdoba,Móvil,Basic,237,37,421.94,72.0,1,20.2,11.1,0.07,4.68,0
user_000684,26-35,Buenos Aires,Móvil,Basic,320,17,440.36,53.0,19,,16.2,0.884,1.59,1
user_000685,36-45,Otros,Desktop,Free,190,42,491.68,87.0,6,55.7,12.4,0.016,6.63,0
user_000686,18-25,Otros,Desktop,Free,11,0,339.63,999.0,13,67.1,14.2,,0.0,1
user_000687,36-45,Mendoza,Desktop,Free,164,1,447.36,171.0,14,81.0,7.7,0.813,,1
user_000688,26-35,Buenos Aires,Desktop,Basic,58,0,71.13,999.0,11,112.4,9.4,0.222,,0
user_000689,46-55,Rosario,Desktop,Free,355,39,316.37,56.0,7,117.6,19.4,,,1
user_000690,56+,Mendoza,Móvil,Free,113,40,204.08,71.0,18,60.5,4.2,0.194,10.62,0
user_000691,36-45,Rosario,Móvil,Basic,76,47,41.87,66.0,29,68.8,5.3,0.523,18.55,1
user_000692,18-25,Rosario,Tablet,Basic,225,34,311.08,174.0,17,,1.0,,4.53,0
user_000693,56+,Buenos Aires,Tablet,Basic,21,26,144.28,174.0,16,56.5,7.9,0.759,26.0,1
user_000694,18-25,Otros,Móvil,Free,251,25,105.36,20.0,28,69.0,1.5,0.737,2.99,1
user_000695,26-35,Buenos Aires,Móvil,Free,12,19,40.79,160.0,3,4.3,9.2,0.024,19.0,0
user_000696,56+,La Plata,Móvil,Basic,45,21,417.93,85.0,16,95.5,18.9,0.776,14.0,1
user_000697,26-35,Buenos Aires,Móvil,Free,48,3,459.19,96.0,10,106.9,14.2,,1.88,0
user_000698,56+,Córdoba,Móvil,Basic,334,4,59.9,14.0,17,7.2,17.1,0.402,,0
user_000699,46-55,Buenos Aires,Móvil,Basic,49,0,232.17,999.0,14,,17.7,0.619,0.0,0
user_000700,36-45,Rosario,Móvil,Basic,192,37,104.32,26.0,0,71.8,2.3,0.789,5.78,0
user_000701,56+,Buenos Aires,Móvil,Free,266,30,365.07,113.0,5,29.9,16.1,,3.38,0
user_000702,36-45,Córdoba,Desktop,Free,206,37,443.76,37.0,4,56.9,12.5,0.291,5.39,1
user_000703,36-45,Rosario,Móvil,Free,361,35,430.76,108.0,11,24.3,4.8,0.909,2.91,1
user_000704,26-35,Rosario,Desktop,Enterprise,330,38,349.28,148.0,18,115.6,12.7,0.419,3.45,1
user_000705,18-25,La Plata,Tablet,Basic,282,0,323.0,999.0,22,28.4,12.9,0.239,0.0,1
user_000706,46-55,Córdoba,Móvil,Premium,196,0,187.78,999.0,2,43.6,11.5,,,0
user_000707,18-25,Rosario,Desktop,Free,140,1,107.57,72.0,5,27.1,6.0,0.174,,1
user_000708,26-35,Buenos Aires,Móvil,Free,82,6,20.29,173.0,4,46.1,16.0,,2.2,0
user_000709,26-35,Buenos Aires,Desktop,Basic,258,33,488.78,159.0,28,52.6,14.5,0.118,3.84,0
user_000710,46-55,Buenos Aires,Móvil,Free,299,38,220.47,162.0,7,110.6,15.5,0.587,3.81,0
user_000711,26-35,Buenos Aires,Móvil,Basic,91,17,437.7,130.0,30,70.5,10.3,,5.6,0
user_000712,46-55,Rosario,Móvil,Free,125,41,378.06,95.0,15,62.7,4.4,0.712,,1
user_000713,36-45,Mendoza,Móvil,Free,96,25,322.67,149.0,20,,5.2,0.203,,1
user_000714,26-35,Buenos Aires,Desktop,Basic,245,23,134.72,21.0,4,90.4,6.6,,2.82,1
user_000715,36-45,Córdoba,Desktop,Basic,248,29,221.93,94.0,25,60.2,6.2,0.025,3.51,0
user_000716,26-35,Rosario,Móvil,Free,139,32,261.27,164.0,2,94.5,18.6,0.098,6.91,1
user_000717,26-35,Córdoba,Móvil,Basic,329,16,158.33,174.0,27,33.7,14.4,0.998,1.46,1
user_000718,56+,Buenos Aires,Móvil,Premium,87,50,498.45,103.0,26,,13.5,0.472,17.24,1
user_000719,56+,,Desktop,Free,103,46,377.08,121.0,7,62.4,15.9,,13.4,1
user_000720,26-35,Buenos Aires,Desktop,Basic,129,44,214.67,112.0,14,102.5,1.6,0.139,10.23,0
user_000721,26-35,Mendoza,Móvil,Basic,300,22,176.51,107.0,13,82.6,8.7,0.779,2.2,0
user_000722,26-35,Rosario,Móvil,Free,90,8,85.31,84.0,18,76.0,12.5,0.608,2.67,0
user_000723,56+,Buenos Aires,Móvil,Basic,165,12,242.64,84.0,18,115.5,13.1,,2.18,0
user_000724,18-25,Rosario,Móvil,Basic,278,31,23.15,50.0,2,109.5,8.3,,3.35,0
user_000725,36-45,Buenos Aires,Móvil,Basic,216,10,170.12,105.0,12,19.7,3.1,0.536,1.39,1
user_000726,36-45,Córdoba,Tablet,Free,121,13,161.78,170.0,15,19.9,11.9,0.31,3.22,0
user_000727,36-45,Rosario,Móvil,Free,262,9,228.41,102.0,19,97.1,11.0,0.91,,1
user_000728,26-35,Rosario,Desktop,Free,114,29,179.92,76.0,12,,16.4,0.175,7.63,1
user_000729,18-25,Rosario,Móvil,Free,238,42,99.89,145.0,3,,19.0,0.24,5.29,0
user_000730,26-35,Rosario,Móvil,Premium,285,44,366.0,55.0,29,59.7,19.9,0.553,4.63,1
user_000731,18-25,Buenos Aires,Desktop,Free,177,28,90.77,53.0,16,,1.5,0.639,4.75,1
user_000732,36-45,Córdoba,Desktop,Premium,20,25,28.51,64.0,3,85.4,3.6,0.67,25.0,1
user_000733,26-35,Buenos Aires,Móvil,Free,128,28,78.73,71.0,26,20.2,16.9,0.607,,0
user_000734,26-35,Córdoba,Móvil,Free,275,48,15.49,69.0,4,53.4,4.4,,5.24,0
user_000735,36-45,Córdoba,Móvil,Basic,20,33,324.1,168.0,28,13.2,14.1,0.444,33.0,0
user_000736,18-25,Mendoza,Desktop,Premium,59,23,455.29,51.0,2,2.9,1.5,,11.69,1
user_000737,36-45,Buenos Aires,Tablet,Free,267,42,92.26,42.0,1,50.5,3.0,0.327,4.72,0
user_000738,36-45,Rosario,Tablet,Free,78,27,69.19,54.0,3,43.4,4.3,,10.38,1
user_000739,18-25,Buenos Aires,Móvil,Basic,204,17,328.47,94.0,1,9.0,5.2,0.302,2.5,0
user_000740,26-35,Otros,Desktop,Premium,59,36,94.01,24.0,19,39.6,13.0,,,1
user_000741,18-25,Buenos Aires,Desktop,Basic,10,42,246.24,85.0,0,73.4,12.1,0.382,,1
user_000742,36-45,Córdoba,Desktop,Free,38,1,312.01,31.0,9,29.1,9.1,0.244,0.79,1
user_000743,18-25,Córdoba,Móvil,Free,325,13,324.6,60.0,29,87.3,19.8,0.444,1.2,0
user_000744,18-25,Buenos Aires,Desktop,Free,197,50,489.01,165.0,26,35.3,1.5,0.847,7.61,0
user_000745,26-35,Buenos Aires,Móvil,Premium,196,15,402.71,178.0,23,27.5,17.6,0.521,,1
user_000746,26-35,Buenos Aires,Desktop,Free,272,12,35.53,36.0,30,25.3,2.7,0.593,1.32,1
user_000747,26-35,Buenos Aires,Desktop,Free,261,46,106.79,108.0,5,73.1,6.8,0.576,5.29,1
user_000748,26-35,La Plata,Móvil,Enterprise,40,23,205.14,42.0,15,53.5,10.6,,17.25,1
user_000749,46-55,Mendoza,Móvil,Free,286,5,381.84,76.0,19,64.9,11.5,0.176,0.52,0
user_000750,26-35,,Móvil,Basic,171,4,173.28,120.0,6,19.4,4.6,0.013,0.7,0
user_000751,36-45,Córdoba,Móvil,Basic,109,25,485.54,95.0,12,59.3,13.2,0.588,6.88,1
user_000752,46-55,Otros,Móvil,Premium,156,10,105.17,111.0,30,31.4,18.3,0.722,1.92,1
user_000753,36-45,Rosario,Móvil,Free,105,24,463.99,63.0,7,57.8,18.5,0.361,6.86,1
user_000754,36-45,Rosario,Desktop,Free,4,29,472.69,37.0,8,30.4,12.0,0.663,29.0,0
user_000755,18-25,Mendoza,Desktop,Premium,283,25,355.97,20.0,16,109.3,17.6,,2.65,1
user_000756,26-35,Buenos Aires,Tablet,Basic,147,24,297.18,105.0,24,105.3,14.8,0.089,4.9,1
user_000757,36-45,Mendoza,Desktop,Free,40,13,465.71,101.0,22,37.7,19.8,0.816,,0
user_000758,18-25,Mendoza,Móvil,Basic,365,18,369.19,43.0,5,45.6,14.4,0.198,1.48,1
user_000759,36-45,Buenos Aires,Móvil,Free,272,12,38.9,46.0,25,91.3,5.9,0.902,1.32,0
user_000760,26-35,Otros,Móvil,Basic,156,5,153.63,96.0,3,33.9,7.5,0.586,0.96,0
user_000761,26-35,Mendoza,Móvil,Free,121,0,336.01,999.0,25,118.5,2.8,,0.0,0
user_000762,26-35,Córdoba,Tablet,,362,31,241.88,86.0,19,52.1,8.0,0.89,2.57,1
user_000763,46-55,Otros,Desktop,Free,204,3,487.9,84.0,25,12.9,9.7,0.698,0.44,0
user_000764,18-25,Buenos Aires,Móvil,Enterprise,294,48,409.38,94.0,14,74.6,13.5,0.475,4.9,0
user_000765,,Buenos Aires,Desktop,Premium,154,20,18.15,92.0,27,6.4,16.3,,3.9,1
user_000766,26-35,Córdoba,Desktop,Premium,138,22,219.68,121.0,21,103.0,18.2,,4.78,0
user_000767,36-45,Mendoza,Desktop,Premium,215,50,429.83,129.0,1,16.2,16.1,0.301,6.98,0
user_000768,56+,Otros,Móvil,Premium,21,7,246.26,138.0,7,30.0,4.2,0.944,7.0,1
user_000769,18-25,Córdoba,Desktop,Free,7,20,452.3,71.0,7,86.6,13.7,0.952,20.0,1
user_000770,18-25,Buenos Aires,Móvil,Premium,22,5,399.81,85.0,27,27.6,11.9,0.924,5.0,1
user_000771,36-45,Córdoba,Desktop,Premium,332,24,330.42,143.0,30,102.9,16.4,0.224,,1
user_000772,26-35,Buenos Aires,Móvil,Basic,306,12,374.86,29.0,18,44.8,17.2,0.954,1.18,0
user_000773,36-45,Buenos Aires,Móvil,Free,70,24,490.13,81.0,24,44.4,13.9,0.797,10.29,1
user_000774,36-45,Rosario,Móvil,Free,99,29,164.8,75.0,26,27.0,13.9,,8.79,0
user_000775,18-25,Rosario,Desktop,Premium,220,38,166.87,128.0,22,15.7,19.9,0.707,5.18,1
user_000776,36-45,,Móvil,Enterprise,121,3,490.76,85.0,4,99.5,5.0,0.733,,0
user_000777,36-45,Buenos Aires,Desktop,Free,250,31,366.42,76.0,26,79.5,17.1,0.991,,1
user_000778,26-35,Córdoba,Móvil,Free,85,25,201.62,135.0,23,34.7,14.2,0.195,8.82,0
user_000779,26-35,Buenos Aires,Desktop,Basic,85,3,426.41,77.0,14,78.9,12.0,,1.06,1
user_000780,26-35,Buenos Aires,Móvil,Premium,118,47,329.11,92.0,23,102.9,2.9,,11.95,0
user_000781,26-35,Otros,Desktop,Free,290,3,57.06,121.0,5,113.5,3.2,0.515,,0
user_000782,36-45,Otros,Desktop,Basic,192,2,68.21,101.0,15,37.0,12.3,0.172,,0
user_000783,46-55,Otros,Desktop,Free,173,29,433.8,166.0,12,33.8,13.4,,5.03,1
user_000784,18-25,Buenos Aires,Desktop,Premium,304,14,21.28,146.0,18,58.1,14.2,0.095,1.38,1
user_000785,18-25,Córdoba,Desktop,Basic,62,36,71.37,83.0,2,85.9,17.4,0.538,17.42,0
user_000786,46-55,Buenos Aires,Móvil,Basic,158,33,249.4,132.0,26,70.6,14.6,0.79,,0
user_000787,46-55,Buenos Aires,Desktop,Free,302,38,350.66,1.0,17,54.2,7.0,0.039,3.77,0
user_000788,26-35,,Móvil,Premium,71,2,51.46,31.0,16,36.5,19.4,,0.85,0
user_000789,18-25,Buenos Aires,Tablet,Basic,29,50,153.76,136.0,14,,10.3,,,0
user_000790,36-45,Córdoba,Desktop,Basic,185,2,126.18,48.0,4,36.7,16.8,0.957,0.32,1
user_000791,36-45,Rosario,Móvil,Premium,57,27,46.44,65.0,8,46.4,18.2,0.4,14.21,1
user_000792,56+,Rosario,Tablet,Free,323,13,44.57,68.0,20,83.9,4.7,0.372,1.21,1
user_000793,36-45,Córdoba,Móvil,Premium,29,20,496.3,111.0,12,4.1,12.5,0.078,,0
user_000794,36-45,Rosario,Móvil,Free,302,5,187.78,85.0,24,,17.5,0.226,0.5,1
user_000795,,Otros,Móvil,Enterprise,360,50,463.56,44.0,16,87.7,6.8,0.821,4.17,1
user_000796,18-25,Buenos Aires,Móvil,Free,115,17,307.66,12.0,5,38.8,15.3,0.181,4.43,0
user_000797,56+,Córdoba,Móvil,Premium,18,30,300.23,66.0,0,82.7,14.6,0.658,30.0,1
user_000798,26-35,Mendoza,Móvil,Premium,292,23,356.68,63.0,21,73.4,14.4,0.183,2.36,1
user_000799,46-55,Córdoba,Móvil,Basic,184,45,441.88,58.0,9,76.6,2.7,0.306,7.34,1
user_000800,46-55,Rosario,Móvil,Free,205,5,90.91,14.0,2,89.5,11.5,0.493,0.73,0
user_000801,56+,Córdoba,Móvil,Premium,360,30,253.92,175.0,21,106.7,14.3,,,0
user_000802,18-25,La Plata,Móvil,Basic,50,34,377.34,62.0,23,79.7,18.5,0.999,20.4,0
user_000803,36-45,Buenos Aires,,Free,95,48,266.52,57.0,5,9.9,16.9,0.514,15.16,0
user_000804,26-35,Córdoba,Móvil,Free,339,43,132.38,138.0,27,92.2,3.2,,,0
user_000805,26-35,Buenos Aires,Desktop,Free,215,19,465.26,164.0,16,99.3,1.7,0.463,2.65,0
user_000806,46-55,Buenos Aires,Móvil,Basic,49,19,183.41,1.0,11,106.9,4.5,0.355,11.63,0
user_000807,26-35,Buenos Aires,Móvil,Premium,314,26,70.68,124.0,0,19.5,13.5,0.226,2.48,1
user_000808,26-35,Córdoba,Desktop,Basic,163,17,63.26,112.0,21,100.9,4.1,0.354,3.13,1
user_000809,18-25,La Plata,Desktop,Free,143,18,29.73,101.0,13,89.5,18.1,0.16,3.78,1
user_000810,56+,Otros,Tablet,Free,264,31,279.56,174.0,22,16.2,15.3,0.78,3.52,0
user_000811,36-45,Otros,Desktop,Free,161,7,479.26,5.0,4,,10.5,0.767,1.3,1
user_000812,18-25,La Plata,Móvil,Basic,244,0,222.82,999.0,9,34.6,2.6,0.429,0.0,1
user_000813,18-25,Córdoba,,Premium,49,16,497.19,63.0,21,98.7,4.8,,9.8,0
user_000814,36-45,Córdoba,Móvil,Enterprise,313,37,318.16,38.0,7,15.3,8.6,0.274,3.55,1
user_000815,56+,Córdoba,Desktop,Free,267,3,196.37,134.0,9,84.3,19.6,0.222,0.34,1
user_000816,26-35,Córdoba,Desktop,Free,147,17,188.15,89.0,22,50.8,7.1,0.048,3.47,1
user_000817,18-25,Rosario,Móvil,Free,345,17,455.16,25.0,13,23.0,19.0,0.364,1.48,1
user_000818,18-25,Rosario,Desktop,Premium,210,8,172.29,92.0,23,93.7,11.0,,1.14,0
user_000819,26-35,Rosario,Móvil,Free,33,40,373.87,30.0,1,70.8,18.3,0.654,36.36,0
user_000820,18-25,Córdoba,Móvil,Premium,268,39,178.02,121.0,24,25.0,14.7,0.044,4.37,0
user_000821,26-35,Mendoza,Desktop,Premium,267,35,487.81,,14,76.0,3.2,0.436,3.93,1
user_000822,,Otros,Móvil,Free,118,38,144.33,33.0,9,6.4,11.8,0.794,9.66,0
user_000823,18-25,La Plata,Móvil,Basic,10,32,486.05,42.0,14,90.3,8.3,0.779,,1
user_000824,36-45,Buenos Aires,Móvil,Basic,160,37,351.39,131.0,14,61.0,14.7,0.259,6.94,0
user_000825,26-35,Buenos Aires,Móvil,Free,253,34,126.73,10.0,20,18.6,17.8,0.927,4.03,0
user_000826,46-55,Buenos Aires,Tablet,Enterprise,227,13,271.95,0.0,20,42.3,12.5,,1.72,1
user_000827,56+,,Móvil,Free,323,39,154.5,14.0,20,98.1,16.7,0.219,3.62,1
user_000828,18-25,Otros,Móvil,Enterprise,222,49,470.12,149.0,3,,14.1,0.946,6.62,0
user_000829,46-55,Rosario,Móvil,Premium,234,14,168.89,52.0,18,75.9,17.3,0.395,,1
user_000830,26-35,Mendoza,Móvil,Premium,137,5,253.02,117.0,5,,4.3,0.57,1.09,1
user_000831,36-45,Buenos Aires,Móvil,Free,273,25,346.81,48.0,2,18.1,9.1,0.455,2.75,1
user_000832,56+,Buenos Aires,Móvil,Premium,35,0,305.61,999.0,12,,3.1,0.014,0.0,1
user_000833,56+,Buenos Aires,Desktop,Free,36,40,303.82,2.0,30,95.2,11.3,0.818,33.33,1
user_000834,18-25,Buenos Aires,Desktop,Premium,3,10,160.62,122.0,4,30.0,11.3,0.267,,1
user_000835,18-25,La Plata,Móvil,Free,87,32,444.36,106.0,4,1.1,5.3,0.227,11.03,1
user_000836,18-25,Rosario,Móvil,Premium,168,24,346.52,28.0,15,21.2,3.1,0.102,4.29,0
user_000837,26-35,Rosario,Móvil,Premium,221,5,448.84,154.0,4,22.2,11.1,0.6,0.68,0
user_000838,26-35,La Plata,Desktop,Basic,18,18,180.71,26.0,8,110.0,13.6,0.933,18.0,0
user_000839,46-55,Mendoza,Desktop,Enterprise,1,49,331.37,81.0,4,47.5,14.7,0.786,49.0,0
user_000840,46-55,Buenos Aires,Móvil,Premium,121,9,54.32,32.0,5,,7.7,0.494,2.23,0
user_000841,,Córdoba,Desktop,Free,119,41,461.59,98.0,13,66.4,11.2,0.493,10.34,1
user_000842,46-55,Córdoba,Móvil,Basic,91,36,390.53,56.0,22,11.4,7.9,0.203,11.87,0
user_000843,26-35,Córdoba,Móvil,Free,357,22,186.82,35.0,9,55.8,16.9,0.552,,0
user_000844,26-35,La Plata,Móvil,Free,150,44,354.94,96.0,23,4.1,19.3,0.372,8.8,1
user_000845,18-25,Rosario,Móvil,Basic,6,10,24.79,93.0,4,10.4,2.5,0.569,10.0,1
user_000846,18-25,Buenos Aires,Desktop,Premium,152,44,474.9,120.0,13,87.0,9.4,0.645,8.68,0
user_000847,26-35,Buenos Aires,Desktop,Free,359,48,95.05,41.0,0,48.2,9.0,0.948,4.01,0
user_000848,36-45,La Plata,Tablet,Basic,133,45,121.38,40.0,8,116.8,10.9,0.978,10.15,1
user_000849,36-45,Córdoba,Móvil,Free,301,47,488.23,154.0,26,10.2,14.2,0.477,4.68,0
user_000850,36-45,La Plata,Móvil,Premium,31,41,217.87,69.0,3,13.4,7.9,0.779,39.68,0
user_000851,18-25,Buenos Aires,Móvil,Free,194,38,15.38,79.0,6,,13.1,,5.88,0
user_000852,18-25,Rosario,Móvil,,228,30,32.38,80.0,2,113.3,1.2,0.357,3.95,1
user_000853,56+,Córdoba,Móvil,Free,221,22,487.19,179.0,21,12.6,8.7,0.741,,0
user_000854,36-45,Mendoza,Móvil,,314,30,297.32,9.0,9,,14.0,0.079,2.87,1
user_000855,18-25,Mendoza,Desktop,Premium,45,41,79.02,41.0,30,60.7,19.9,0.609,27.33,0
user_000856,56+,Buenos Aires,Desktop,Free,98,23,315.5,110.0,1,107.0,15.7,0.388,7.04,1
user_000857,,Rosario,Tablet,Basic,259,31,57.73,3.0,4,92.2,6.9,0.868,,0
user_000858,26-35,Córdoba,Móvil,Free,321,4,147.26,93.0,11,11.6,4.4,,0.37,0
user_000859,56+,Otros,Desktop,Basic,233,8,470.52,145.0,15,5.7,17.3,0.401,,0
user_000860,56+,Buenos Aires,Móvil,Premium,48,20,193.1,174.0,13,61.2,6.0,0.876,,1
user_000861,18-25,Otros,Móvil,Premium,16,44,412.41,,4,102.5,6.5,0.158,44.0,0
user_000862,46-55,Buenos Aires,Desktop,Basic,161,22,238.28,164.0,17,108.1,9.8,0.086,4.1,1
user_000863,56+,Otros,Desktop,Free,310,21,41.59,87.0,19,58.9,14.3,0.476,2.03,0
user_000864,26-35,Córdoba,Tablet,Free,223,13,166.89,8.0,19,93.1,2.2,0.809,1.75,0
user_000865,56+,Buenos Aires,Móvil,Free,145,48,345.0,69.0,8,76.6,2.6,0.069,9.93,1
user_000866,18-25,La Plata,Móvil,Basic,158,13,338.13,66.0,5,99.8,2.8,0.902,2.47,1
user_000867,56+,Buenos Aires,Móvil,Premium,190,30,242.99,176.0,25,20.1,14.2,0.355,4.74,0
user_000868,36-45,La Plata,Móvil,Premium,11,12,48.13,170.0,18,74.4,7.2,0.986,12.0,1
user_000869,18-25,La Plata,Tablet,Basic,203,20,65.67,172.0,13,32.3,14.7,0.988,2.96,0
user_000870,36-45,Rosario,Móvil,Free,301,47,489.73,107.0,22,66.0,4.2,0.378,4.68,0
user_000871,26-35,Buenos Aires,Desktop,Enterprise,187,23,408.75,4.0,9,107.7,10.5,0.868,,1
user_000872,26-35,Otros,Móvil,Free,7,34,218.67,85.0,3,111.2,9.7,0.373,34.0,1
user_000873,36-45,Córdoba,Móvil,Premium,82,44,343.34,162.0,9,,18.8,,16.1,0
user_000874,56+,La Plata,Móvil,Basic,315,39,466.92,26.0,15,90.2,12.9,,3.71,1
user_000875,,Rosario,,Free,41,26,113.82,116.0,17,46.3,4.7,0.47,,1
user_000876,26-35,Mendoza,Móvil,Premium,302,41,354.88,101.0,0,112.8,15.9,0.508,4.07,1
user_000877,46-55,Buenos Aires,Desktop,Premium,228,26,339.92,1.0,28,109.2,1.6,0.026,3.42,0
user_000878,46-55,Córdoba,Desktop,Free,174,10,479.99,110.0,7,,8.4,0.616,,0
user_000879,,La Plata,Móvil,Free,164,40,201.3,44.0,12,,10.8,0.437,,1
user_000880,36-45,Buenos Aires,Móvil,Basic,315,25,423.09,160.0,29,32.0,11.5,0.949,2.38,0
user_000881,18-25,Buenos Aires,Móvil,Premium,261,9,23.63,139.0,29,116.7,11.9,0.025,1.03,1
user_000882,56+,Rosario,Desktop,Free,299,41,449.98,76.0,6,64.7,5.7,0.78,4.11,0
user_000883,,Rosario,Móvil,Premium,172,40,21.34,148.0,27,13.3,9.7,0.596,6.98,1
user_000884,18-25,Buenos Aires,Móvil,Free,311,23,457.23,53.0,12,13.0,16.1,0.414,2.22,0
user_000885,56+,Buenos Aires,Desktop,Free,116,20,320.44,115.0,25,20.2,6.7,,5.17,0
user_000886,36-45,Rosario,Móvil,Enterprise,28,22,247.12,157.0,19,66.0,4.0,0.742,22.0,1
user_000887,18-25,Buenos Aires,Móvil,Basic,303,9,115.99,93.0,3,107.9,1.6,,0.89,0
user_000888,36-45,Otros,Móvil,Basic,323,5,180.79,141.0,20,36.0,15.2,0.496,0.46,0
user_000889,56+,Otros,Móvil,Free,103,45,147.73,100.0,3,70.5,15.6,0.312,,0
user_000890,56+,Córdoba,Desktop,Basic,260,47,143.12,81.0,19,13.8,8.3,,,1
user_000891,26-35,Rosario,Móvil,Free,185,2,479.47,64.0,18,,12.5,,0.32,0
user_000892,26-35,Buenos Aires,Móvil,Free,94,50,101.1,62.0,2,26.6,8.1,0.145,,1
user_000893,18-25,Buenos Aires,Móvil,Free,205,29,288.06,82.0,28,28.7,2.3,0.284,,0
user_000894,36-45,Buenos Aires,Móvil,Basic,257,42,46.66,165.0,13,82.2,9.3,0.813,4.9,0
user_000895,18-25,La Plata,Móvil,Enterprise,264,26,68.44,115.0,5,72.6,12.2,0.236,,0
user_000896,26-35,Rosario,Desktop,Enterprise,355,29,149.34,103.0,1,107.6,18.4,0.039,2.45,1
user_000897,18-25,Córdoba,Desktop,Basic,35,19,144.59,88.0,12,10.5,15.7,0.494,16.29,0
user_000898,26-35,Rosario,Móvil,Premium,341,7,423.11,158.0,3,4.5,1.9,0.01,0.62,0
user_000899,,La Plata,Desktop,Free,312,5,103.67,94.0,26,108.4,19.8,0.934,0.48,0
user_000900,26-35,Mendoza,Móvil,Premium,339,4,139.23,176.0,19,95.2,8.2,0.699,0.35,1
user_000901,36-45,Buenos Aires,Móvil,Free,295,37,445.02,105.0,20,54.2,3.3,0.528,3.76,1
user_000902,,Córdoba,Móvil,Premium,70,30,120.66,67.0,24,36.3,2.6,0.559,,0
user_000903,36-45,Mendoza,Móvil,Free,241,31,39.53,3.0,21,26.7,16.6,0.188,3.86,1
user_000904,26-35,La Plata,Desktop,Basic,312,20,382.64,79.0,22,,3.9,0.505,1.92,1
user_000905,26-35,Córdoba,Tablet,Premium,299,32,109.48,,6,9.2,9.0,0.686,3.21,0
user_000906,36-45,Buenos Aires,Desktop,Premium,70,15,18.13,117.0,5,32.7,10.0,0.531,6.43,1
user_000907,26-35,Otros,Móvil,Basic,185,9,204.49,110.0,16,40.7,9.4,0.37,,1
user_000908,36-45,Mendoza,Móvil,Free,340,25,96.56,70.0,16,,10.9,0.109,,0
user_000909,36-45,Otros,Móvil,Free,340,2,291.86,61.0,2,64.3,6.2,,0.18,1
user_000910,36-45,Córdoba,Móvil,Premium,7,44,141.45,52.0,5,94.5,7.6,0.288,44.0,1
user_000911,26-35,,Móvil,Premium,60,39,243.61,78.0,27,108.9,5.5,,19.5,1
user_000912,18-25,Buenos Aires,Móvil,Enterprise,330,42,242.55,85.0,0,22.1,6.0,,3.82,1
user_000913,46-55,Buenos Aires,Móvil,Basic,18,0,249.27,999.0,7,57.2,1.9,,,0
user_000914,56+,La Plata,,Free,17,9,389.88,25.0,9,96.7,7.4,0.491,9.0,0
user_000915,56+,Buenos Aires,Móvil,Free,186,0,415.6,999.0,9,85.5,17.9,0.775,0.0,0
user_000916,26-35,Buenos Aires,Móvil,Basic,60,9,489.53,56.0,21,119.3,7.8,,4.5,1
user_000917,36-45,Otros,Móvil,Premium,70,12,461.12,96.0,20,13.8,6.2,0.627,5.14,0
user_000918,46-55,Córdoba,Tablet,Basic,87,16,456.06,89.0,28,40.4,12.2,0.945,5.52,1
user_000919,26-35,Buenos Aires,Móvil,Free,224,39,70.25,116.0,18,116.2,16.1,0.288,,1
user_000920,26-35,Rosario,Móvil,Free,361,18,315.66,170.0,5,37.1,6.5,,1.5,1
user_000921,26-35,Buenos Aires,Desktop,Free,358,31,159.85,110.0,11,79.6,1.0,0.251,2.6,0
user_000922,46-55,Mendoza,Móvil,Enterprise,186,35,85.97,22.0,22,33.2,19.9,,5.65,1
user_000923,56+,Buenos Aires,Móvil,Premium,66,15,407.74,163.0,12,51.3,19.4,0.098,6.82,1
user_000924,56+,,Móvil,Basic,232,20,404.15,35.0,21,92.4,5.8,0.416,2.59,1
user_000925,26-35,Buenos Aires,Móvil,Basic,263,34,99.85,111.0,3,17.5,9.4,0.313,3.88,0
user_000926,,Córdoba,Móvil,Basic,15,26,236.03,143.0,0,,9.0,0.756,26.0,0
user_000927,56+,Mendoza,Móvil,Free,51,39,276.2,144.0,28,35.9,15.4,,22.94,0
user_000928,36-45,Córdoba,Desktop,Basic,159,3,51.48,69.0,26,118.4,3.0,0.594,0.57,1
user_000929,36-45,Rosario,Desktop,Free,217,37,340.46,13.0,22,25.4,3.7,0.74,5.12,0
user_000930,18-25,La Plata,Desktop,Free,112,40,162.34,1.0,25,58.7,14.1,0.115,10.71,0
user_000931,18-25,La Plata,Móvil,Free,365,6,242.13,129.0,14,47.5,18.6,0.3,0.49,0
user_000932,56+,La Plata,Desktop,Basic,118,39,343.85,168.0,19,15.7,3.8,0.022,9.92,0
user_000933,46-55,Rosario,Móvil,Premium,293,34,108.17,122.0,9,35.4,2.9,,3.48,0
user_000934,36-45,Córdoba,Desktop,Free,177,26,408.61,37.0,0,34.7,3.3,0.389,,1
user_000935,26-35,Rosario,,Basic,68,2,454.97,90.0,30,17.6,17.8,0.458,0.88,0
user_000936,56+,Córdoba,Desktop,Basic,361,22,452.25,134.0,12,62.1,4.3,,,1
user_000937,,Buenos Aires,Desktop,,30,17,394.63,168.0,9,110.9,2.3,0.839,17.0,1
user_000938,26-35,Córdoba,Desktop,Basic,118,32,389.95,134.0,8,16.4,7.2,0.955,8.14,1
user_000939,36-45,,Móvil,Free,187,46,88.0,24.0,21,13.6,18.8,0.476,7.38,1
user_000940,56+,,Desktop,Free,247,11,366.8,98.0,24,116.8,18.5,0.062,1.34,1
user_000941,18-25,La Plata,Móvil,Premium,237,38,319.33,7.0,29,21.7,3.0,0.45,4.81,1
user_000942,56+,Rosario,Móvil,Free,297,28,342.64,57.0,6,89.3,9.2,0.529,2.83,1
user_000943,18-25,Buenos Aires,Tablet,Free,267,2,406.9,1.0,11,93.2,11.8,0.864,,1
user_000944,18-25,Mendoza,Tablet,Basic,191,31,103.17,53.0,18,99.5,10.5,0.356,4.87,0
user_000945,46-55,La Plata,Móvil,Basic,79,4,288.88,32.0,25,62.6,2.9,0.499,1.52,0
user_000946,,Buenos Aires,Móvil,Premium,339,16,201.31,91.0,2,,4.0,,1.42,0
user_000947,36-45,La Plata,Tablet,Basic,92,25,313.14,139.0,22,107.1,12.1,0.937,8.15,0
user_000948,36-45,Buenos Aires,Móvil,Free,231,48,39.1,52.0,17,98.2,7.3,0.757,6.23,0
user_000949,26-35,Buenos Aires,Tablet,Premium,334,44,419.15,9.0,11,117.7,19.0,0.598,3.95,0
user_000950,56+,La Plata,Móvil,Free,52,46,30.45,9.0,15,61.4,13.4,0.432,26.54,1
user_000951,46-55,La Plata,Móvil,Premium,210,1,389.07,50.0,17,73.4,8.2,0.684,0.14,1
user_000952,36-45,Buenos Aires,Desktop,Basic,356,27,353.66,140.0,4,14.8,3.2,0.616,2.28,0
user_000953,26-35,Buenos Aires,Tablet,Free,177,5,298.42,58.0,13,89.9,17.9,0.793,0.85,0
user_000954,18-25,La Plata,Desktop,Free,75,3,47.54,32.0,14,22.5,1.8,0.35,1.2,0
user_000955,46-55,Otros,Móvil,Free,30,42,69.96,19.0,2,30.8,11.3,0.495,42.0,1
user_000956,46-55,La Plata,Móvil,Free,183,23,392.3,74.0,27,78.8,11.0,0.268,3.77,1
user_000957,36-45,Buenos Aires,Móvil,Basic,8,39,248.24,20.0,6,109.5,17.0,0.521,,0
user_000958,,Buenos Aires,Móvil,Premium,209,9,27.58,60.0,22,53.4,15.5,0.953,1.29,0
user_000959,26-35,Buenos Aires,Móvil,Free,355,5,39.26,156.0,12,59.9,17.4,0.385,0.42,0
user_000960,26-35,Córdoba,Desktop,Basic,343,42,159.52,138.0,24,42.4,1.5,0.609,3.67,0
user_000961,56+,Otros,Desktop,Basic,193,48,23.4,159.0,13,104.0,15.9,0.929,7.46,1
user_000962,46-55,Rosario,Tablet,Premium,336,18,430.67,136.0,14,51.4,14.7,0.769,1.61,1
user_000963,18-25,Córdoba,Desktop,Premium,232,8,454.78,71.0,25,82.2,6.2,0.999,1.03,0
user_000964,26-35,Rosario,Móvil,Free,88,17,333.02,167.0,25,,1.2,,5.8,1
user_000965,26-35,Buenos Aires,Móvil,Basic,27,28,14.35,9.0,30,43.7,13.1,,28.0,0
user_000966,18-25,Otros,Móvil,Basic,156,20,477.11,112.0,5,31.7,15.9,0.26,3.85,0
user_000967,18-25,Rosario,Móvil,Basic,112,3,124.01,167.0,1,22.9,10.6,0.44,,1
user_000968,18-25,Mendoza,Móvil,Premium,203,16,487.89,4.0,21,101.5,17.1,,2.36,0
user_000969,36-45,Buenos Aires,Móvil,Basic,343,32,47.95,52.0,10,68.9,16.8,,2.8,1
user_000970,36-45,La Plata,Móvil,Free,329,50,186.54,104.0,28,78.6,9.9,,4.56,1
user_000971,18-25,Córdoba,Móvil,Free,47,37,22.51,155.0,6,,10.7,0.781,23.62,1
user_000972,46-55,Mendoza,Tablet,Free,105,37,25.97,38.0,12,91.8,13.3,0.955,10.57,0
user_000973,36-45,Otros,Desktop,Premium,251,34,369.19,135.0,25,7.1,10.0,,4.06,1
user_000974,26-35,Buenos Aires,Móvil,Premium,140,21,129.11,92.0,7,,15.2,0.115,4.5,0
user_000975,,Otros,Móvil,Free,242,35,257.77,92.0,20,58.6,5.4,,4.34,1
user_000976,36-45,La Plata,Móvil,Basic,248,49,455.54,172.0,18,80.2,12.5,,5.93,0
user_000977,26-35,Buenos Aires,Móvil,Enterprise,191,36,252.16,50.0,28,22.4,9.6,0.167,5.65,1
user_000978,26-35,Rosario,Tablet,Premium,151,8,436.03,110.0,0,83.1,19.8,0.132,1.59,1
user_000979,56+,Otros,Móvil,Basic,94,35,128.3,,3,41.1,16.7,,11.17,0
user_000980,36-45,Otros,Móvil,Premium,54,22,475.46,104.0,20,54.5,16.9,0.289,12.22,1
user_000981,36-45,Mendoza,Desktop,Basic,121,32,51.06,1.0,18,71.6,13.8,0.454,7.93,1
user_000982,26-35,Córdoba,Móvil,Premium,201,6,123.81,126.0,10,6.7,10.8,0.525,0.9,1
user_000983,46-55,Córdoba,Móvil,Free,105,11,477.22,10.0,26,113.5,17.8,,,1
user_000984,36-45,Rosario,Desktop,Free,145,18,91.14,73.0,8,58.9,5.2,0.169,,0
user_000985,56+,Mendoza,Tablet,Basic,233,9,57.03,141.0,26,61.5,4.2,,1.16,0
user_000986,56+,Córdoba,Desktop,Free,345,1,191.07,72.0,30,113.8,9.1,0.445,,1
user_000987,46-55,Buenos Aires,Móvil,Premium,301,7,227.76,110.0,15,32.3,17.4,0.993,0.7,1
user_000988,18-25,Córdoba,Móvil,Premium,23,46,46.43,40.0,16,40.9,9.6,,,1
user_000989,46-55,Mendoza,Móvil,Premium,21,27,59.22,180.0,25,63.0,4.6,0.558,27.0,1
user_000990,18-25,Rosario,Móvil,Free,45,24,437.34,56.0,21,,9.9,0.485,16.0,0
user_000991,36-45,Buenos Aires,Móvil,Premium,270,33,430.01,54.0,0,52.7,10.3,0.611,3.67,0
user_000992,18-25,Córdoba,Móvil,Free,2,37,125.01,89.0,15,64.1,19.1,0.878,37.0,1
user_000993,46-55,Rosario,Móvil,Basic,247,38,184.99,123.0,9,12.5,3.1,0.881,4.62,0
user_000994,26-35,Córdoba,Móvil,Basic,218,11,237.72,81.0,21,14.5,14.2,0.705,1.51,1
user_000995,46-55,La Plata,Desktop,Basic,118,1,152.56,129.0,6,106.9,15.9,0.061,0.25,0
user_000996,26-35,Buenos Aires,Móvil,Basic,200,25,137.74,13.0,8,58.8,5.2,0.636,3.75,1
user_000997,26-35,Córdoba,Móvil,Free,342,13,391.98,,30,116.2,12.6,,1.14,1
user_000998,18-25,Mendoza,Desktop,Free,89,45,173.31,90.0,24,92.2,2.2,,15.17,1
user_000999,26-35,Buenos Aires,Móvil,Basic,258,45,122.37,41.0,29,45.5,8.9,0.553,5.23,1
user_001000,56+,Buenos Aires,Móvil,Premium,238,6,255.73,124.0,1,19.7,6.7,0.23,0.76,0
user_001001,26-35,Buenos Aires,Móvil,Premium,13,41,206.37,69.0,27,,2.4,0.722,,1
user_001002,18-25,Mendoza,Móvil,Premium,153,6,370.58,100.0,6,99.9,17.3,0.785,1.18,1
user_001003,36-45,Buenos Aires,Móvil,Free,148,16,484.94,147.0,15,45.8,9.2,0.222,3.24,1
user_001004,36-45,Córdoba,Tablet,Basic,157,15,197.38,127.0,23,47.8,8.1,0.547,2.87,1
user_001005,26-35,Rosario,Móvil,Premium,310,28,191.21,144.0,3,77.5,7.3,,2.71,1
user_001006,18-25,Buenos Aires,Desktop,Basic,323,15,51.11,103.0,19,100.7,10.9,0.84,1.39,0
user_001007,18-25,Córdoba,Móvil,Premium,246,9,27.89,176.0,18,72.2,17.6,0.268,,1
user_001008,46-55,Mendoza,Móvil,Free,258,41,125.51,118.0,22,58.5,11.5,0.74,4.77,0
user_001009,56+,Córdoba,Móvil,Free,324,0,89.43,999.0,23,15.5,4.7,0.87,,0
user_001010,18-25,Córdoba,Móvil,Premium,307,31,78.53,140.0,13,48.5,6.6,0.435,3.03,1
user_001011,36-45,La Plata,Móvil,Free,215,23,286.27,42.0,4,35.5,14.0,0.803,3.21,1
user_001012,26-35,Rosario,Móvil,Free,0,21,464.27,34.0,5,63.4,16.8,0.01,21.0,0
user_001013,18-25,Córdoba,Tablet,Free,152,44,101.96,177.0,3,,7.3,0.061,8.68,1
user_001014,,Buenos Aires,Desktop,Premium,126,22,318.12,49.0,8,34.8,18.3,0.426,5.24,0
user_001015,26-35,Mendoza,Tablet,Basic,209,41,333.09,19.0,18,19.1,14.9,,,0
user_001016,36-45,Buenos Aires,Móvil,Basic,231,24,171.78,151.0,19,34.0,16.3,0.871,3.12,1
user_001017,56+,Buenos Aires,Móvil,Free,23,13,54.76,157.0,4,18.1,10.0,0.0,13.0,1
user_001018,46-55,Buenos Aires,Móvil,Basic,326,42,241.13,77.0,16,91.4,5.6,0.393,3.87,0
user_001019,36-45,Córdoba,Desktop,Free,168,5,442.81,54.0,30,20.8,13.0,0.278,0.89,0
user_001020,,Rosario,Móvil,Premium,292,43,68.92,111.0,20,42.4,1.5,0.366,4.42,1
user_001021,46-55,Buenos Aires,Móvil,Basic,127,12,197.4,45.0,29,90.0,1.2,0.442,2.83,0
user_001022,18-25,Rosario,Móvil,Premium,96,16,256.37,3.0,19,33.5,13.3,0.642,5.0,1
user_001023,18-25,Rosario,Móvil,Basic,162,36,413.43,120.0,19,76.2,10.3,0.473,6.67,0
user_001024,46-55,La Plata,Móvil,Free,34,45,85.06,45.0,27,102.3,2.6,,39.71,0
user_001025,18-25,Rosario,Móvil,Free,304,34,145.96,49.0,20,74.1,1.3,0.837,3.36,0
user_001026,46-55,Buenos Aires,Tablet,Premium,203,23,263.01,170.0,12,50.5,13.7,0.061,,1
user_001027,46-55,Córdoba,Desktop,Free,267,28,31.81,155.0,6,83.0,8.8,0.635,3.15,1
user_001028,26-35,Rosario,Móvil,Basic,364,44,52.19,118.0,2,14.8,2.7,0.73,3.63,0
user_001029,26-35,Rosario,Móvil,Free,270,0,116.59,999.0,11,,17.7,0.943,0.0,1
user_001030,46-55,,Tablet,Free,208,48,371.67,79.0,1,46.1,6.5,0.279,,1
user_001031,,Buenos Aires,Móvil,Premium,76,11,489.85,66.0,22,53.3,2.8,0.355,,1
user_001032,26-35,,Móvil,Basic,179,10,28.0,149.0,12,19.5,11.8,,,1
user_001033,26-35,La Plata,Desktop,Free,143,44,484.56,141.0,26,89.4,6.1,0.513,9.23,1
user_001034,26-35,Córdoba,,Free,258,42,319.25,121.0,4,56.6,7.1,0.564,4.88,0
user_001035,36-45,Buenos Aires,Desktop,Basic,28,0,87.79,999.0,15,40.8,13.3,0.1,,1
user_001036,26-35,Córdoba,Móvil,Free,182,39,233.66,147.0,22,52.8,8.6,0.834,,1
user_001037,36-45,Rosario,Móvil,Basic,236,2,485.68,59.0,24,,18.6,,,0
user_001038,46-55,Otros,Móvil,Free,147,32,91.53,76.0,28,,14.3,,6.53,1
user_001039,46-55,Buenos Aires,Móvil,Enterprise,75,5,161.54,36.0,25,42.2,8.5,0.461,2.0,1
user_001040,18-25,La Plata,Móvil,Free,28,15,430.3,111.0,2,,3.9,0.555,15.0,1
user_001041,18-25,Buenos Aires,Móvil,Basic,174,25,352.4,120.0,21,45.8,9.8,0.243,4.31,1
user_001042,26-35,Buenos Aires,Tablet,Free,316,20,450.03,172.0,23,104.8,12.3,0.534,,0
user_001043,26-35,Mendoza,Móvil,Free,188,38,97.3,60.0,11,44.1,10.5,,,0
user_001044,46-55,Otros,Desktop,Free,59,12,31.68,77.0,13,12.0,8.3,0.18,,1
user_001045,26-35,Córdoba,Desktop,Free,288,26,97.96,101.0,21,,3.0,0.806,2.71,0
user_001046,36-45,Buenos Aires,Desktop,Premium,188,0,88.83,999.0,4,69.4,8.3,0.455,,1
user_001047,36-45,Rosario,Móvil,Free,117,27,136.74,162.0,3,72.8,16.2,,6.92,1
user_001048,,Mendoza,Desktop,Enterprise,175,7,394.89,108.0,17,91.4,17.5,0.08,1.2,0
user_001049,26-35,Otros,Móvil,Free,362,39,366.54,116.0,13,6.8,6.4,0.122,3.23,0
user_001050,,Buenos Aires,Móvil,Free,115,27,175.36,75.0,24,98.5,11.3,0.179,7.04,1
user_001051,26-35,,Móvil,Free,183,7,185.05,9.0,17,88.9,5.7,0.084,1.15,1
user_001052,18-25,Buenos Aires,Móvil,Premium,317,22,486.21,176.0,19,30.0,16.7,0.835,,0
user_001053,36-45,Buenos Aires,Móvil,Free,97,38,488.65,163.0,25,106.0,8.3,0.98,,0
user_001054,26-35,Rosario,Móvil,Basic,325,11,475.68,65.0,23,78.7,17.8,0.837,,1
user_001055,56+,Mendoza,Móvil,Enterprise,144,39,261.88,62.0,22,96.1,8.1,0.473,8.12,0
user_001056,26-35,Rosario,Móvil,Basic,142,2,306.27,46.0,21,34.9,1.1,0.207,0.42,0
user_001057,36-45,Buenos Aires,Móvil,Premium,153,40,165.9,56.0,7,3.2,7.2,,7.84,1
user_001058,36-45,Rosario,Móvil,Basic,218,38,171.09,99.0,15,111.7,1.2,,5.23,0
user_001059,46-55,Buenos Aires,Desktop,Basic,188,34,351.89,172.0,12,31.4,1.6,,5.43,0
user_001060,36-45,Rosario,Móvil,Free,325,33,190.9,74.0,24,,13.8,0.03,3.05,1
user_001061,36-45,Rosario,Móvil,Basic,46,48,21.47,72.0,17,89.5,19.8,0.375,,1
user_001062,18-25,Rosario,Desktop,Free,90,13,113.54,28.0,18,35.4,17.4,,4.33,1
user_001063,36-45,Córdoba,Móvil,Premium,160,17,166.51,92.0,20,13.6,17.8,0.96,3.19,0
user_001064,26-35,Córdoba,Móvil,Premium,40,31,380.85,73.0,26,111.0,4.0,0.873,23.25,0
user_001065,26-35,Córdoba,Móvil,Basic,161,11,344.84,25.0,12,70.0,8.9,,2.05,1
user_001066,36-45,Rosario,Móvil,Basic,269,5,303.79,104.0,30,3.7,12.6,0.166,0.56,0
user_001067,26-35,Buenos Aires,Móvil,Premium,45,50,330.52,141.0,16,103.7,17.2,0.161,33.33,0
user_001068,36-45,Buenos Aires,Móvil,Premium,177,12,168.13,75.0,2,107.4,4.9,0.461,2.03,0
user_001069,36-45,Córdoba,Móvil,Free,240,29,255.11,28.0,25,,7.3,0.92,3.62,0
user_001070,26-35,Mendoza,Móvil,Premium,284,43,341.67,133.0,15,103.6,2.3,,4.54,0
user_001071,46-55,Córdoba,Desktop,Basic,232,34,360.23,112.0,15,99.5,2.1,0.812,4.4,1
user_001072,26-35,Mendoza,Móvil,Basic,345,27,395.84,26.0,4,101.8,15.4,,2.35,0
user_001073,,Córdoba,Desktop,Free,308,15,399.82,53.0,8,12.6,13.2,0.074,1.46,1
user_001074,,Buenos Aires,Móvil,Free,2,28,172.02,115.0,22,31.7,6.2,,28.0,1
user_001075,18-25,Buenos Aires,Móvil,Free,294,23,359.76,78.0,30,86.2,11.8,0.305,2.35,1
user_001076,26-35,Buenos Aires,,Basic,0,9,307.65,98.0,8,76.8,1.5,0.212,,1
user_001077,18-25,Buenos Aires,Móvil,Basic,210,33,208.86,158.0,28,21.3,7.5,0.156,4.71,1
user_001078,26-35,Córdoba,Desktop,Basic,109,10,436.68,123.0,5,58.6,8.2,0.669,2.75,1
user_001079,26-35,Buenos Aires,Móvil,Free,332,49,367.09,30.0,20,,10.5,0.569,4.43,1
user_001080,56+,La Plata,Desktop,Premium,39,33,450.09,51.0,11,80.0,8.6,0.099,25.38,1
user_001081,36-45,Buenos Aires,Tablet,Premium,197,34,437.58,14.0,14,68.4,5.7,0.256,5.18,1
user_001082,36-45,Rosario,Móvil,Basic,272,29,96.94,155.0,8,66.7,2.7,0.19,,1
user_001083,56+,Buenos Aires,Móvil,Free,333,15,296.98,148.0,15,56.2,11.2,0.781,1.35,0
user_001084,46-55,Buenos Aires,Móvil,Basic,202,30,106.72,138.0,18,26.6,10.3,0.569,,0
user_001085,26-35,Otros,Desktop,Basic,68,41,105.45,162.0,19,90.9,19.9,0.252,,1
user_001086,36-45,Córdoba,Móvil,Basic,157,32,149.04,165.0,9,32.4,11.1,,6.11,0
user_001087,36-45,Buenos Aires,Móvil,Enterprise,18,11,248.91,81.0,28,116.9,9.9,0.163,,1
user_001088,46-55,Rosario,Móvil,Premium,332,21,322.56,137.0,26,22.7,15.8,0.763,1.9,1
user_001089,26-35,Buenos Aires,Desktop,Basic,256,43,157.03,156.0,6,69.0,3.9,0.156,5.04,0
user_001090,46-55,La Plata,Desktop,Free,163,33,490.77,167.0,19,94.9,15.8,0.269,6.07,0
user_001091,26-35,La Plata,Móvil,Free,231,21,366.09,80.0,14,37.7,11.7,0.763,2.73,1
user_001092,46-55,Córdoba,Tablet,Free,363,8,487.74,70.0,0,98.4,4.8,0.662,0.66,1
user_001093,26-35,Córdoba,Móvil,Premium,234,20,283.45,51.0,25,,10.6,0.856,2.56,0
user_001094,18-25,Buenos Aires,Desktop,Premium,311,37,240.24,11.0,24,79.5,14.1,0.909,3.57,0
user_001095,26-35,Otros,Móvil,Free,116,3,323.42,70.0,17,45.0,18.5,0.111,,0
user_001096,46-55,Buenos Aires,,Premium,297,9,438.24,150.0,9,69.3,11.7,0.438,0.91,0
user_001097,36-45,Mendoza,Móvil,Basic,198,18,347.89,35.0,24,92.6,17.5,0.699,2.73,1
user_001098,56+,Córdoba,Desktop,Premium,205,13,100.23,119.0,7,55.8,7.3,0.678,1.9,0
user_001099,26-35,Rosario,Tablet,Free,5,41,211.28,101.0,25,58.9,1.9,0.528,41.0,0
user_001100,26-35,Rosario,Tablet,Enterprise,103,20,397.17,125.0,9,69.4,13.1,0.734,5.83,0
user_001101,18-25,Rosario,Móvil,Free,76,32,424.69,22.0,18,110.8,12.6,0.993,,0
user_001102,46-55,Córdoba,Móvil,Basic,328,47,84.58,84.0,2,22.6,11.9,0.454,4.3,1
user_001103,36-45,Otros,Desktop,Basic,11,18,13.11,99.0,0,2.0,7.1,0.15,,0
user_001104,36-45,Mendoza,Móvil,Basic,251,12,387.26,147.0,29,43.2,17.7,0.867,1.43,0
user_001105,18-25,Buenos Aires,Móvil,Free,287,34,304.94,10.0,24,,7.6,0.069,3.55,1
user_001106,56+,Rosario,Móvil,Free,204,17,124.16,55.0,24,43.3,3.6,0.899,2.5,0
user_001107,18-25,Otros,Móvil,Premium,140,47,112.21,12.0,14,,4.8,0.771,10.07,0
user_001108,46-55,Buenos Aires,Móvil,Premium,63,46,263.08,41.0,24,25.9,18.9,0.741,21.9,0
user_001109,36-45,Buenos Aires,Móvil,Enterprise,182,32,186.33,65.0,16,14.3,9.7,0.007,5.27,1
user_001110,26-35,La Plata,Móvil,Premium,150,4,222.73,166.0,9,28.3,14.3,0.65,0.8,0
user_001111,46-55,Buenos Aires,Tablet,Premium,166,20,32.23,63.0,5,68.2,3.4,,3.61,0
user_001112,26-35,Buenos Aires,,Free,10,47,333.87,95.0,19,50.4,4.0,0.172,47.0,0
user_001113,56+,Mendoza,Desktop,Free,100,7,395.41,7.0,15,25.3,8.7,0.373,2.1,0
user_001114,36-45,Buenos Aires,Móvil,Free,230,30,26.77,36.0,29,,11.3,,3.91,0
user_001115,18-25,Buenos Aires,,Free,97,26,494.21,28.0,30,57.6,19.7,0.856,8.04,1
user_001116,26-35,La Plata,Desktop,Free,91,30,240.05,65.0,4,39.4,11.3,0.957,9.89,0
user_001117,36-45,Córdoba,Desktop,Premium,23,12,71.66,131.0,4,96.8,3.7,,12.0,1
user_001118,36-45,Buenos Aires,Desktop,Free,317,16,100.47,168.0,9,40.1,19.5,0.668,1.51,0
user_001119,36-45,Otros,Móvil,Premium,99,20,216.79,169.0,4,69.9,18.8,0.034,6.06,1
user_001120,36-45,Mendoza,Tablet,Free,168,40,26.72,60.0,5,48.2,1.2,0.481,7.14,1
user_001121,18-25,La Plata,Tablet,Basic,189,13,232.06,67.0,17,53.3,15.2,0.655,2.06,1
user_001122,56+,Buenos Aires,Desktop,Free,102,31,388.28,116.0,21,12.5,17.3,0.763,9.12,0
user_001123,18-25,Córdoba,Desktop,Enterprise,231,8,56.35,117.0,26,14.2,11.5,,1.04,1
user_001124,26-35,Córdoba,Tablet,Free,188,32,99.48,130.0,6,17.9,13.9,0.776,,1
user_001125,36-45,,Desktop,Free,264,33,267.27,136.0,11,65.2,14.2,0.997,,0
user_001126,26-35,Buenos Aires,Móvil,Basic,280,39,120.87,38.0,17,113.1,12.6,0.858,4.18,0
user_001127,18-25,Otros,Móvil,Free,223,33,486.28,121.0,14,39.3,14.7,0.3,4.44,1
user_001128,26-35,Rosario,Móvil,Premium,327,39,301.05,17.0,1,90.9,3.7,0.481,3.58,0
user_001129,46-55,La Plata,Tablet,Free,283,50,88.13,107.0,12,,5.7,,5.3,1
user_001130,56+,Buenos Aires,Desktop,Free,250,47,297.11,172.0,4,25.5,3.7,0.275,,1
user_001131,18-25,Buenos Aires,Móvil,Free,198,40,303.24,59.0,21,53.2,16.6,,,1
user_001132,26-35,Buenos Aires,,Premium,53,21,438.87,10.0,12,100.7,5.9,0.627,11.89,1
user_001133,36-45,La Plata,Desktop,Premium,147,48,152.64,133.0,3,11.5,14.9,0.96,9.8,0
user_001134,26-35,La Plata,Móvil,Premium,180,27,216.62,163.0,3,104.0,6.3,0.724,4.5,1
user_001135,56+,Rosario,Móvil,Basic,224,16,491.71,21.0,0,13.0,16.3,,2.14,0
user_001136,26-35,Córdoba,Móvil,Enterprise,112,45,249.05,,26,68.3,12.5,,12.05,0
user_001137,26-35,Rosario,Móvil,Premium,24,6,292.06,30.0,30,91.9,7.9,0.673,6.0,1
user_001138,26-35,Córdoba,Desktop,Free,56,50,225.72,117.0,18,103.7,1.7,0.399,26.79,0
user_001139,36-45,Córdoba,Tablet,Free,44,11,21.83,84.0,3,35.8,8.8,0.028,,0
user_001140,46-55,Buenos Aires,Desktop,Free,132,15,145.55,12.0,10,,19.8,0.263,3.41,0
user_001141,26-35,Mendoza,Móvil,Free,283,25,379.13,44.0,27,60.5,2.7,,2.65,0
user_001142,36-45,La Plata,Móvil,Premium,90,6,457.94,23.0,20,49.3,12.8,0.639,2.0,0
user_001143,26-35,La Plata,Móvil,Free,170,28,448.93,40.0,30,21.1,1.3,,,1
user_001144,56+,Mendoza,Móvil,Premium,207,34,97.17,158.0,22,10.0,2.8,0.712,,1
user_001145,26-35,,Desktop,Basic,26,25,75.19,98.0,3,101.6,15.0,0.876,,0
user_001146,36-45,Otros,Móvil,Free,215,2,130.49,39.0,21,119.1,1.5,0.224,0.28,1
user_001147,56+,Buenos Aires,Móvil,Basic,10,13,81.23,75.0,7,,17.3,0.483,13.0,0
user_001148,26-35,Rosario,Móvil,Basic,141,33,294.64,160.0,18,106.7,19.6,0.747,7.02,0
user_001149,46-55,Córdoba,Desktop,Basic,4,23,451.03,60.0,10,65.3,2.5,0.693,23.0,1
user_001150,46-55,Otros,Móvil,Basic,201,8,57.34,129.0,22,57.6,7.0,0.807,1.19,1
user_001151,26-35,,Desktop,Enterprise,56,14,237.99,147.0,26,7.3,12.8,,7.5,1
user_001152,18-25,Otros,Móvil,Basic,142,41,38.2,88.0,15,104.2,3.8,0.682,8.66,1
user_001153,56+,Buenos Aires,Móvil,Premium,332,1,359.67,125.0,13,84.8,18.9,0.986,0.09,0
user_001154,36-45,Buenos Aires,Desktop,Free,255,14,289.23,130.0,30,49.4,15.6,0.98,1.65,1
user_001155,26-35,Buenos Aires,Desktop,Premium,65,22,297.85,18.0,19,8.6,8.9,0.161,,1
user_001156,26-35,Rosario,Desktop,Free,266,11,24.45,126.0,23,15.2,2.7,0.946,1.24,1
user_001157,36-45,Rosario,Desktop,Free,72,30,77.87,87.0,5,12.4,7.7,0.707,12.5,0
user_001158,26-35,Buenos Aires,Móvil,Free,236,41,320.17,86.0,14,90.5,11.0,,,1
user_001159,18-25,Rosario,Desktop,Free,55,0,482.16,999.0,16,2.5,7.2,0.306,,1
user_001160,,La Plata,Tablet,Free,75,39,254.12,137.0,6,117.1,2.8,0.683,15.6,0
user_001161,36-45,Rosario,Desktop,Premium,286,49,96.97,38.0,26,98.5,1.6,0.039,5.14,1
user_001162,46-55,Mendoza,Móvil,Premium,90,18,62.81,174.0,5,71.2,4.2,0.1,6.0,0
user_001163,36-45,Otros,Tablet,Premium,267,42,278.51,99.0,25,54.3,3.2,0.554,4.72,0
user_001164,26-35,Buenos Aires,Tablet,Basic,192,50,208.1,91.0,1,110.1,18.5,0.811,7.81,0
user_001165,36-45,La Plata,Móvil,Basic,28,42,330.85,134.0,18,69.4,11.1,,42.0,0
user_001166,36-45,Buenos Aires,Móvil,Premium,86,18,472.68,109.0,12,52.8,2.6,0.024,6.28,0
user_001167,26-35,Córdoba,Móvil,Basic,312,50,387.66,175.0,22,7.6,16.8,0.188,4.81,0
user_001168,26-35,Rosario,Tablet,Basic,320,41,163.69,12.0,17,4.3,19.4,0.385,3.84,1
user_001169,,Buenos Aires,Desktop,Premium,185,47,259.1,45.0,16,45.1,14.3,0.911,7.62,1
user_001170,26-35,Buenos Aires,Móvil,Free,315,45,109.77,52.0,18,77.2,1.3,0.922,4.29,0
user_001171,56+,Buenos Aires,Móvil,Premium,260,42,408.68,84.0,5,,16.7,0.372,4.85,1
user_001172,18-25,Buenos Aires,Móvil,Basic,160,27,343.39,160.0,9,25.4,17.7,0.737,5.06,0
user_001173,26-35,Buenos Aires,Desktop,Free,226,12,410.2,124.0,8,72.4,12.9,0.395,1.59,0
user_001174,46-55,Buenos Aires,Desktop,Free,9,7,66.49,125.0,2,22.8,7.2,0.944,7.0,0
user_001175,56+,Mendoza,Desktop,Free,234,18,149.51,145.0,8,,3.3,0.823,2.31,1
user_001176,56+,Rosario,Móvil,Free,262,2,239.79,27.0,3,28.2,16.8,0.184,,0
user_001177,46-55,Buenos Aires,Desktop,Basic,10,9,226.59,10.0,21,112.1,15.6,0.189,9.0,1
user_001178,36-45,Buenos Aires,Móvil,Free,258,16,461.7,89.0,14,24.9,13.2,0.391,1.86,1
user_001179,56+,Córdoba,Móvil,Basic,287,21,332.43,112.0,0,104.7,2.3,,2.2,1
user_001180,26-35,Buenos Aires,Móvil,Free,95,7,345.53,104.0,16,64.6,12.8,0.17,,1
user_001181,26-35,Buenos Aires,Móvil,Free,201,24,11.68,14.0,26,47.1,11.8,0.857,,1
user_001182,18-25,Córdoba,Móvil,Premium,44,30,469.23,165.0,12,34.6,12.7,0.45,20.45,1
user_001183,36-45,Rosario,Móvil,Enterprise,244,29,244.77,39.0,14,64.8,7.8,0.144,3.57,0
user_001184,36-45,Otros,Móvil,Free,39,10,190.36,5.0,13,,3.7,0.46,7.69,0
user_001185,46-55,La Plata,Tablet,Free,2,40,182.94,103.0,13,106.2,9.8,,40.0,0
user_001186,26-35,Buenos Aires,Desktop,Free,167,33,110.9,55.0,22,23.7,4.7,0.874,5.93,0
user_001187,46-55,Córdoba,Móvil,Premium,28,50,210.02,164.0,9,26.4,3.7,,50.0,0
user_001188,26-35,Otros,,Premium,32,26,34.93,55.0,10,66.7,4.0,0.384,,1
user_001189,26-35,Otros,Móvil,Free,101,36,336.83,69.0,23,82.0,15.6,,10.69,1
user_001190,46-55,Buenos Aires,Móvil,Basic,71,47,73.97,124.0,10,,15.5,,19.86,0
user_001191,46-55,Rosario,Desktop,Free,44,0,460.88,999.0,27,7.3,17.2,0.313,0.0,1
user_001192,26-35,Buenos Aires,Móvil,,183,23,315.38,80.0,18,108.6,9.5,0.339,,1
user_001193,26-35,Buenos Aires,Móvil,Premium,276,9,90.0,30.0,17,109.3,8.8,0.562,0.98,0
user_001194,26-35,Otros,Desktop,Premium,44,7,335.3,37.0,29,53.9,15.4,0.136,4.77,1
user_001195,,Córdoba,Desktop,Basic,170,23,466.16,149.0,18,22.6,18.0,,4.06,1
user_001196,36-45,La Plata,Tablet,Premium,22,4,96.85,159.0,9,81.6,18.4,0.111,4.0,1
user_001197,18-25,Rosario,Móvil,Premium,23,50,50.71,154.0,25,59.9,12.8,0.59,50.0,1
user_001198,26-35,Buenos Aires,Móvil,Enterprise,279,1,249.91,42.0,1,78.3,14.3,0.263,,0
user_001199,26-35,Buenos Aires,Tablet,Basic,144,42,49.32,141.0,1,,19.6,,8.75,1
user_001200,18-25,Córdoba,Tablet,Free,72,2,350.69,69.0,22,45.6,8.0,0.513,0.83,0
user_001201,26-35,Buenos Aires,Tablet,Premium,148,35,104.52,72.0,8,10.9,9.5,0.672,7.09,0
user_001202,,La Plata,Desktop,Free,24,8,405.05,27.0,7,9.9,8.1,0.154,8.0,1
user_001203,,La Plata,Móvil,Free,244,21,436.38,158.0,2,19.6,12.9,0.871,2.58,0
user_001204,36-45,Buenos Aires,Desktop,Basic,130,3,355.03,51.0,29,89.8,2.5,,0.69,1
user_001205,18-25,Mendoza,Móvil,Free,319,5,199.58,160.0,16,23.9,16.5,0.708,,1
user_001206,36-45,Buenos Aires,Móvil,Basic,112,3,226.83,129.0,0,10.5,19.5,0.263,0.8,1
user_001207,36-45,Buenos Aires,Móvil,Premium,88,12,101.65,82.0,24,119.0,4.1,0.635,4.09,0
user_001208,26-35,Córdoba,Desktop,Free,62,16,413.99,61.0,16,1.8,17.9,0.684,7.74,1
user_001209,46-55,,Móvil,Free,221,46,39.6,110.0,2,81.2,18.1,0.446,6.24,0
user_001210,18-25,Rosario,Tablet,Free,20,43,306.7,16.0,18,32.2,17.0,0.451,43.0,1
user_001211,26-35,Buenos Aires,Móvil,Basic,120,47,103.24,150.0,5,6.1,7.7,0.465,11.75,0
user_001212,26-35,Mendoza,Tablet,Basic,129,29,231.57,36.0,23,90.3,9.0,,6.74,0
user_001213,46-55,Córdoba,Desktop,Free,294,23,16.84,169.0,28,21.6,12.3,0.184,2.35,1
user_001214,18-25,Córdoba,Móvil,Free,317,31,202.19,77.0,26,114.7,11.4,,2.93,0
user_001215,36-45,Córdoba,Móvil,Premium,116,31,484.86,15.0,11,115.4,2.3,0.323,8.02,0
user_001216,36-45,Buenos Aires,Móvil,Basic,121,13,214.01,3.0,30,37.7,4.0,0.63,3.22,1
user_001217,36-45,Rosario,Móvil,Basic,15,21,365.13,,27,16.2,11.7,0.474,21.0,0
user_001218,26-35,Córdoba,Móvil,Free,356,14,455.97,80.0,20,110.0,19.5,0.787,1.18,0
user_001219,26-35,Mendoza,Desktop,Premium,81,20,392.98,146.0,29,28.2,12.3,0.237,7.41,0
user_001220,26-35,Córdoba,Móvil,Basic,238,6,198.23,37.0,19,39.3,11.1,0.463,0.76,1
user_001221,18-25,Córdoba,Móvil,Premium,229,45,80.11,15.0,15,30.3,13.0,,5.9,0
user_001222,26-35,Buenos Aires,Móvil,Free,48,20,306.34,,6,99.1,13.3,0.958,12.5,1
user_001223,36-45,Buenos Aires,Móvil,Premium,60,33,401.44,72.0,7,95.1,9.0,,16.5,1
user_001224,26-35,Buenos Aires,Móvil,Free,360,41,383.56,20.0,11,56.3,18.3,0.148,3.42,1
user_001225,26-35,Buenos Aires,Móvil,Free,45,17,233.41,50.0,22,73.2,6.4,0.586,11.33,0
user_001226,56+,Buenos Aires,Desktop,Basic,200,23,79.46,96.0,17,,9.3,0.324,3.45,0
user_001227,26-35,La Plata,Móvil,Free,274,36,380.68,10.0,28,61.9,14.7,0.714,3.94,1
user_001228,18-25,Buenos Aires,Móvil,Basic,111,45,125.16,92.0,11,41.2,8.8,0.751,12.16,1
user_001229,26-35,Buenos Aires,Móvil,Premium,113,44,85.94,22.0,26,25.7,4.0,0.763,11.68,0
user_001230,26-35,Buenos Aires,Desktop,Free,232,41,423.02,57.0,15,6.0,5.2,0.233,5.3,0
user_001231,56+,Buenos Aires,Móvil,Free,287,40,338.43,4.0,16,92.1,10.4,0.67,4.18,1
user_001232,26-35,Buenos Aires,Móvil,Free,9,14,295.54,1.0,11,84.5,12.1,0.368,14.0,1
user_001233,26-35,Buenos Aires,Móvil,Basic,281,39,147.89,142.0,11,61.8,4.0,0.202,,0
user_001234,,Buenos Aires,Desktop,Free,54,41,149.84,7.0,14,72.8,13.4,0.512,22.78,0
user_001235,26-35,Buenos Aires,Móvil,Free,158,13,108.07,145.0,23,89.9,16.8,,2.47,1
user_001236,46-55,Córdoba,Móvil,Basic,62,36,446.2,64.0,6,61.8,6.9,0.216,17.42,0
user_001237,46-55,Buenos Aires,Tablet,Free,273,20,234.36,100.0,19,90.7,18.5,0.48,2.2,1
user_001238,26-35,Otros,,Free,60,39,62.56,0.0,27,4.7,2.0,0.011,19.5,0
user_001239,56+,Buenos Aires,Móvil,Basic,225,10,57.64,94.0,6,,19.4,0.742,1.33,1
user_001240,18-25,Córdoba,Móvil,Premium,175,7,158.0,67.0,14,,17.9,0.801,1.2,1
user_001241,18-25,Rosario,Tablet,Premium,261,30,95.54,28.0,2,87.3,9.6,0.886,3.45,0
user_001242,36-45,Buenos Aires,Desktop,Basic,10,46,348.98,55.0,2,48.3,8.2,0.037,46.0,0
user_001243,46-55,Córdoba,,,144,2,331.74,71.0,22,34.5,10.1,0.802,0.42,1
user_001244,36-45,Otros,Móvil,Basic,353,0,497.96,999.0,1,104.9,16.9,0.435,0.0,0
user_001245,26-35,Buenos Aires,Desktop,Free,6,23,53.32,94.0,14,98.7,11.3,0.373,23.0,1
user_001246,36-45,Córdoba,Móvil,Basic,175,26,95.24,102.0,11,56.6,7.6,,4.46,0
user_001247,46-55,Córdoba,Móvil,Free,21,27,52.36,64.0,28,17.4,18.6,0.645,27.0,1
user_001248,,La Plata,Móvil,Free,135,32,459.97,160.0,4,72.3,11.3,0.832,7.11,0
user_001249,46-55,Rosario,Tablet,Premium,284,44,204.21,107.0,28,14.3,10.5,0.042,4.65,0
user_001250,36-45,Buenos Aires,Móvil,Premium,312,47,121.12,85.0,15,14.9,14.9,0.797,4.52,1
user_001251,56+,Córdoba,Desktop,Free,85,22,377.41,176.0,24,118.6,5.3,0.644,7.76,0
user_001252,46-55,La Plata,,Free,286,50,484.95,27.0,15,18.2,2.4,,5.24,0
user_001253,46-55,Buenos Aires,Móvil,Basic,242,12,21.52,7.0,9,15.4,4.5,0.776,1.49,1
user_001254,18-25,Córdoba,Móvil,Premium,329,42,207.47,178.0,19,36.7,8.4,,3.83,0
user_001255,36-45,Otros,Desktop,Basic,146,43,250.75,8.0,15,39.0,1.6,0.701,8.84,1
user_001256,46-55,Mendoza,Móvil,Basic,169,22,475.07,175.0,15,,8.2,0.963,3.91,0
user_001257,26-35,,Móvil,Premium,321,45,319.34,24.0,14,,7.4,0.604,4.21,1
user_001258,18-25,Buenos Aires,Desktop,Premium,125,13,310.72,24.0,0,82.4,12.3,0.675,3.12,1
user_001259,56+,Córdoba,Móvil,Basic,351,44,286.87,137.0,20,87.2,5.8,,3.76,0
user_001260,26-35,Otros,Móvil,Free,101,18,304.55,109.0,3,82.7,19.4,0.077,,0
user_001261,26-35,Buenos Aires,Desktop,Premium,119,11,388.51,11.0,9,22.7,7.5,0.683,2.77,1
user_001262,26-35,Córdoba,Desktop,Premium,113,6,90.57,33.0,23,117.5,12.5,0.024,1.59,0
user_001263,26-35,Rosario,Móvil,Basic,111,44,190.46,139.0,3,50.8,1.6,0.436,11.89,0
user_001264,26-35,Buenos Aires,Móvil,Premium,6,22,242.57,129.0,29,29.9,18.6,0.138,22.0,0
user_001265,,Rosario,Desktop,Basic,353,34,192.93,67.0,15,9.0,16.0,,2.89,1
user_001266,18-25,Buenos Aires,Móvil,Free,154,47,353.72,2.0,11,8.1,16.0,0.113,9.16,0
user_001267,26-35,Córdoba,Móvil,Premium,25,20,461.16,122.0,25,26.4,13.6,0.478,20.0,1
user_001268,18-25,Córdoba,Desktop,Basic,256,4,81.6,32.0,27,61.7,17.4,,0.47,1
user_001269,56+,Buenos Aires,Móvil,Basic,103,26,421.49,92.0,30,27.8,6.0,0.06,7.57,0
user_001270,18-25,Buenos Aires,Móvil,Free,144,46,466.08,100.0,14,73.2,17.5,0.749,9.58,0
user_001271,26-35,Otros,Móvil,Basic,300,48,321.32,61.0,19,63.0,10.4,0.075,4.8,1
user_001272,18-25,Buenos Aires,Móvil,Premium,58,9,388.73,10.0,11,34.0,6.3,,4.66,1
user_001273,26-35,Córdoba,Móvil,Free,191,30,260.61,98.0,24,104.7,14.1,0.695,,0
user_001274,,Rosario,Móvil,Basic,16,5,348.8,87.0,17,62.5,13.0,0.252,5.0,0
user_001275,56+,La Plata,Móvil,Free,228,20,454.54,144.0,6,42.5,6.8,0.826,,1
user_001276,36-45,Buenos Aires,Móvil,Basic,100,12,386.47,35.0,25,92.6,6.6,,,1
user_001277,36-45,Rosario,Móvil,Basic,180,33,94.97,74.0,20,30.4,12.4,0.633,5.5,1
user_001278,18-25,Rosario,Móvil,Free,193,30,361.35,145.0,14,65.0,3.8,,4.66,0
user_001279,18-25,Córdoba,Móvil,Free,236,4,102.57,65.0,29,59.9,18.8,0.551,0.51,0
user_001280,36-45,Córdoba,Móvil,Enterprise,224,40,491.03,152.0,3,57.7,8.4,0.119,5.36,1
user_001281,18-25,Mendoza,Tablet,Free,273,4,145.9,140.0,17,32.9,15.9,,0.44,0
user_001282,26-35,Buenos Aires,Desktop,Free,14,7,175.43,159.0,23,34.0,9.2,0.23,,1
user_001283,36-45,Mendoza,Tablet,Free,49,15,84.33,141.0,18,38.7,5.2,0.806,,1
user_001284,,,Tablet,Free,169,47,310.92,69.0,25,58.9,2.8,0.845,8.34,0
user_001285,26-35,Rosario,Desktop,Premium,252,17,62.62,61.0,21,37.7,12.0,0.6,2.02,0
user_001286,26-35,Buenos Aires,Desktop,Basic,168,28,226.84,98.0,27,74.2,8.2,0.541,5.0,1
user_001287,26-35,Rosario,Móvil,Premium,226,21,167.82,127.0,16,74.3,16.9,0.607,2.79,1
user_001288,18-25,Buenos Aires,Desktop,Basic,175,10,396.15,53.0,6,38.4,8.7,0.249,1.71,0
user_001289,,Córdoba,Desktop,Enterprise,217,43,468.28,62.0,20,84.0,9.6,0.8,,1
user_001290,36-45,Córdoba,Móvil,Basic,166,28,455.5,22.0,13,,5.3,0.367,5.06,1
user_001291,26-35,Buenos Aires,Desktop,Basic,232,38,270.16,50.0,27,5.3,8.2,0.048,4.91,0
user_001292,18-25,Otros,Móvil,Basic,248,3,132.69,134.0,29,31.4,3.8,0.142,0.36,0
user_001293,26-35,Otros,Móvil,Free,142,33,42.72,23.0,19,7.2,13.4,0.784,6.97,0
user_001294,26-35,Córdoba,Móvil,Free,275,1,405.79,50.0,19,85.8,2.3,0.102,0.11,1
user_001295,36-45,Mendoza,Móvil,,274,11,84.83,47.0,7,94.6,7.2,0.172,1.2,0
user_001296,36-45,,Móvil,Free,226,8,91.83,120.0,4,101.7,5.6,0.609,,1
user_001297,36-45,Buenos Aires,Móvil,Free,177,7,359.58,41.0,20,73.1,1.8,,1.19,1
user_001298,18-25,Córdoba,Desktop,Basic,296,25,279.65,103.0,28,63.5,19.3,0.943,2.53,0
user_001299,46-55,Rosario,Desktop,Basic,184,16,266.5,104.0,5,60.9,10.5,0.805,2.61,1
user_001300,18-25,Otros,Desktop,Free,260,26,197.46,76.0,11,3.8,10.3,0.75,3.0,1
user_001301,,Rosario,Móvil,Premium,255,50,381.79,35.0,20,95.5,8.5,0.142,5.88,0
user_001302,56+,Buenos Aires,Móvil,Premium,249,23,442.37,118.0,4,50.5,2.0,0.948,2.77,0
user_001303,56+,Buenos Aires,Móvil,Basic,38,24,444.65,110.0,2,72.2,7.7,0.513,18.95,1
user_001304,18-25,Otros,Desktop,Free,121,21,104.8,129.0,5,2.3,2.9,0.744,5.21,1
user_001305,26-35,,Móvil,Basic,78,1,229.7,85.0,25,73.9,7.6,0.327,0.38,0
user_001306,18-25,Córdoba,Móvil,Basic,177,31,222.37,131.0,1,80.3,11.4,0.749,5.25,1
user_001307,18-25,Otros,Tablet,Free,106,42,359.99,162.0,8,18.1,15.5,0.196,11.89,0
user_001308,26-35,Córdoba,Móvil,Free,50,8,105.3,145.0,6,50.7,16.7,0.152,4.8,0
user_001309,36-45,Otros,Móvil,Enterprise,85,10,430.83,67.0,23,,2.3,0.468,3.53,1
user_001310,56+,Córdoba,Móvil,Basic,281,21,312.23,95.0,27,56.8,19.2,0.577,2.24,0
user_001311,46-55,La Plata,Móvil,Basic,85,33,86.24,174.0,26,86.3,10.9,,11.65,0
user_001312,46-55,Buenos Aires,Desktop,Basic,61,17,170.8,130.0,9,60.4,14.8,,8.36,1
user_001313,26-35,La Plata,Móvil,Free,63,14,423.8,56.0,28,,9.8,0.153,6.67,1
user_001314,36-45,Córdoba,Móvil,Free,315,36,172.29,20.0,7,20.3,10.1,0.928,,1
user_001315,46-55,Otros,Móvil,Basic,332,27,85.48,121.0,0,40.7,8.0,0.308,2.44,0
user_001316,46-55,Córdoba,Tablet,Basic,116,25,220.75,60.0,9,29.9,16.3,,6.47,1
user_001317,26-35,Córdoba,Móvil,Free,59,50,371.34,38.0,17,52.0,18.0,0.934,25.42,0
user_001318,36-45,Otros,Móvil,Free,8,8,152.8,93.0,21,82.6,16.7,0.357,8.0,0
user_001319,18-25,Buenos Aires,Móvil,Free,73,37,50.35,10.0,19,1.0,18.5,0.79,15.21,0
user_001320,46-55,Córdoba,Móvil,Free,165,33,45.12,156.0,9,,9.8,0.852,6.0,0
user_001321,36-45,Rosario,Móvil,Basic,285,44,149.01,100.0,27,,4.1,0.473,4.63,0
user_001322,26-35,Córdoba,Móvil,Premium,134,25,214.81,60.0,25,118.2,6.9,0.327,5.6,0
user_001323,26-35,Mendoza,Móvil,Free,242,7,82.36,114.0,4,18.8,2.4,,,0
user_001324,26-35,Buenos Aires,Móvil,Basic,13,41,337.45,171.0,17,87.8,6.7,0.709,41.0,1
user_001325,36-45,Córdoba,Móvil,Free,123,3,25.38,64.0,12,23.2,10.5,,0.73,0
user_001326,46-55,La Plata,Móvil,Premium,162,47,483.68,108.0,21,38.5,18.4,0.567,,0
user_001327,18-25,La Plata,Móvil,Free,7,5,248.58,85.0,4,6.0,3.7,0.513,5.0,1
user_001328,56+,Otros,Desktop,Basic,112,49,14.52,92.0,22,,12.7,,13.12,0
user_001329,26-35,La Plata,Móvil,Free,312,21,343.37,129.0,8,64.2,17.9,0.994,2.02,1
user_001330,56+,,Desktop,Premium,52,2,232.93,151.0,17,35.5,19.9,0.456,,1
user_001331,26-35,Córdoba,Desktop,Premium,220,30,416.48,106.0,29,56.2,17.8,0.572,4.09,1
user_001332,46-55,Buenos Aires,Móvil,Premium,204,2,410.2,171.0,28,70.0,8.5,,0.29,1
user_001333,18-25,Otros,Móvil,Free,248,27,33.4,19.0,25,96.6,11.2,,3.27,1
user_001334,18-25,La Plata,Desktop,Premium,152,50,160.04,153.0,21,7.1,19.8,0.213,9.87,1
user_001335,36-45,Mendoza,Desktop,Premium,27,24,284.77,84.0,5,65.9,4.8,0.685,24.0,0
user_001336,26-35,Buenos Aires,Móvil,Free,325,47,368.2,43.0,21,35.8,5.9,0.162,,0
user_001337,26-35,Buenos Aires,Móvil,Premium,147,19,498.96,177.0,17,77.0,2.4,0.156,3.88,0
user_001338,46-55,Buenos Aires,Móvil,Premium,303,50,381.64,69.0,30,22.3,15.5,0.338,,0
user_001339,46-55,Mendoza,Móvil,Free,109,42,311.04,21.0,11,94.9,7.7,0.388,11.56,1
user_001340,,Buenos Aires,Móvil,Premium,269,50,385.58,16.0,5,,4.0,,5.58,0
user_001341,18-25,Otros,Desktop,Free,92,21,428.22,110.0,3,97.1,15.7,0.402,6.85,1
user_001342,18-25,Rosario,Desktop,Premium,280,4,488.31,58.0,26,79.2,18.3,,0.43,1
user_001343,26-35,Rosario,Móvil,Free,131,28,102.16,146.0,11,3.0,13.6,0.373,6.41,1
user_001344,26-35,La Plata,Tablet,Premium,192,5,75.7,24.0,19,62.9,15.6,0.593,,0
user_001345,26-35,Otros,Desktop,Free,123,39,407.31,163.0,10,30.3,11.2,0.426,9.51,0
user_001346,46-55,Buenos Aires,Móvil,Enterprise,346,8,350.99,97.0,4,34.4,17.1,0.981,0.69,1
user_001347,26-35,Córdoba,Desktop,Basic,94,1,490.81,83.0,5,85.7,17.5,0.931,,1
user_001348,36-45,Buenos Aires,Móvil,Enterprise,57,49,173.55,31.0,5,,12.1,0.079,25.79,1
user_001349,26-35,La Plata,Móvil,Basic,340,5,407.67,140.0,29,69.7,14.1,,0.44,0
user_001350,,Buenos Aires,Móvil,Premium,83,19,460.23,107.0,2,79.3,6.1,0.052,6.87,1
user_001351,18-25,Otros,Móvil,Premium,330,2,239.92,92.0,12,65.5,6.0,,0.18,1
user_001352,46-55,,Móvil,Free,78,36,353.34,26.0,20,97.7,9.9,,13.85,1
user_001353,18-25,Otros,Desktop,Basic,301,26,12.59,133.0,28,33.5,16.1,0.776,2.59,1
user_001354,26-35,Buenos Aires,Móvil,Basic,269,24,104.31,135.0,9,42.0,8.7,,2.68,1
user_001355,26-35,Buenos Aires,Desktop,Free,69,26,134.95,154.0,15,1.2,3.2,0.591,,0
user_001356,36-45,Rosario,Desktop,Basic,236,42,131.9,10.0,7,119.8,15.2,0.731,5.34,0
user_001357,26-35,Otros,Móvil,Free,15,0,329.41,999.0,22,14.2,14.2,,,1
user_001358,26-35,Buenos Aires,Desktop,Premium,191,23,169.3,105.0,12,79.5,13.9,0.443,3.61,0
user_001359,46-55,Buenos Aires,Móvil,Free,262,42,430.48,169.0,7,59.3,19.0,0.437,4.81,1
user_001360,18-25,Córdoba,Móvil,Premium,236,3,376.68,134.0,9,25.3,3.1,0.287,,0
user_001361,26-35,Córdoba,Móvil,Premium,220,33,41.99,116.0,11,37.1,5.3,,4.5,0
user_001362,46-55,Otros,Móvil,Basic,224,28,453.36,4.0,24,28.9,10.2,0.219,,0
user_001363,36-45,Otros,Móvil,Premium,83,33,134.86,25.0,8,103.6,10.8,,11.93,0
user_001364,18-25,Rosario,Desktop,Free,159,18,133.53,62.0,24,115.0,18.7,0.856,3.4,0
user_001365,46-55,Córdoba,Móvil,Basic,71,33,11.65,5.0,10,,15.6,0.42,13.94,0
user_001366,18-25,Buenos Aires,Móvil,Free,191,48,218.18,178.0,25,33.4,4.8,0.402,7.54,0
user_001367,36-45,Córdoba,Móvil,Basic,57,15,169.11,86.0,11,57.1,5.6,0.333,7.89,0
user_001368,26-35,Rosario,Desktop,Free,249,8,123.34,11.0,6,56.6,11.2,0.739,0.96,1
user_001369,36-45,Otros,Móvil,Free,313,47,115.12,94.0,3,5.4,1.2,,4.5,0
user_001370,56+,Rosario,Desktop,Premium,304,5,177.0,60.0,19,15.1,16.3,0.791,0.49,1
user_001371,36-45,Otros,Móvil,Basic,91,17,275.13,168.0,24,83.8,1.1,,5.6,0
user_001372,46-55,La Plata,Móvil,Basic,255,14,463.16,71.0,0,51.8,7.6,0.357,,0
user_001373,36-45,Buenos Aires,Desktop,Enterprise,134,36,20.47,70.0,6,21.5,4.0,0.737,8.06,0
user_001374,18-25,Buenos Aires,Móvil,Basic,274,42,230.24,158.0,4,4.7,14.8,0.724,4.6,0
user_001375,36-45,La Plata,Móvil,Basic,178,9,347.08,40.0,15,46.0,4.3,0.035,1.52,1
user_001376,36-45,La Plata,Móvil,Premium,276,13,45.87,106.0,3,52.7,14.3,0.166,1.41,1
user_001377,36-45,Rosario,Desktop,Premium,0,37,450.5,149.0,10,106.5,4.0,0.997,37.0,0
user_001378,36-45,Buenos Aires,Móvil,Free,93,50,228.09,80.0,8,73.1,18.6,0.798,16.13,1
user_001379,18-25,Buenos Aires,Desktop,Basic,355,5,438.62,29.0,25,,18.1,0.23,,0
user_001380,36-45,La Plata,Móvil,Free,7,41,294.52,34.0,1,62.6,11.2,0.232,41.0,0
user_001381,26-35,Buenos Aires,Desktop,Basic,301,4,128.33,141.0,2,41.4,11.2,0.26,0.4,0
user_001382,36-45,La Plata,Móvil,Basic,195,13,78.46,56.0,22,76.7,10.8,0.625,2.0,1
user_001383,26-35,Rosario,Móvil,Premium,329,29,90.67,70.0,27,41.2,1.6,0.012,2.64,0
user_001384,46-55,Rosario,Desktop,Premium,352,5,168.02,163.0,18,10.6,14.1,0.481,0.43,1
user_001385,26-35,La Plata,Desktop,Free,315,40,376.75,154.0,0,86.6,19.8,0.313,,0
user_001386,18-25,Otros,Desktop,Premium,21,16,88.04,139.0,26,18.6,13.7,0.54,,1
user_001387,26-35,Otros,Móvil,Free,218,48,151.6,159.0,25,6.1,8.2,0.04,,0
user_001388,26-35,Buenos Aires,,Basic,143,15,195.17,162.0,10,11.6,14.8,0.275,3.15,1
user_001389,26-35,Rosario,Móvil,Free,289,17,260.72,82.0,11,79.7,8.0,0.822,,0
user_001390,26-35,Buenos Aires,Desktop,Basic,70,3,209.3,61.0,13,72.7,12.7,0.46,1.29,0
user_001391,46-55,,Desktop,Basic,184,33,100.54,16.0,1,32.9,1.9,0.122,5.38,1
user_001392,26-35,Córdoba,Desktop,Premium,165,47,12.44,160.0,23,,17.3,0.177,8.55,0
user_001393,26-35,Otros,Móvil,Free,123,48,101.97,,2,48.6,5.6,,11.71,1
user_001394,36-45,Rosario,Móvil,Free,293,36,326.14,170.0,23,37.6,6.7,,,0
user_001395,46-55,Buenos Aires,Desktop,Premium,151,27,114.8,79.0,30,93.6,2.6,0.873,,0
user_001396,26-35,Otros,Móvil,Free,166,48,193.1,74.0,27,104.9,4.5,,8.67,1
user_001397,26-35,Córdoba,Móvil,Free,20,46,21.4,21.0,15,45.9,8.8,0.28,46.0,0
user_001398,36-45,Otros,,Premium,217,1,388.3,27.0,11,29.7,14.3,0.519,0.14,0
user_001399,26-35,Otros,Móvil,Premium,224,3,340.1,87.0,1,35.5,13.1,0.993,0.4,1
user_001400,26-35,Otros,Móvil,Premium,216,22,105.22,134.0,8,70.9,17.8,0.122,,0
user_001401,46-55,La Plata,Móvil,Premium,252,29,267.84,31.0,17,6.8,19.5,0.241,3.45,0
user_001402,36-45,Buenos Aires,Móvil,Basic,319,20,499.73,10.0,28,49.4,1.7,0.077,,1
user_001403,,Rosario,Móvil,Premium,323,20,495.8,24.0,14,115.3,17.3,0.779,1.86,0
user_001404,46-55,Buenos Aires,Móvil,Premium,97,1,297.18,85.0,24,50.4,11.4,0.838,,1
user_001405,56+,Buenos Aires,Móvil,Basic,97,44,253.7,72.0,26,117.5,3.3,0.725,13.61,1
user_001406,56+,La Plata,Desktop,Free,153,39,398.12,34.0,28,7.9,6.9,0.071,,1
user_001407,46-55,Rosario,Móvil,Free,302,18,120.66,101.0,16,57.8,16.9,,1.79,0
user_001408,18-25,La Plata,Móvil,Free,157,38,257.87,18.0,7,54.7,7.4,0.418,7.26,1
user_001409,26-35,Buenos Aires,Desktop,Premium,318,8,264.64,104.0,30,89.9,16.8,0.63,0.75,0
user_001410,26-35,Otros,Móvil,Enterprise,193,47,32.72,177.0,3,14.9,3.4,0.78,7.31,0
user_001411,56+,Otros,Desktop,Free,356,13,187.05,101.0,28,73.3,16.5,,1.1,1
user_001412,18-25,Córdoba,Móvil,Premium,168,6,476.87,55.0,8,107.8,7.8,,,1
user_001413,36-45,Córdoba,Móvil,Basic,105,31,217.99,143.0,20,108.4,12.8,0.984,8.86,0
user_001414,26-35,Otros,Móvil,Free,230,35,12.43,135.0,14,,7.5,,4.57,0
user_001415,56+,Mendoza,,Basic,24,13,124.54,95.0,19,87.1,2.0,0.667,13.0,1
user_001416,36-45,Buenos Aires,Desktop,Basic,134,36,294.61,16.0,25,35.4,11.9,0.935,8.06,1
user_001417,,Otros,,Free,0,48,302.95,146.0,19,113.2,9.0,0.624,48.0,1
user_001418,46-55,Rosario,Desktop,Basic,173,48,304.15,173.0,21,91.6,17.2,,8.32,1
user_001419,26-35,Córdoba,Móvil,Free,98,36,131.62,84.0,18,13.3,1.4,0.5,11.02,0
user_001420,36-45,Mendoza,Desktop,Enterprise,207,12,63.09,57.0,9,93.9,15.7,0.43,1.74,1
user_001421,36-45,Otros,Móvil,Basic,77,35,241.76,101.0,20,15.0,15.5,0.972,13.64,0
user_001422,36-45,Buenos Aires,Móvil,Basic,350,46,121.77,155.0,7,39.8,13.6,,3.94,0
user_001423,,Otros,Móvil,Premium,33,48,18.57,72.0,26,1.4,7.5,0.407,,0
user_001424,18-25,Buenos Aires,Desktop,Basic,26,21,24.67,37.0,12,71.3,7.8,0.677,21.0,1
user_001425,36-45,Buenos Aires,Móvil,Basic,143,22,209.39,18.0,29,99.7,1.3,,,1
user_001426,18-25,La Plata,Desktop,Premium,147,33,163.71,86.0,29,90.3,5.8,0.192,,0
user_001427,,Buenos Aires,Móvil,Premium,229,32,143.23,10.0,27,4.5,19.2,0.478,4.19,1
user_001428,18-25,Rosario,Móvil,Basic,251,24,40.68,14.0,3,100.2,15.5,0.504,2.87,1
user_001429,18-25,,Desktop,Premium,327,1,33.48,16.0,12,63.8,12.6,0.279,0.09,0
user_001430,36-45,Buenos Aires,Desktop,Free,215,26,389.09,161.0,16,24.3,12.1,0.443,3.63,1
user_001431,36-45,Buenos Aires,Móvil,Basic,155,17,18.24,126.0,14,53.7,6.3,,,1
user_001432,56+,La Plata,Desktop,Premium,0,26,338.98,152.0,4,42.0,11.6,,26.0,0
user_001433,36-45,La Plata,Tablet,Premium,114,10,287.06,154.0,2,92.5,6.0,0.397,2.63,1
user_001434,36-45,Buenos Aires,Tablet,Free,97,29,123.74,33.0,30,111.8,7.8,0.931,8.97,0
user_001435,26-35,Otros,Móvil,Basic,262,5,237.48,52.0,27,119.5,18.2,0.678,0.57,1
user_001436,,Buenos Aires,Móvil,Premium,325,15,414.33,171.0,10,,10.4,0.573,1.38,0
user_001437,26-35,Buenos Aires,Móvil,,189,34,155.4,67.0,18,6.9,19.3,,5.4,1
user_001438,18-25,La Plata,Móvil,Free,200,6,221.27,72.0,1,,4.9,0.25,0.9,1
user_001439,26-35,Córdoba,Tablet,Premium,313,47,397.56,170.0,16,,4.5,0.014,4.5,1
user_001440,36-45,La Plata,Desktop,Basic,283,11,60.15,49.0,8,62.8,19.5,0.172,1.17,1
user_001441,26-35,La Plata,Desktop,Basic,86,28,124.59,109.0,27,99.3,17.6,0.539,9.77,0
user_001442,46-55,Buenos Aires,Desktop,Free,307,1,175.85,146.0,24,54.5,15.0,,0.1,0
user_001443,36-45,Mendoza,Móvil,Basic,6,7,232.25,179.0,1,48.9,18.8,0.236,7.0,0
user_001444,36-45,La Plata,Desktop,Free,158,48,11.1,138.0,4,11.0,17.0,0.18,9.11,1
user_001445,26-35,Rosario,Móvil,Free,43,42,189.36,85.0,17,118.7,18.8,0.687,29.3,1
user_001446,36-45,Mendoza,Móvil,Premium,158,11,45.65,146.0,4,40.0,8.6,0.457,2.09,0
user_001447,56+,Rosario,Móvil,Basic,61,15,220.68,155.0,17,35.4,11.4,0.016,7.38,1
user_001448,18-25,Otros,Desktop,Premium,284,38,348.98,58.0,21,101.2,9.2,0.719,4.01,0
user_001449,26-35,,Desktop,Free,11,38,175.48,156.0,16,66.9,2.3,0.084,38.0,0
user_001450,26-35,Córdoba,Móvil,Premium,188,2,350.69,112.0,2,43.5,4.4,,0.32,1
user_001451,26-35,Córdoba,Móvil,Enterprise,160,11,22.85,157.0,14,33.7,15.8,0.964,2.06,0
user_001452,36-45,Rosario,Móvil,Basic,333,31,198.39,38.0,27,75.2,18.4,0.506,2.79,1
user_001453,46-55,,Móvil,Free,287,47,28.71,164.0,17,38.9,11.0,0.399,4.91,0
user_001454,36-45,Mendoza,Móvil,Basic,270,1,335.15,92.0,24,119.3,8.2,0.62,0.11,1
user_001455,,Buenos Aires,Desktop,Free,14,34,96.19,87.0,27,45.6,5.8,,34.0,0
user_001456,26-35,Córdoba,Móvil,Premium,164,39,154.14,163.0,7,76.4,3.5,,7.13,1
user_001457,46-55,Mendoza,Desktop,Free,71,12,277.63,146.0,29,13.3,8.7,0.261,5.07,0
user_001458,36-45,Buenos Aires,Móvil,Free,15,30,97.17,87.0,12,21.0,11.9,0.404,30.0,1
user_001459,26-35,Rosario,Móvil,Basic,64,43,191.33,57.0,27,119.0,10.6,0.56,,0
user_001460,26-35,Buenos Aires,Desktop,Basic,165,24,475.29,143.0,10,2.9,7.1,0.488,4.36,1
user_001461,26-35,Buenos Aires,Móvil,Free,17,39,68.79,172.0,28,62.0,12.0,0.926,,0
user_001462,56+,Rosario,Móvil,Free,308,45,173.47,60.0,8,95.4,2.6,,4.38,0
user_001463,26-35,Buenos Aires,Móvil,Free,164,20,109.13,55.0,23,21.6,12.8,0.214,3.66,0
user_001464,26-35,La Plata,Móvil,Free,151,27,229.19,81.0,1,2.9,12.8,,,0
user_001465,36-45,Rosario,Móvil,Enterprise,289,50,52.7,90.0,5,55.3,12.7,0.948,5.19,0
user_001466,,Córdoba,Móvil,Basic,303,8,381.3,1.0,8,44.0,5.5,,0.79,1
user_001467,46-55,Buenos Aires,,Free,80,21,283.13,109.0,13,7.9,7.2,0.773,7.88,0
user_001468,26-35,Mendoza,Móvil,Free,106,10,77.73,180.0,10,61.7,19.7,0.893,2.83,0
user_001469,36-45,Buenos Aires,Móvil,Enterprise,222,50,434.73,157.0,9,22.2,3.4,0.958,6.76,1
user_001470,56+,La Plata,Móvil,Free,305,8,466.96,1.0,28,5.7,4.0,0.307,0.79,0
user_001471,26-35,Rosario,Móvil,Enterprise,38,8,324.9,29.0,25,,7.0,0.208,6.32,1
user_001472,26-35,Buenos Aires,Móvil,Basic,200,35,371.7,174.0,3,34.8,6.4,0.52,5.25,1
user_001473,26-35,Rosario,Tablet,Basic,50,31,481.92,176.0,29,27.4,9.5,0.637,18.6,0
user_001474,36-45,Buenos Aires,Móvil,Premium,140,8,189.48,131.0,23,84.7,18.5,0.288,,0
user_001475,36-45,La Plata,Móvil,Basic,330,6,371.15,48.0,26,,4.8,0.143,0.55,1
user_001476,18-25,Buenos Aires,Móvil,Free,35,0,443.89,999.0,16,30.1,6.0,0.16,0.0,0
user_001477,26-35,Buenos Aires,Móvil,Basic,82,33,356.02,170.0,14,22.1,4.4,0.35,12.07,1
user_001478,26-35,Mendoza,Móvil,Basic,128,30,76.48,39.0,27,69.0,1.6,0.142,7.03,1
user_001479,36-45,Mendoza,Desktop,Basic,319,42,281.36,26.0,12,7.3,17.5,0.718,3.95,1
user_001480,36-45,Buenos Aires,Móvil,Free,304,28,395.73,55.0,29,68.2,12.1,0.186,,1
user_001481,26-35,Buenos Aires,Móvil,Basic,351,39,114.91,105.0,28,21.4,2.9,0.427,3.33,1
user_001482,36-45,Rosario,Desktop,Free,198,35,80.5,42.0,10,78.7,14.3,0.245,5.3,0
user_001483,46-55,Córdoba,Móvil,Premium,70,17,214.76,125.0,23,77.7,15.0,0.883,7.29,1
user_001484,,Córdoba,Móvil,Free,253,21,137.91,64.0,18,97.5,15.7,0.611,,0
user_001485,18-25,Córdoba,Desktop,Premium,306,28,11.32,146.0,5,53.4,4.1,,,1
user_001486,56+,Córdoba,Móvil,Basic,24,7,114.98,83.0,4,70.0,11.6,0.915,7.0,0
user_001487,18-25,Buenos Aires,Desktop,Enterprise,241,8,398.68,101.0,23,95.1,17.4,0.548,1.0,1
user_001488,18-25,Buenos Aires,Desktop,Basic,277,43,443.56,132.0,16,61.2,11.8,0.349,4.66,1
user_001489,36-45,Mendoza,Desktop,Basic,258,22,100.48,163.0,17,47.9,2.2,0.838,2.56,1
user_001490,26-35,Buenos Aires,Móvil,Premium,345,41,50.18,146.0,27,95.5,7.1,,3.57,1
user_001491,46-55,Buenos Aires,Móvil,Premium,188,5,21.19,38.0,20,69.7,15.8,0.73,0.8,0
user_001492,36-45,Rosario,Móvil,Free,65,17,330.34,130.0,6,7.7,16.6,0.912,7.85,1
user_001493,26-35,Córdoba,Móvil,Basic,70,5,308.26,29.0,4,48.3,13.0,,2.14,1
user_001494,26-35,Buenos Aires,Desktop,Premium,306,29,210.95,169.0,4,7.4,12.5,0.746,2.84,1
user_001495,18-25,Córdoba,Móvil,Premium,320,2,69.27,8.0,14,17.2,7.5,,0.19,0
user_001496,46-55,Otros,Móvil,Basic,95,46,114.9,75.0,18,23.9,8.2,0.208,14.53,0
user_001497,36-45,Córdoba,Desktop,Premium,359,49,265.29,38.0,24,94.4,4.3,0.09,4.09,1
user_001498,46-55,Rosario,Desktop,Free,354,21,431.32,147.0,21,39.9,3.6,0.596,1.78,1
user_001499,18-25,La Plata,Móvil,Premium,173,23,497.34,89.0,23,46.3,16.0,0.81,3.99,1
user_001500,18-25,Otros,Desktop,Basic,30,22,72.82,177.0,18,60.1,1.3,0.097,22.0,0
user_001501,18-25,Buenos Aires,Móvil,Free,133,20,274.42,99.0,9,91.7,3.5,,4.51,0
user_001502,56+,La Plata,Desktop,Free,233,30,465.79,108.0,3,44.1,4.1,0.231,3.86,1
user_001503,,Buenos Aires,Desktop,Basic,112,46,482.36,110.0,13,103.6,1.4,,,1
user_001504,46-55,Córdoba,,Free,301,20,137.92,40.0,26,105.6,13.0,,1.99,0
user_001505,36-45,Buenos Aires,Móvil,Free,6,39,187.96,103.0,30,60.1,18.4,0.64,39.0,1
user_001506,26-35,Mendoza,Desktop,Free,177,37,341.76,89.0,11,,17.0,0.946,6.27,1
user_001507,26-35,Buenos Aires,Desktop,Free,237,27,11.34,11.0,17,8.1,3.3,0.784,3.42,0
user_001508,18-25,Buenos Aires,Tablet,Premium,303,35,122.63,115.0,12,33.9,18.9,0.489,3.47,1
user_001509,36-45,Córdoba,Móvil,Premium,149,42,189.46,27.0,4,,17.5,0.108,8.46,1
user_001510,36-45,Córdoba,Móvil,Free,190,28,59.82,13.0,14,85.8,7.3,0.969,4.42,0
user_001511,26-35,Córdoba,Móvil,Free,218,25,95.74,180.0,6,4.0,11.7,,3.44,1
user_001512,46-55,Rosario,Móvil,Premium,93,38,134.34,7.0,6,15.3,1.1,0.199,12.26,1
user_001513,46-55,Mendoza,Desktop,Free,22,28,461.76,111.0,28,47.8,16.6,0.079,,0
user_001514,,Buenos Aires,Móvil,Premium,66,1,25.72,68.0,12,50.4,2.9,0.965,0.45,0
user_001515,36-45,Mendoza,Desktop,Free,45,37,247.97,119.0,3,109.8,1.7,,24.67,0
user_001516,,Córdoba,Tablet,Free,231,45,285.83,179.0,27,85.2,14.2,0.574,5.84,1
user_001517,26-35,Otros,Móvil,Premium,204,2,135.21,155.0,16,5.5,12.2,0.647,0.29,1
user_001518,46-55,Otros,Móvil,Basic,59,31,323.05,165.0,2,24.6,12.2,,15.76,1
user_001519,26-35,Rosario,Móvil,Basic,153,24,478.17,38.0,6,58.7,19.1,,4.71,1
user_001520,26-35,Buenos Aires,Móvil,Free,73,11,113.36,176.0,30,62.3,12.2,,,1
user_001521,56+,Otros,Móvil,Free,74,45,413.05,67.0,5,106.1,17.1,0.956,18.24,0
user_001522,18-25,,Móvil,Premium,294,34,423.68,27.0,2,49.9,17.0,0.661,3.47,0
user_001523,18-25,La Plata,Desktop,Free,28,34,472.42,21.0,7,45.0,14.3,,,1
user_001524,36-45,La Plata,Desktop,Basic,103,9,449.75,21.0,14,115.5,14.9,0.538,2.62,1
user_001525,36-45,Buenos Aires,Desktop,Free,45,4,485.55,102.0,28,31.9,11.2,0.161,2.67,1
user_001526,26-35,La Plata,Móvil,Basic,304,14,289.83,112.0,16,45.5,18.7,0.539,,1
user_001527,46-55,Buenos Aires,Móvil,Basic,334,30,336.63,46.0,26,,11.7,0.3,2.69,0
user_001528,18-25,Rosario,Móvil,Free,159,31,340.43,151.0,8,95.2,12.4,0.423,5.85,1
user_001529,18-25,Mendoza,Móvil,Premium,107,42,465.81,122.0,21,76.6,6.1,0.589,,1
user_001530,36-45,Buenos Aires,Desktop,Premium,248,27,65.12,109.0,1,59.8,11.5,0.248,,0
user_001531,26-35,La Plata,Desktop,Basic,116,21,364.2,90.0,3,93.7,9.7,0.798,5.43,1
user_001532,36-45,Córdoba,Móvil,Free,28,38,463.85,179.0,20,34.7,12.6,0.384,38.0,0
user_001533,36-45,Otros,Móvil,Free,238,32,163.07,16.0,14,2.4,11.7,0.102,4.03,1
user_001534,18-25,Otros,Móvil,Free,293,40,209.25,138.0,17,15.9,10.5,0.574,4.1,0
user_001535,26-35,Córdoba,Desktop,Free,252,2,441.36,35.0,8,,3.9,0.988,,1
user_001536,26-35,Rosario,Móvil,Basic,96,4,53.7,18.0,6,119.8,3.1,0.896,1.25,0
user_001537,26-35,Mendoza,Móvil,Premium,238,13,360.22,27.0,7,26.4,14.7,0.894,,0
user_001538,18-25,Buenos Aires,Tablet,Free,191,32,56.25,85.0,24,99.8,1.4,0.166,,1
user_001539,46-55,Córdoba,Móvil,Basic,223,27,165.76,8.0,27,,6.5,0.028,3.63,1
user_001540,26-35,La Plata,Móvil,Premium,75,47,42.01,132.0,4,84.3,12.3,0.573,18.8,0
user_001541,36-45,Córdoba,Tablet,Premium,86,25,236.25,141.0,4,,2.5,0.271,,0
user_001542,46-55,Buenos Aires,Móvil,Free,101,11,460.37,160.0,12,113.7,11.4,0.616,,1
user_001543,36-45,Otros,Desktop,Basic,90,44,313.09,112.0,9,111.7,8.2,0.312,14.67,1
user_001544,26-35,Rosario,Tablet,Premium,319,3,64.22,157.0,4,87.0,13.9,,0.28,0
user_001545,46-55,Otros,Móvil,Premium,14,44,31.8,29.0,2,57.5,9.0,0.728,44.0,0
user_001546,46-55,Córdoba,Desktop,Premium,249,13,216.41,63.0,13,117.1,13.3,0.1,1.57,0
user_001547,26-35,Córdoba,Móvil,Basic,69,3,22.14,167.0,20,69.1,16.3,0.299,1.3,1
user_001548,26-35,Buenos Aires,Tablet,Enterprise,68,43,433.94,142.0,19,52.8,10.5,0.05,18.97,0
user_001549,,Buenos Aires,Desktop,Free,142,27,433.94,125.0,24,53.7,11.2,0.029,5.7,1
user_001550,46-55,Buenos Aires,Móvil,Free,135,50,258.15,155.0,0,51.6,5.6,0.782,11.11,1
user_001551,46-55,La Plata,Desktop,Premium,233,11,387.51,86.0,22,35.4,3.1,0.633,1.42,1
user_001552,36-45,Buenos Aires,Móvil,Basic,56,43,218.49,47.0,3,21.8,6.6,0.963,23.04,0
user_001553,26-35,La Plata,Desktop,Basic,134,25,75.82,80.0,19,,1.5,0.079,5.6,0
user_001554,36-45,Buenos Aires,Móvil,Enterprise,222,32,409.49,64.0,17,95.8,13.1,,4.32,1
user_001555,46-55,Otros,Móvil,Basic,362,33,491.17,123.0,22,59.8,11.6,0.196,2.73,0
user_001556,18-25,Rosario,Tablet,Basic,325,50,449.66,69.0,14,17.1,14.6,,4.62,0
user_001557,36-45,Córdoba,Móvil,Free,281,10,36.2,135.0,8,28.2,15.4,0.479,1.07,1
user_001558,26-35,Rosario,Desktop,Premium,249,34,33.57,141.0,11,116.9,13.1,0.368,4.1,0
user_001559,56+,Buenos Aires,Móvil,Basic,230,44,378.08,128.0,10,105.6,7.9,0.752,5.74,0
user_001560,18-25,Rosario,Móvil,Free,228,23,149.75,119.0,10,89.0,17.5,,3.03,1
user_001561,18-25,Otros,Móvil,Premium,326,28,149.88,137.0,19,,14.9,0.491,2.58,1
user_001562,36-45,Otros,Móvil,Premium,48,25,384.44,62.0,21,35.9,13.2,0.742,,0
user_001563,18-25,Buenos Aires,Desktop,Basic,115,43,93.16,18.0,28,57.5,14.6,0.655,11.22,1
user_001564,46-55,Buenos Aires,Desktop,Enterprise,334,2,134.92,162.0,6,,12.6,,0.18,0
user_001565,26-35,Córdoba,Desktop,Free,248,14,172.2,58.0,28,37.4,1.7,0.921,,1
user_001566,46-55,Mendoza,Móvil,Premium,7,25,225.87,129.0,9,62.2,2.3,0.425,25.0,1
user_001567,26-35,,Desktop,Free,277,16,219.47,136.0,6,98.5,17.7,0.688,,1
user_001568,36-45,Buenos Aires,Desktop,Basic,122,0,324.48,999.0,20,90.9,16.2,0.67,0.0,1
user_001569,36-45,Buenos Aires,Móvil,Enterprise,242,32,333.92,137.0,23,46.9,12.8,,3.97,1
user_001570,36-45,Mendoza,Desktop,Premium,65,38,39.85,80.0,15,69.9,3.5,0.479,17.54,0
user_001571,46-55,Rosario,Móvil,Free,225,5,432.31,153.0,17,90.0,8.2,0.253,0.67,1
user_001572,18-25,Buenos Aires,,Free,228,28,89.74,60.0,7,68.6,3.0,,3.68,1
user_001573,36-45,Córdoba,Móvil,Premium,35,36,112.94,44.0,16,104.2,18.6,0.712,,0
user_001574,56+,Buenos Aires,Móvil,Premium,80,0,100.71,999.0,5,106.8,1.3,,,1
user_001575,26-35,Córdoba,Móvil,Free,168,40,302.46,142.0,29,96.4,10.1,0.386,,0
user_001576,36-45,La Plata,Móvil,Free,360,5,151.49,60.0,28,,18.6,0.65,0.42,1
user_001577,,Rosario,Desktop,Premium,37,17,216.36,140.0,20,17.5,7.0,0.409,,0
user_001578,26-35,Rosario,Móvil,Free,64,46,388.82,4.0,14,100.4,8.7,0.182,,0
user_001579,46-55,Buenos Aires,Móvil,Premium,176,24,224.39,19.0,10,3.3,14.1,0.436,4.09,1
user_001580,26-35,Buenos Aires,Móvil,Premium,23,25,458.91,76.0,27,11.3,2.7,0.841,25.0,0
user_001581,56+,Buenos Aires,Móvil,Free,250,25,310.92,151.0,8,92.9,9.9,0.523,3.0,0
user_001582,26-35,Rosario,Móvil,Basic,358,12,154.16,36.0,12,64.6,11.8,,1.01,1
user_001583,26-35,Córdoba,Móvil,Free,284,27,283.43,133.0,28,76.6,3.2,0.529,,1
user_001584,36-45,Córdoba,Desktop,Free,16,23,403.4,109.0,5,44.2,17.0,0.569,23.0,1
user_001585,18-25,Rosario,Móvil,Premium,172,8,221.49,179.0,24,118.6,9.6,0.963,1.4,0
user_001586,36-45,La Plata,,,98,5,281.12,1.0,24,113.3,18.0,0.369,1.53,0
user_001587,56+,Mendoza,Móvil,Basic,294,7,235.68,116.0,9,,13.7,0.138,0.71,1
user_001588,26-35,Buenos Aires,Móvil,Basic,214,41,280.2,71.0,2,73.4,12.3,0.94,5.75,1
user_001589,26-35,Buenos Aires,Desktop,Basic,142,32,297.94,115.0,1,97.5,17.8,0.913,6.76,1
user_001590,36-45,Córdoba,Tablet,Free,230,35,179.84,75.0,11,58.8,16.9,,4.57,1
user_001591,18-25,La Plata,Móvil,Premium,107,23,253.5,0.0,22,69.4,18.8,0.05,6.45,0
user_001592,26-35,Otros,Desktop,Basic,42,3,235.09,54.0,26,17.2,17.1,,,1
user_001593,36-45,Otros,Desktop,Premium,275,50,147.2,14.0,2,58.8,13.4,0.912,5.45,1
user_001594,18-25,Rosario,Desktop,Free,101,8,496.91,18.0,12,113.1,11.3,0.931,2.38,1
user_001595,18-25,Buenos Aires,Desktop,Premium,174,41,352.03,15.0,2,14.8,8.1,0.001,7.07,1
user_001596,46-55,La Plata,Móvil,Premium,274,5,164.34,109.0,2,90.0,1.8,0.363,0.55,0
user_001597,18-25,Rosario,Móvil,Free,140,4,406.73,151.0,10,82.0,1.1,0.484,0.86,0
user_001598,46-55,Rosario,Desktop,Basic,7,19,285.27,83.0,22,,16.4,,19.0,1
user_001599,36-45,Córdoba,Móvil,Free,75,26,178.86,152.0,8,34.2,10.0,0.116,10.4,0
user_001600,56+,Mendoza,Móvil,Free,320,30,109.07,79.0,25,65.1,5.1,0.771,2.81,1
user_001601,18-25,Buenos Aires,Móvil,Premium,329,42,309.28,56.0,21,,9.9,0.297,,1
user_001602,26-35,Córdoba,Desktop,Free,181,9,216.13,15.0,12,103.6,19.6,0.435,1.49,1
user_001603,26-35,Rosario,Móvil,Premium,146,16,446.59,138.0,16,24.2,6.8,0.177,3.29,0
user_001604,26-35,Otros,Tablet,Enterprise,249,19,208.89,35.0,17,6.6,7.3,0.446,2.29,1
user_001605,56+,Mendoza,Móvil,Basic,138,21,182.7,93.0,30,48.3,4.9,,4.57,1
user_001606,36-45,Córdoba,Móvil,Premium,361,6,30.83,161.0,22,,1.5,0.99,0.5,0
user_001607,46-55,Buenos Aires,Móvil,Free,313,49,258.68,99.0,3,72.5,14.0,0.142,,0
user_001608,36-45,Córdoba,Móvil,Basic,214,11,92.41,6.0,12,86.3,8.0,0.234,1.54,1
user_001609,36-45,Buenos Aires,Móvil,Free,228,5,336.76,46.0,14,,15.9,0.9,0.66,0
user_001610,46-55,Buenos Aires,Móvil,Basic,183,44,460.3,20.0,10,14.2,5.1,0.719,7.21,0
user_001611,56+,Buenos Aires,Desktop,Basic,272,37,137.22,162.0,28,74.5,1.6,0.283,,0
user_001612,18-25,Córdoba,Móvil,Free,113,38,279.86,90.0,22,89.4,13.8,0.644,,0
user_001613,36-45,La Plata,Móvil,Enterprise,247,18,479.12,159.0,6,116.4,15.7,0.012,2.19,1
user_001614,46-55,Buenos Aires,Móvil,Free,12,2,440.36,109.0,1,61.3,14.3,0.76,2.0,0
user_001615,18-25,,Desktop,Free,333,14,495.34,86.0,28,74.2,17.9,0.96,1.26,0
user_001616,26-35,Mendoza,Tablet,Basic,182,21,81.79,92.0,12,9.4,2.1,0.964,3.46,1
user_001617,56+,Buenos Aires,Móvil,Basic,74,35,38.81,139.0,12,,10.1,0.044,14.19,0
user_001618,46-55,Otros,Móvil,Basic,9,8,361.16,55.0,21,24.1,17.1,,8.0,0
user_001619,56+,Córdoba,,Free,8,31,234.65,40.0,10,40.0,5.1,0.633,,0
user_001620,18-25,Buenos Aires,Móvil,Free,360,25,99.99,27.0,14,64.9,4.5,0.061,2.08,0
user_001621,36-45,Rosario,Desktop,Free,270,14,160.78,24.0,2,,16.0,0.571,1.56,0
user_001622,46-55,Córdoba,Desktop,Free,36,0,322.23,999.0,30,65.4,18.4,0.51,0.0,0
user_001623,18-25,La Plata,Móvil,Free,241,28,117.77,34.0,19,111.4,6.4,0.678,,0
user_001624,26-35,La Plata,Móvil,Premium,132,34,231.06,144.0,27,23.1,4.2,0.737,7.73,0
user_001625,26-35,Córdoba,Móvil,Premium,149,26,338.81,45.0,25,2.0,14.2,0.458,5.23,1
user_001626,36-45,Buenos Aires,Móvil,Basic,184,1,350.5,32.0,0,109.0,3.2,0.801,0.16,1
user_001627,26-35,Mendoza,Móvil,Free,283,44,479.14,25.0,20,95.6,14.8,0.171,4.66,0
user_001628,56+,Córdoba,Móvil,Basic,185,31,364.17,175.0,11,,9.2,0.773,5.03,1
user_001629,26-35,Córdoba,Móvil,Basic,108,46,298.39,80.0,18,90.2,14.1,,12.78,1
user_001630,36-45,Córdoba,Móvil,Premium,5,48,496.28,86.0,29,29.1,11.2,0.808,48.0,1
user_001631,46-55,Buenos Aires,Tablet,,56,9,259.17,148.0,15,108.0,16.3,,,1
user_001632,46-55,Rosario,Tablet,Free,206,46,379.46,41.0,0,7.4,11.5,0.615,,1
user_001633,18-25,Otros,Tablet,Free,91,9,38.99,22.0,8,34.2,19.8,0.655,2.97,0
user_001634,56+,La Plata,Desktop,Free,298,23,292.86,50.0,22,2.2,3.4,0.627,2.32,0
user_001635,18-25,Rosario,Tablet,Free,359,45,350.98,56.0,27,,14.6,0.498,3.76,1
user_001636,36-45,Buenos Aires,Móvil,Free,300,49,382.06,128.0,2,50.7,17.8,0.407,,0
user_001637,18-25,Rosario,,Free,163,50,301.49,112.0,14,55.7,8.6,0.585,9.2,1
user_001638,36-45,Buenos Aires,Móvil,Free,53,10,495.43,22.0,13,82.2,16.4,0.978,,1
user_001639,26-35,Córdoba,Desktop,Premium,328,10,295.2,135.0,6,15.2,15.9,,0.91,1
user_001640,46-55,Buenos Aires,Móvil,Free,88,36,49.77,51.0,30,,10.3,0.501,12.27,1
user_001641,26-35,La Plata,Tablet,Basic,178,25,235.65,10.0,12,28.8,8.5,0.153,4.21,0
user_001642,36-45,Córdoba,Móvil,Free,73,18,391.61,65.0,9,79.1,9.4,0.431,,0
user_001643,36-45,Rosario,Móvil,Free,265,26,178.46,77.0,20,72.9,4.2,0.19,2.94,1
user_001644,26-35,Córdoba,Desktop,Free,279,9,135.31,105.0,21,17.4,16.7,0.344,,0
user_001645,36-45,Buenos Aires,Desktop,Free,30,32,426.57,162.0,28,114.6,11.1,0.493,,1
user_001646,56+,Rosario,Desktop,Premium,61,9,323.34,79.0,29,98.7,2.6,0.601,,1
user_001647,26-35,Buenos Aires,Móvil,Premium,16,8,362.88,72.0,30,55.9,19.2,0.889,8.0,1
user_001648,18-25,Córdoba,Móvil,Free,24,12,475.19,8.0,25,83.1,2.5,0.706,12.0,1
user_001649,46-55,,Móvil,Free,178,46,140.87,119.0,24,87.6,18.4,0.564,7.75,0
user_001650,26-35,Mendoza,Móvil,Premium,228,46,400.77,68.0,23,92.9,18.1,0.636,6.05,1
user_001651,,Buenos Aires,Móvil,Basic,263,17,202.58,152.0,24,60.8,19.3,0.064,1.94,0
user_001652,56+,Buenos Aires,Móvil,Free,259,1,272.39,2.0,18,40.5,16.9,,0.12,1
user_001653,36-45,La Plata,Móvil,Free,209,9,168.32,95.0,18,46.4,6.7,0.447,1.29,1
user_001654,46-55,Buenos Aires,Móvil,Enterprise,308,8,127.4,150.0,3,32.6,8.3,0.933,0.78,0
user_001655,18-25,Rosario,Móvil,Basic,219,12,131.43,40.0,30,50.4,3.2,0.777,1.64,0
user_001656,26-35,La Plata,Móvil,Basic,207,42,387.46,57.0,3,,13.9,,6.09,1
user_001657,36-45,Mendoza,Móvil,Basic,92,22,460.68,36.0,29,15.3,8.0,0.549,7.17,1
user_001658,56+,Rosario,,Free,318,42,146.89,45.0,13,106.8,10.6,0.461,3.96,0
user_001659,46-55,Rosario,Desktop,Free,229,31,105.06,41.0,27,78.1,16.5,0.025,4.06,0
user_001660,26-35,Buenos Aires,Desktop,Free,95,28,236.77,33.0,18,52.2,14.0,0.407,8.84,1
user_001661,26-35,Buenos Aires,Tablet,Basic,266,2,463.25,161.0,22,43.5,3.9,0.439,0.23,0
user_001662,18-25,Otros,Móvil,Basic,91,42,492.2,9.0,0,,10.2,0.682,13.85,0
user_001663,18-25,Buenos Aires,Móvil,Premium,300,12,68.76,6.0,19,36.8,19.4,0.692,1.2,0
user_001664,46-55,Buenos Aires,Móvil,Premium,302,44,52.55,42.0,29,5.2,3.3,0.378,4.37,0
user_001665,26-35,Buenos Aires,Desktop,Free,188,46,23.13,165.0,5,69.5,13.0,0.485,7.34,1
user_001666,26-35,Mendoza,Tablet,Free,239,42,344.61,60.0,4,21.1,13.2,0.771,5.27,0
user_001667,26-35,Rosario,Desktop,Basic,139,11,10.7,93.0,27,57.4,14.2,,2.37,1
user_001668,46-55,Buenos Aires,Móvil,Basic,252,32,181.5,8.0,15,48.3,18.2,,3.81,0
user_001669,18-25,Buenos Aires,Desktop,Premium,130,7,384.6,40.0,26,102.6,8.2,0.099,,1
user_001670,18-25,,Móvil,Premium,114,35,118.91,142.0,21,67.7,19.3,0.706,9.21,1
user_001671,36-45,La Plata,Móvil,Premium,113,16,271.72,66.0,24,48.9,4.8,,4.25,0
user_001672,18-25,Buenos Aires,Tablet,Free,231,44,491.41,36.0,30,,14.5,0.017,5.71,0
user_001673,46-55,Buenos Aires,Tablet,Free,311,42,430.45,144.0,4,86.4,13.6,0.685,4.05,1
user_001674,18-25,Otros,Móvil,Free,271,39,496.52,86.0,6,45.2,1.9,0.39,,0
user_001675,46-55,Córdoba,Desktop,Free,40,41,66.22,14.0,8,48.2,16.1,0.276,30.75,0
user_001676,18-25,Rosario,Móvil,Basic,245,19,388.36,167.0,17,39.6,1.3,0.66,2.33,1
user_001677,46-55,Buenos Aires,Desktop,Basic,253,18,335.35,58.0,18,99.6,10.0,0.365,2.13,0
user_001678,26-35,Buenos Aires,Móvil,Free,333,16,288.65,44.0,29,75.5,2.3,0.086,1.44,0
user_001679,18-25,Rosario,Tablet,Free,228,27,143.09,145.0,29,80.8,11.9,0.376,3.55,1
user_001680,36-45,Córdoba,Móvil,Premium,257,3,243.81,0.0,25,,5.8,0.435,0.35,1
user_001681,36-45,Buenos Aires,Desktop,Basic,284,8,367.19,22.0,4,37.6,18.9,0.572,,0
user_001682,56+,Rosario,Móvil,Basic,145,29,208.93,144.0,30,63.3,5.1,,6.0,1
user_001683,46-55,Buenos Aires,Desktop,Enterprise,114,11,74.61,166.0,12,81.3,1.5,0.959,2.89,0
user_001684,36-45,Córdoba,,Basic,9,26,182.68,163.0,29,25.8,13.0,0.572,,0
user_001685,36-45,Buenos Aires,Desktop,,8,24,171.12,48.0,0,114.5,13.8,0.786,24.0,0
user_001686,26-35,Buenos Aires,Móvil,Free,39,37,43.93,6.0,24,42.5,16.3,0.272,28.46,0
user_001687,36-45,Córdoba,Tablet,Basic,221,45,34.47,35.0,13,116.2,9.8,0.306,6.11,0
user_001688,36-45,Córdoba,Móvil,Basic,87,37,230.57,79.0,28,113.0,9.0,,,0
user_001689,26-35,Otros,Móvil,Free,188,1,209.29,90.0,10,84.2,9.9,0.038,,0
user_001690,56+,Rosario,Desktop,Enterprise,168,28,48.75,162.0,18,78.4,3.6,,5.0,0
user_001691,26-35,Buenos Aires,Móvil,Basic,251,0,97.83,999.0,11,14.1,11.1,0.463,0.0,0
user_001692,26-35,Buenos Aires,Tablet,Premium,20,39,152.09,134.0,19,102.1,17.0,0.763,39.0,1
user_001693,26-35,Otros,Móvil,Basic,52,19,486.46,67.0,27,,18.5,0.745,10.96,1
user_001694,36-45,Mendoza,Desktop,Free,208,7,203.81,154.0,18,30.1,12.5,0.834,1.01,1
user_001695,26-35,Córdoba,Móvil,Premium,233,26,139.26,134.0,24,81.4,13.5,0.561,3.35,0
user_001696,26-35,Rosario,Móvil,Free,291,46,243.74,55.0,18,80.6,11.1,0.771,4.74,0
user_001697,,Otros,Móvil,Free,98,0,498.88,999.0,24,68.9,3.5,0.691,0.0,1
user_001698,46-55,Mendoza,Móvil,Free,307,33,180.4,73.0,20,85.5,8.8,0.337,3.22,0
user_001699,18-25,Mendoza,Móvil,Free,66,19,146.29,110.0,27,37.2,18.6,0.148,8.64,0
user_001700,26-35,Buenos Aires,Móvil,Premium,53,22,62.25,29.0,6,88.3,9.8,0.858,12.45,0
user_001701,36-45,Rosario,Móvil,Basic,183,40,341.99,120.0,30,1.3,18.9,0.971,6.56,0
user_001702,56+,Rosario,Tablet,Free,325,23,280.75,48.0,8,83.8,8.5,0.221,2.12,1
user_001703,26-35,Córdoba,Móvil,Premium,328,18,446.22,48.0,26,49.5,18.7,0.741,1.65,1
user_001704,46-55,Buenos Aires,Móvil,Free,348,26,111.88,27.0,0,36.8,13.6,0.714,2.24,1
user_001705,36-45,Rosario,Desktop,Free,153,34,417.29,8.0,17,95.2,19.8,,6.67,1
user_001706,36-45,Buenos Aires,Desktop,Free,2,37,480.04,39.0,28,96.8,2.7,0.663,,0
user_001707,26-35,Buenos Aires,Móvil,Free,116,2,158.03,81.0,1,19.5,11.2,0.791,0.52,1
user_001708,56+,Buenos Aires,Desktop,Basic,178,17,216.84,86.0,5,54.4,7.4,0.872,2.87,1
user_001709,18-25,Buenos Aires,Tablet,Basic,284,14,14.57,4.0,4,40.3,11.9,0.108,1.48,0
user_001710,46-55,Buenos Aires,Móvil,Free,261,29,226.08,177.0,3,,9.1,0.456,3.33,0
user_001711,26-35,Córdoba,Desktop,Basic,360,22,377.94,80.0,7,107.9,2.1,,,1
user_001712,26-35,Buenos Aires,Tablet,Premium,176,47,295.04,66.0,26,59.0,5.5,,8.01,0
user_001713,18-25,Córdoba,Móvil,Premium,298,37,406.65,4.0,2,55.1,4.1,0.163,3.72,0
user_001714,26-35,La Plata,Móvil,Premium,298,46,212.66,66.0,21,106.1,9.8,0.776,4.63,0
user_001715,46-55,Córdoba,Desktop,Basic,313,16,212.82,159.0,25,100.1,18.8,,1.53,1
user_001716,18-25,Córdoba,Móvil,Basic,230,28,85.5,173.0,15,75.8,7.5,0.872,3.65,0
user_001717,18-25,Buenos Aires,Móvil,Enterprise,333,50,347.17,98.0,12,91.2,6.4,,,0
user_001718,36-45,Buenos Aires,Móvil,Free,106,12,231.17,19.0,25,23.2,3.5,0.086,3.4,0
user_001719,18-25,Córdoba,Móvil,Free,341,22,491.43,141.0,13,97.1,15.1,0.05,1.94,1
user_001720,26-35,Buenos Aires,Desktop,Free,328,2,400.99,57.0,19,,3.0,0.972,0.18,0
user_001721,26-35,Córdoba,Móvil,Premium,49,48,63.6,26.0,5,21.9,18.2,0.945,29.39,1
user_001722,26-35,Rosario,Móvil,Free,235,18,83.33,28.0,12,22.0,13.9,0.685,2.3,1
user_001723,36-45,Rosario,Desktop,Free,232,12,372.62,0.0,22,65.2,4.7,0.976,1.55,0
user_001724,26-35,La Plata,Desktop,Free,215,33,254.56,153.0,18,,1.2,0.465,4.6,1
user_001725,18-25,Córdoba,Desktop,Premium,280,43,181.19,156.0,24,105.1,4.6,0.682,4.61,1
user_001726,26-35,Mendoza,Móvil,Basic,111,42,112.51,153.0,23,38.7,5.4,0.185,11.35,0
user_001727,26-35,Mendoza,Móvil,Free,111,9,18.59,20.0,28,48.5,11.3,0.142,,0
user_001728,18-25,Rosario,Móvil,Premium,56,9,300.34,29.0,2,39.4,17.4,0.929,4.82,1
user_001729,26-35,Buenos Aires,Móvil,Premium,155,44,294.97,59.0,13,30.1,13.7,,8.52,0
user_001730,26-35,La Plata,Desktop,Basic,35,11,30.95,96.0,2,40.9,5.9,,9.43,1
user_001731,36-45,Buenos Aires,Móvil,Premium,35,14,330.8,10.0,1,,11.2,0.851,,0
user_001732,46-55,Buenos Aires,Desktop,Free,5,9,56.24,44.0,25,10.1,15.2,,9.0,0
user_001733,36-45,Córdoba,Desktop,Basic,308,34,254.76,102.0,9,107.3,3.0,0.583,3.31,0
user_001734,26-35,Rosario,Móvil,Free,94,19,377.54,172.0,0,,8.4,,6.06,1
user_001735,56+,Córdoba,Desktop,Basic,108,20,265.18,99.0,20,,19.0,0.399,5.56,1
user_001736,46-55,Buenos Aires,Móvil,Free,206,18,332.67,28.0,19,17.8,18.7,0.809,2.62,0
user_001737,18-25,Buenos Aires,Móvil,Free,274,18,89.92,64.0,17,26.8,19.5,,1.97,1
user_001738,56+,Otros,Móvil,Premium,117,7,54.12,157.0,14,19.3,15.4,0.588,1.79,0
user_001739,56+,Buenos Aires,Desktop,Free,61,10,261.71,50.0,3,88.5,1.4,0.219,4.92,1
user_001740,26-35,Buenos Aires,Desktop,Free,144,0,40.57,999.0,11,112.4,15.2,,,1
user_001741,36-45,Buenos Aires,Móvil,Free,266,2,170.05,45.0,8,30.1,11.1,0.235,0.23,0
user_001742,18-25,Córdoba,Desktop,Premium,2,39,93.75,144.0,24,73.8,2.1,,39.0,1
user_001743,26-35,La Plata,Desktop,Premium,8,14,96.88,142.0,28,25.6,17.6,0.609,14.0,1
user_001744,,La Plata,Móvil,Premium,168,26,451.06,21.0,16,41.0,3.2,0.631,4.64,1
user_001745,56+,Mendoza,Desktop,Free,88,29,61.33,111.0,17,37.3,15.8,,9.89,0
user_001746,18-25,Rosario,Desktop,Free,327,14,361.28,39.0,3,81.1,17.1,0.731,1.28,0
user_001747,,,Desktop,Premium,251,4,268.89,83.0,22,112.6,15.0,0.7,0.48,1
user_001748,56+,Córdoba,Móvil,Basic,158,27,380.2,94.0,26,70.3,1.1,0.899,,0
user_001749,36-45,La Plata,Desktop,Free,90,4,314.37,,19,53.9,8.8,0.461,1.33,1
user_001750,36-45,Córdoba,Móvil,Basic,108,34,325.19,138.0,22,36.6,13.6,0.178,,1
user_001751,18-25,Mendoza,Desktop,Premium,20,24,190.63,,17,46.8,4.2,0.87,24.0,0
user_001752,46-55,Buenos Aires,Móvil,Free,71,32,300.66,41.0,10,39.8,12.4,0.671,13.52,0
user_001753,,Mendoza,Desktop,Premium,44,37,432.21,5.0,14,32.9,10.0,0.765,25.23,0
user_001754,26-35,Otros,Móvil,Premium,155,36,313.18,124.0,0,67.9,11.5,0.595,6.97,0
user_001755,36-45,Córdoba,Móvil,Basic,208,36,149.27,70.0,2,114.5,4.7,0.608,,0
user_001756,46-55,Buenos Aires,,Free,107,29,264.3,161.0,10,25.5,14.9,0.536,8.13,1
user_001757,18-25,Córdoba,Desktop,Basic,92,16,152.11,2.0,25,73.0,13.6,0.515,5.22,0
user_001758,46-55,Buenos Aires,Móvil,Premium,164,2,90.37,35.0,30,55.6,8.5,0.29,0.37,1
user_001759,56+,Buenos Aires,Móvil,Free,57,16,185.7,26.0,24,27.4,11.6,0.54,8.42,0
user_001760,18-25,Rosario,Móvil,Basic,81,42,409.25,141.0,7,74.6,15.0,0.262,15.56,0
user_001761,36-45,Córdoba,Desktop,Free,311,28,396.27,3.0,1,1.1,1.9,,,1
user_001762,46-55,Córdoba,Móvil,Premium,166,38,184.39,52.0,0,109.4,19.1,0.387,6.87,0
user_001763,36-45,Mendoza,Móvil,Basic,316,34,335.83,75.0,13,54.4,2.0,0.761,3.23,0
user_001764,36-45,Córdoba,Móvil,Premium,356,2,25.3,161.0,24,25.3,8.1,,0.17,0
user_001765,26-35,Otros,Móvil,Enterprise,341,8,304.71,11.0,12,58.6,13.6,0.955,0.7,1
user_001766,56+,Córdoba,Tablet,Free,79,2,195.14,32.0,3,39.5,7.5,0.597,0.76,1
user_001767,18-25,Otros,Desktop,Free,121,11,71.19,2.0,10,,18.7,0.648,2.73,1
user_001768,26-35,Buenos Aires,Móvil,Basic,215,24,158.75,,21,94.5,8.1,0.223,3.35,0
user_001769,26-35,,Desktop,Free,142,14,163.14,125.0,26,,3.6,0.333,2.96,0
user_001770,26-35,,Desktop,Premium,187,3,11.63,63.0,12,16.2,4.5,0.091,,0
user_001771,56+,,Móvil,Premium,331,9,320.32,118.0,15,19.7,15.7,0.536,0.82,1
user_001772,36-45,Rosario,Móvil,Premium,86,20,281.53,43.0,5,70.6,6.8,0.681,,1
user_001773,18-25,La Plata,Móvil,Free,188,32,170.57,94.0,19,,2.3,0.336,5.11,0
user_001774,36-45,Rosario,Móvil,Basic,339,16,229.64,78.0,8,57.1,15.5,0.639,,0
user_001775,46-55,Buenos Aires,,Premium,183,46,154.94,118.0,3,,6.7,,7.54,1
user_001776,26-35,Buenos Aires,Desktop,Basic,73,2,173.35,125.0,16,64.6,5.2,,0.82,0
user_001777,26-35,La Plata,Móvil,Free,254,41,265.37,153.0,5,51.8,1.7,0.474,4.84,0
user_001778,46-55,La Plata,Móvil,Free,92,11,245.16,121.0,6,2.1,16.7,0.435,3.59,1
user_001779,36-45,Buenos Aires,Móvil,Basic,204,26,170.09,169.0,6,,14.8,0.483,3.82,0
user_001780,18-25,Córdoba,Desktop,Free,103,43,244.4,74.0,8,,10.4,,12.52,0
user_001781,,Otros,Móvil,Free,139,4,493.6,57.0,6,97.8,3.6,0.605,,1
user_001782,46-55,Rosario,Móvil,Enterprise,234,21,35.8,150.0,18,70.7,1.6,0.037,2.69,1
user_001783,36-45,Rosario,Móvil,Basic,341,34,453.9,175.0,22,41.5,2.8,0.085,,0
user_001784,26-35,Córdoba,Tablet,Free,61,18,201.03,131.0,24,62.5,12.8,0.939,8.85,0
user_001785,36-45,Córdoba,Móvil,Free,22,23,413.7,125.0,10,76.6,11.8,0.754,23.0,0
user_001786,56+,Mendoza,Desktop,Free,301,9,45.01,149.0,14,88.0,12.6,,0.9,0
user_001787,46-55,La Plata,Móvil,Basic,42,40,308.13,115.0,28,10.8,1.3,0.328,28.57,1
user_001788,36-45,Otros,Móvil,Free,68,6,397.05,52.0,13,60.1,17.6,0.523,2.65,1
user_001789,56+,Buenos Aires,Móvil,Free,165,1,112.86,128.0,10,90.5,17.1,0.114,0.18,1
user_001790,36-45,Rosario,Tablet,Premium,324,5,144.8,,18,2.4,16.6,,0.46,1
user_001791,36-45,La Plata,Desktop,Basic,49,10,418.36,113.0,14,69.7,8.0,0.148,6.12,0
user_001792,56+,,Móvil,Premium,148,5,317.72,168.0,10,89.6,11.2,0.021,1.01,0
user_001793,56+,Buenos Aires,Desktop,Free,128,8,339.93,5.0,23,89.6,3.3,0.241,1.88,1
user_001794,18-25,Buenos Aires,Desktop,Free,66,36,492.53,78.0,4,77.9,7.0,0.121,16.36,1
user_001795,,Buenos Aires,Móvil,Premium,147,6,429.24,31.0,1,34.7,2.2,0.136,1.22,1
user_001796,36-45,Buenos Aires,Móvil,Free,257,44,399.59,135.0,15,,15.4,0.14,,0
user_001797,18-25,Rosario,Móvil,Basic,140,36,130.22,90.0,7,96.0,2.1,0.007,7.71,1
user_001798,36-45,Otros,Tablet,Premium,195,27,54.27,162.0,30,35.7,13.6,0.086,4.15,1
user_001799,46-55,La Plata,Móvil,Basic,194,11,184.96,29.0,3,46.2,5.7,,1.7,1
user_001800,,Buenos Aires,Móvil,Free,51,31,99.04,7.0,27,19.9,12.3,0.997,18.24,1
user_001801,26-35,Buenos Aires,Tablet,Free,33,33,50.28,65.0,8,,14.4,0.412,30.0,0
user_001802,46-55,Rosario,Desktop,Enterprise,348,20,320.96,52.0,10,64.7,16.5,0.919,1.72,1
user_001803,46-55,Buenos Aires,Móvil,Free,156,12,337.95,139.0,0,17.1,19.6,0.008,2.31,1
user_001804,26-35,Buenos Aires,Móvil,Premium,292,6,139.02,66.0,21,33.2,3.2,0.755,0.62,0
user_001805,36-45,Mendoza,Tablet,Basic,248,36,400.67,107.0,15,48.9,14.2,0.861,4.35,0
user_001806,46-55,Rosario,Desktop,Free,28,11,94.84,137.0,24,103.1,18.8,,11.0,1
user_001807,46-55,Mendoza,,Premium,227,15,417.27,84.0,17,90.1,9.6,,1.98,0
user_001808,26-35,La Plata,Móvil,Enterprise,302,35,480.33,30.0,25,13.6,8.3,,3.48,1
user_001809,46-55,Mendoza,Móvil,Free,227,13,299.42,133.0,28,8.7,10.4,0.548,1.72,1
user_001810,36-45,Córdoba,Móvil,Premium,139,13,208.3,121.0,14,2.7,5.8,0.233,2.81,0
user_001811,36-45,Rosario,,Enterprise,361,12,261.2,163.0,27,50.9,1.4,0.545,1.0,0
user_001812,18-25,Buenos Aires,Móvil,Free,163,16,43.23,43.0,27,104.5,18.0,0.611,2.94,0
user_001813,26-35,Córdoba,Móvil,Premium,31,4,19.64,176.0,15,83.0,16.9,0.272,3.87,1
user_001814,,Buenos Aires,Tablet,Free,76,35,325.19,15.0,19,58.4,12.7,0.099,13.82,1
user_001815,56+,Buenos Aires,Móvil,Enterprise,41,1,297.82,142.0,15,19.0,8.4,0.256,0.73,0
user_001816,26-35,Buenos Aires,Móvil,Enterprise,71,19,398.79,47.0,9,2.7,16.8,0.694,8.03,0
user_001817,26-35,Córdoba,Móvil,Premium,21,3,27.37,78.0,12,63.6,2.9,0.381,,0
user_001818,26-35,Buenos Aires,Móvil,Basic,340,10,37.48,38.0,24,5.2,12.3,,0.88,1
user_001819,26-35,La Plata,Desktop,Free,244,23,106.33,139.0,18,4.7,7.4,,2.83,1
user_001820,18-25,Buenos Aires,Móvil,Free,205,36,483.19,6.0,25,55.9,12.7,0.089,5.27,0
user_001821,36-45,Buenos Aires,,Free,348,24,287.52,130.0,15,106.3,13.4,0.496,,1
user_001822,18-25,La Plata,Móvil,Premium,270,45,389.0,104.0,25,14.3,10.4,0.569,5.0,1
user_001823,46-55,Otros,Móvil,Free,85,16,160.13,104.0,1,118.0,3.7,0.226,,0
user_001824,26-35,Mendoza,Tablet,Free,211,9,55.49,101.0,0,18.1,4.4,0.911,1.28,1
user_001825,46-55,Buenos Aires,Desktop,Premium,227,46,18.34,69.0,9,89.3,9.5,0.843,,1
user_001826,26-35,Buenos Aires,Desktop,Basic,273,40,183.03,24.0,7,110.8,9.9,0.079,4.4,0
user_001827,,Buenos Aires,Móvil,Enterprise,127,43,75.63,88.0,26,83.4,12.1,0.351,10.16,1
user_001828,18-25,Buenos Aires,Móvil,Free,170,34,294.91,23.0,5,96.8,11.3,,6.0,1
user_001829,26-35,Rosario,Móvil,Basic,6,30,282.44,131.0,21,51.1,5.1,0.379,30.0,1
user_001830,56+,Córdoba,Móvil,Basic,335,1,260.47,59.0,14,98.7,11.6,0.089,0.09,0
user_001831,18-25,Buenos Aires,Móvil,Premium,76,8,52.02,76.0,1,7.0,11.9,0.726,3.16,1
user_001832,56+,Mendoza,Tablet,Free,95,38,481.35,160.0,4,100.2,15.9,0.98,12.0,0
user_001833,36-45,Córdoba,Móvil,Premium,223,2,257.04,30.0,7,69.3,11.0,0.319,,0
user_001834,18-25,Mendoza,Móvil,Free,144,10,107.66,125.0,21,112.7,3.8,0.015,2.08,1
user_001835,18-25,Buenos Aires,Móvil,Free,197,1,278.79,96.0,7,95.4,15.1,,0.15,0
user_001836,26-35,Buenos Aires,Móvil,Basic,133,36,386.38,145.0,2,15.4,3.3,0.798,8.12,1
user_001837,36-45,La Plata,Móvil,Basic,354,47,317.61,60.0,4,82.6,4.8,,3.98,0
user_001838,36-45,Otros,Móvil,Basic,68,45,312.71,99.0,0,65.5,14.9,,19.85,1
user_001839,56+,La Plata,Móvil,Basic,323,16,200.37,10.0,1,3.7,12.3,0.841,,1
user_001840,36-45,Rosario,Móvil,Free,64,6,364.28,62.0,30,54.0,18.7,0.523,2.81,1
user_001841,26-35,,Móvil,Free,322,16,171.57,36.0,24,,16.3,0.15,1.49,1
user_001842,18-25,Buenos Aires,Desktop,Free,356,23,109.69,61.0,8,50.1,1.6,0.322,1.94,1
user_001843,36-45,Buenos Aires,Móvil,Premium,71,25,221.65,37.0,22,7.4,2.1,0.138,10.56,1
user_001844,36-45,La Plata,Desktop,Basic,36,5,347.47,38.0,29,17.4,5.2,,4.17,0
user_001845,56+,Buenos Aires,Desktop,Free,218,33,179.86,17.0,15,32.2,7.2,0.136,4.54,0
user_001846,46-55,Córdoba,Tablet,Basic,249,10,476.01,56.0,11,119.5,1.3,0.295,1.2,1
user_001847,36-45,Otros,Móvil,Free,284,44,172.69,140.0,3,82.7,18.8,0.628,4.65,0
user_001848,56+,Buenos Aires,Móvil,Basic,42,25,66.07,8.0,1,56.3,4.3,0.055,17.86,1
user_001849,26-35,Buenos Aires,Móvil,Free,147,9,234.56,7.0,2,87.1,15.2,,1.84,1
user_001850,36-45,Otros,Desktop,Free,300,5,71.3,167.0,28,,11.1,0.374,0.5,1
user_001851,36-45,Córdoba,Móvil,Enterprise,111,49,446.69,66.0,9,46.4,1.9,0.875,13.24,1
user_001852,18-25,Buenos Aires,Móvil,Enterprise,30,40,156.92,6.0,3,75.0,7.3,0.007,40.0,1
user_001853,36-45,Mendoza,Tablet,Enterprise,110,19,250.99,38.0,8,29.0,11.6,0.422,5.18,0
user_001854,56+,Córdoba,Móvil,Free,114,6,377.23,32.0,26,55.6,19.1,,1.58,0
user_001855,36-45,La Plata,Desktop,Free,364,22,466.62,102.0,30,19.2,3.5,,1.81,0
user_001856,46-55,La Plata,Móvil,Basic,47,32,429.57,69.0,25,75.2,10.0,0.83,,1
user_001857,18-25,Buenos Aires,Móvil,Free,26,26,487.73,,25,61.7,10.5,,26.0,0
user_001858,56+,Buenos Aires,Móvil,Free,211,13,160.72,78.0,23,50.9,15.0,0.378,,1
user_001859,56+,Buenos Aires,Móvil,Basic,287,16,306.25,91.0,5,43.5,11.9,,1.67,1
user_001860,36-45,Buenos Aires,Móvil,Premium,161,49,70.63,171.0,22,73.9,15.7,0.547,9.13,0
user_001861,36-45,Córdoba,Móvil,Basic,324,14,160.29,86.0,21,70.8,6.5,0.874,,1
user_001862,46-55,,Móvil,Free,108,26,273.05,103.0,12,31.9,15.7,0.347,7.22,1
user_001863,46-55,Otros,Móvil,Free,315,23,162.39,168.0,23,34.2,16.2,,,0
user_001864,18-25,Córdoba,Móvil,Premium,350,33,217.7,61.0,15,17.9,14.6,0.642,2.83,0
user_001865,26-35,Otros,Móvil,Free,107,44,108.81,152.0,14,,12.3,0.604,12.34,0
user_001866,18-25,La Plata,Móvil,Free,340,19,460.3,121.0,26,14.9,3.0,0.69,,1
user_001867,,Córdoba,Desktop,Basic,315,49,377.12,161.0,24,47.2,18.6,0.761,4.67,1
user_001868,36-45,,Desktop,Free,184,32,136.6,148.0,20,34.9,19.6,0.467,5.22,0
user_001869,26-35,Córdoba,Móvil,Free,97,13,479.52,87.0,7,41.2,4.1,,4.02,1
user_001870,56+,Rosario,Desktop,Premium,124,33,374.89,120.0,4,93.7,12.4,0.056,7.98,0
user_001871,26-35,Otros,Móvil,Free,249,44,260.87,157.0,15,117.1,3.9,0.894,5.3,1
user_001872,36-45,Mendoza,Desktop,Free,19,30,250.3,30.0,17,24.6,7.4,0.227,30.0,1
user_001873,46-55,Rosario,Móvil,Premium,136,11,401.15,140.0,0,81.2,14.6,0.366,,0
user_001874,26-35,Otros,Móvil,Free,185,16,337.87,75.0,6,96.0,3.6,0.876,,1
user_001875,18-25,La Plata,Móvil,,270,24,305.21,97.0,17,,9.7,0.398,2.67,1
user_001876,18-25,La Plata,Desktop,Free,124,27,313.67,30.0,7,69.8,19.7,0.932,6.53,0
user_001877,36-45,La Plata,Móvil,Free,9,47,66.57,104.0,28,36.5,3.8,0.073,,1
user_001878,56+,Buenos Aires,Móvil,Enterprise,120,41,266.11,66.0,28,94.0,6.4,0.212,10.25,1
user_001879,18-25,Córdoba,Móvil,Free,10,34,429.09,128.0,2,27.2,1.2,0.913,34.0,1
user_001880,36-45,La Plata,Desktop,Free,148,14,32.96,25.0,11,109.5,8.2,0.72,2.84,0
user_001881,36-45,Córdoba,Móvil,Premium,0,15,123.23,157.0,27,40.3,6.9,0.091,15.0,0
user_001882,26-35,La Plata,Desktop,Free,364,31,216.1,39.0,15,61.2,16.4,,,0
user_001883,26-35,Buenos Aires,Móvil,Premium,303,7,77.04,19.0,28,54.4,10.4,0.807,0.69,1
user_001884,26-35,,Móvil,Basic,297,21,187.52,39.0,12,102.6,13.2,,2.12,1
user_001885,26-35,Buenos Aires,Móvil,Free,59,50,153.43,94.0,24,34.3,15.7,,,0
user_001886,26-35,Córdoba,Móvil,Free,347,32,237.28,92.0,12,96.9,15.3,,2.77,1
user_001887,,Córdoba,Desktop,Free,37,31,165.84,58.0,16,2.9,4.5,0.442,25.14,1
user_001888,46-55,Córdoba,Móvil,Basic,328,11,197.83,41.0,18,21.6,5.9,0.752,1.01,1
user_001889,36-45,Otros,Desktop,Free,15,33,418.61,11.0,14,50.6,5.8,,33.0,0
user_001890,46-55,Rosario,Móvil,Premium,31,45,111.2,86.0,6,87.5,19.4,0.401,43.55,0
user_001891,36-45,Córdoba,Móvil,Premium,152,27,363.8,121.0,19,7.2,18.0,0.694,5.33,1
user_001892,36-45,Otros,Tablet,Basic,231,14,96.42,177.0,10,93.8,15.8,0.26,,1
user_001893,46-55,Rosario,Tablet,Basic,188,9,242.39,147.0,13,89.3,19.2,,1.44,0
user_001894,26-35,Buenos Aires,Móvil,Free,135,41,371.55,105.0,14,7.9,10.0,,9.11,1
user_001895,26-35,Buenos Aires,Móvil,Basic,128,4,297.48,7.0,7,99.9,11.0,0.147,0.94,1
user_001896,26-35,La Plata,Desktop,Free,273,46,111.06,15.0,22,22.0,18.9,0.147,,1
user_001897,18-25,Buenos Aires,Móvil,Free,313,31,218.7,30.0,30,59.5,9.0,0.057,,1
user_001898,18-25,La Plata,Móvil,Free,215,35,208.03,141.0,7,4.9,4.3,,,1
user_001899,56+,Buenos Aires,Móvil,Premium,148,11,24.5,46.0,23,50.2,19.3,0.569,2.23,1
user_001900,18-25,Otros,Desktop,Free,84,25,141.63,19.0,1,51.3,1.5,0.071,8.93,0
user_001901,46-55,Mendoza,Tablet,Premium,128,5,206.03,49.0,14,106.6,1.7,0.342,1.17,0
user_001902,,Buenos Aires,Móvil,Free,360,29,99.93,71.0,12,69.7,17.2,,2.42,1
user_001903,18-25,Buenos Aires,Móvil,Enterprise,140,35,12.61,56.0,30,68.0,15.1,0.756,7.5,0
user_001904,,Buenos Aires,Móvil,Premium,199,35,169.27,178.0,19,27.1,12.5,0.127,5.28,1
user_001905,18-25,Mendoza,Móvil,Premium,7,10,448.46,30.0,26,47.1,7.6,0.048,10.0,0
user_001906,46-55,Buenos Aires,Desktop,Premium,77,28,203.62,84.0,26,21.4,17.4,0.553,10.91,0
user_001907,26-35,Buenos Aires,Móvil,Basic,210,40,297.33,5.0,14,87.0,10.6,0.546,5.71,0
user_001908,46-55,Córdoba,Móvil,Free,211,26,424.78,5.0,5,6.3,1.2,0.715,3.7,0
user_001909,36-45,La Plata,Móvil,Free,313,11,388.11,95.0,24,99.2,6.7,0.814,1.05,0
user_001910,18-25,,Móvil,Free,48,14,94.94,40.0,11,114.9,5.7,0.173,8.75,1
user_001911,26-35,Buenos Aires,Móvil,Free,280,41,404.63,88.0,27,116.8,3.2,,4.39,0
user_001912,56+,Buenos Aires,Desktop,Basic,250,2,120.76,,18,61.0,11.5,0.56,0.24,1
user_001913,46-55,Rosario,Desktop,Free,10,10,154.33,63.0,12,110.4,12.2,0.132,10.0,1
user_001914,18-25,Rosario,Desktop,Enterprise,90,14,70.0,68.0,24,33.2,4.1,,4.67,1
user_001915,46-55,Mendoza,Móvil,Premium,138,39,304.56,34.0,30,7.7,3.7,0.967,,1
user_001916,18-25,Córdoba,Móvil,Free,160,10,42.13,3.0,12,22.7,15.7,0.268,1.88,0
user_001917,36-45,Otros,Móvil,Enterprise,318,6,297.12,46.0,12,54.1,14.4,0.1,0.57,1
user_001918,26-35,Córdoba,Tablet,Premium,175,17,241.99,38.0,21,102.5,13.0,0.399,2.91,0
user_001919,18-25,Otros,Desktop,Premium,169,27,69.03,58.0,0,1.5,12.3,0.66,4.79,0
user_001920,56+,Buenos Aires,Móvil,Free,93,10,355.52,16.0,11,83.2,17.3,0.355,3.23,1
user_001921,18-25,Buenos Aires,Desktop,Free,203,40,61.48,60.0,21,101.1,10.8,0.442,,0
user_001922,,Buenos Aires,Móvil,Enterprise,63,23,349.29,64.0,27,16.6,19.4,0.502,10.95,1
user_001923,36-45,Buenos Aires,Desktop,Free,245,34,397.7,151.0,5,88.6,19.4,,4.16,1
user_001924,26-35,Buenos Aires,Móvil,Free,88,36,107.15,53.0,28,28.9,4.2,0.59,12.27,1
user_001925,26-35,Buenos Aires,Desktop,Premium,80,10,176.74,,21,35.5,9.2,0.057,,0
user_001926,26-35,Córdoba,Desktop,Premium,99,33,104.13,138.0,5,116.7,7.1,,10.0,1
user_001927,18-25,,Móvil,Basic,121,25,246.3,168.0,18,93.7,7.9,0.924,,1
user_001928,46-55,,Móvil,Basic,39,10,282.17,44.0,5,104.5,1.2,0.106,7.69,1
user_001929,26-35,Mendoza,Tablet,Basic,272,48,442.63,76.0,14,21.5,8.8,0.589,5.29,1
user_001930,46-55,Rosario,Móvil,Premium,237,50,89.64,70.0,2,35.2,11.9,0.594,6.33,0
user_001931,36-45,Rosario,Móvil,Premium,359,28,29.48,104.0,12,1.0,18.5,,2.34,1
user_001932,56+,Córdoba,Móvil,Free,339,18,327.04,4.0,22,28.6,2.4,0.737,1.59,0
user_001933,36-45,Buenos Aires,,Basic,322,11,75.89,76.0,26,56.2,2.7,0.592,,0
user_001934,46-55,Rosario,Móvil,Free,170,33,80.35,124.0,21,5.4,8.6,0.4,5.82,0
user_001935,36-45,La Plata,Móvil,Enterprise,15,8,201.55,55.0,22,63.6,18.8,0.01,8.0,0
user_001936,26-35,Córdoba,Móvil,Basic,72,28,414.82,168.0,4,103.0,13.8,0.206,11.67,0
user_001937,46-55,Buenos Aires,Desktop,Premium,264,16,148.73,23.0,30,52.8,3.6,,1.82,1
user_001938,26-35,Buenos Aires,Desktop,Free,315,47,106.35,45.0,14,56.9,18.0,0.523,4.48,0
user_001939,56+,La Plata,Desktop,Basic,121,44,112.13,64.0,19,35.8,12.8,0.045,,1
user_001940,46-55,La Plata,Móvil,Premium,223,6,260.68,112.0,0,119.8,16.9,0.494,0.81,0
user_001941,36-45,Buenos Aires,Desktop,Free,50,10,150.65,56.0,14,37.6,15.7,0.078,6.0,0
user_001942,18-25,Buenos Aires,Móvil,Free,111,12,255.48,99.0,18,31.4,11.8,0.997,3.24,1
user_001943,26-35,Buenos Aires,Móvil,Premium,281,24,422.61,35.0,13,,1.8,0.688,2.56,0
user_001944,18-25,Córdoba,Desktop,Free,277,0,489.83,999.0,0,71.9,5.3,0.874,0.0,1
user_001945,46-55,Córdoba,Tablet,Free,45,25,365.8,60.0,10,93.8,12.5,,,1
user_001946,36-45,Buenos Aires,,Free,349,27,34.46,125.0,27,78.1,8.8,0.094,2.32,1
user_001947,26-35,Otros,Móvil,Free,252,29,35.1,96.0,2,65.5,9.6,0.652,3.45,0
user_001948,46-55,Buenos Aires,Móvil,Basic,186,43,439.65,59.0,12,66.9,16.4,0.965,6.94,0
user_001949,26-35,Buenos Aires,Desktop,Basic,331,33,375.81,146.0,1,112.7,3.8,0.475,2.99,0
user_001950,18-25,La Plata,Móvil,Basic,9,21,30.09,116.0,20,101.1,11.7,0.02,,1
user_001951,26-35,Mendoza,Móvil,Free,245,2,121.67,63.0,14,32.8,9.1,0.509,0.24,0
user_001952,18-25,Córdoba,Móvil,Free,257,25,240.79,30.0,17,112.0,4.5,0.183,2.92,1
user_001953,46-55,Córdoba,Móvil,Free,155,5,311.01,131.0,14,61.5,10.6,0.329,0.97,1
user_001954,46-55,Rosario,Desktop,Free,108,30,378.2,146.0,13,25.3,13.9,0.169,8.33,1
user_001955,36-45,La Plata,Móvil,Basic,102,25,21.79,80.0,25,,7.1,,7.35,0
user_001956,36-45,Rosario,Móvil,Free,22,29,38.75,165.0,27,67.8,15.5,,29.0,1
user_001957,46-55,Rosario,Móvil,Basic,86,13,101.54,15.0,24,,15.5,0.578,4.53,0
user_001958,46-55,Buenos Aires,Móvil,Premium,19,37,96.88,130.0,26,74.3,13.8,0.567,,1
user_001959,56+,Córdoba,Móvil,Basic,91,20,483.23,52.0,24,96.7,9.8,0.458,6.59,0
user_001960,36-45,La Plata,Móvil,Free,362,25,297.78,40.0,0,25.5,14.2,0.536,2.07,1
user_001961,26-35,La Plata,Desktop,Free,25,20,158.22,163.0,19,83.4,3.1,0.359,20.0,0
user_001962,36-45,Córdoba,Móvil,Free,76,11,41.12,87.0,26,65.1,4.6,0.368,4.34,0
user_001963,36-45,Otros,Móvil,Basic,55,32,373.82,71.0,21,94.6,16.4,0.697,,1
user_001964,36-45,Mendoza,Móvil,Basic,10,26,241.02,1.0,12,76.4,19.1,0.271,,0
user_001965,36-45,Buenos Aires,Desktop,Basic,252,48,381.73,13.0,3,,17.2,0.882,5.71,1
user_001966,56+,Rosario,Tablet,Basic,68,5,171.0,51.0,30,54.4,1.9,,2.21,1
user_001967,56+,Córdoba,Móvil,Basic,59,3,109.76,131.0,20,65.2,10.8,,1.53,1
user_001968,26-35,Córdoba,Móvil,Basic,332,26,279.63,166.0,27,92.7,16.8,0.842,2.35,1
user_001969,46-55,Buenos Aires,Desktop,Basic,198,33,258.74,148.0,30,41.3,11.7,0.642,5.0,0
user_001970,,Buenos Aires,Móvil,Free,126,37,345.86,153.0,28,107.4,17.3,0.171,8.81,1
user_001971,,Buenos Aires,Móvil,Basic,124,1,127.65,30.0,14,7.8,15.4,0.175,0.24,0
user_001972,18-25,Otros,Móvil,Free,150,20,403.5,97.0,20,78.5,13.2,,4.0,1
user_001973,36-45,La Plata,Desktop,Free,98,0,370.53,999.0,9,97.5,18.7,,0.0,0
user_001974,36-45,Córdoba,Móvil,Free,282,5,470.01,39.0,30,27.5,7.9,0.009,0.53,1
user_001975,56+,Rosario,Móvil,Premium,83,45,38.81,156.0,12,78.2,9.5,0.132,,1
user_001976,26-35,Buenos Aires,Desktop,Premium,215,19,30.59,90.0,7,84.1,9.1,,2.65,0
user_001977,36-45,La Plata,Desktop,Premium,325,17,343.04,62.0,27,48.6,14.3,0.84,1.57,0
user_001978,36-45,Buenos Aires,Desktop,Basic,104,31,131.9,94.0,8,112.7,8.6,0.152,8.94,0
user_001979,56+,Buenos Aires,Móvil,Basic,264,29,306.12,159.0,16,49.5,12.1,,3.3,1
user_001980,26-35,La Plata,Tablet,Premium,68,42,453.49,34.0,23,,5.9,0.605,18.53,1
user_001981,18-25,Otros,Móvil,Free,167,24,214.31,18.0,30,,18.7,0.583,,1
user_001982,18-25,,Desktop,Basic,275,38,332.08,39.0,18,109.9,12.5,0.951,4.15,0
user_001983,26-35,Buenos Aires,Móvil,Basic,85,25,282.43,118.0,22,60.0,12.6,,8.82,1
user_001984,18-25,Buenos Aires,Móvil,Free,143,33,474.29,64.0,28,73.4,5.7,,6.92,0
user_001985,36-45,Buenos Aires,Desktop,Free,57,8,207.2,7.0,0,107.7,6.5,0.05,4.21,0
user_001986,36-45,Otros,Móvil,Basic,28,47,472.51,78.0,23,78.6,5.3,,47.0,1
user_001987,36-45,Rosario,Móvil,Free,220,13,263.13,147.0,15,39.2,18.1,0.844,1.77,1
user_001988,18-25,Rosario,Móvil,Basic,125,42,198.03,40.0,23,94.5,18.9,0.135,,0
user_001989,26-35,Otros,Desktop,Free,360,11,124.43,59.0,0,68.9,10.2,,,0
user_001990,56+,Buenos Aires,Tablet,Basic,54,39,206.33,145.0,30,117.2,15.8,0.921,21.67,0
user_001991,36-45,La Plata,Móvil,Free,348,0,51.74,999.0,21,44.4,12.9,0.003,0.0,1
user_001992,26-35,Buenos Aires,Móvil,Basic,50,30,84.94,166.0,29,88.2,19.3,0.29,18.0,0
user_001993,26-35,Mendoza,Móvil,Free,362,45,90.05,57.0,30,9.6,4.7,0.66,3.73,0
user_001994,46-55,Buenos Aires,Móvil,Basic,204,12,324.76,18.0,15,118.9,7.6,,1.76,1
user_001995,46-55,Mendoza,Móvil,Free,321,44,173.43,159.0,23,,12.4,0.071,4.11,0
user_001996,36-45,,Móvil,Free,264,46,100.09,75.0,27,119.6,6.2,0.449,5.23,0
user_001997,36-45,Mendoza,Móvil,Free,84,47,479.8,106.0,27,16.3,5.3,0.986,16.79,0
user_001998,36-45,Córdoba,Móvil,Premium,363,38,44.93,120.0,20,5.1,18.5,0.557,3.14,0
user_001999,18-25,Rosario,Tablet,Free,183,34,300.61,20.0,8,42.8,4.7,0.256,5.57,1
user_002000,46-55,Rosario,Móvil,Free,56,22,276.86,20.0,23,88.7,2.8,0.895,11.79,0
user_002001,26-35,Mendoza,Desktop,Basic,134,15,305.12,29.0,29,,13.3,0.821,3.36,1
user_002002,18-25,Buenos Aires,,,364,0,361.24,999.0,10,107.2,3.2,0.276,0.0,1
user_002003,56+,Buenos Aires,Tablet,Premium,356,9,97.32,138.0,0,82.0,12.2,0.394,0.76,1
user_002004,46-55,Mendoza,Móvil,Basic,283,34,281.79,175.0,30,34.2,19.5,0.744,3.6,0
user_002005,26-35,Córdoba,Móvil,Free,28,38,351.93,23.0,28,46.5,14.1,0.709,38.0,1
user_002006,46-55,Mendoza,Móvil,Basic,260,12,37.19,48.0,19,118.3,6.7,0.85,1.38,1
user_002007,56+,Otros,Desktop,Premium,108,31,30.86,154.0,17,58.5,19.4,0.597,8.61,0
user_002008,56+,Mendoza,Móvil,Basic,344,34,421.16,177.0,20,,6.4,0.222,2.97,1
user_002009,18-25,La Plata,Móvil,Free,318,6,57.16,137.0,8,66.9,11.7,0.343,0.57,1
user_002010,26-35,Rosario,Móvil,Basic,161,2,154.68,116.0,25,,19.8,0.147,0.37,0
user_002011,,Otros,Desktop,Basic,205,17,188.05,71.0,9,,14.3,,,0
user_002012,36-45,Rosario,Móvil,Basic,93,12,49.16,16.0,9,47.5,2.4,0.618,3.87,0
user_002013,36-45,Rosario,Móvil,Premium,192,24,498.92,33.0,27,49.5,5.7,0.703,3.75,0
user_002014,26-35,Buenos Aires,Móvil,Free,70,47,198.34,136.0,9,3.0,8.1,0.813,20.14,1
user_002015,18-25,Otros,Móvil,Free,136,3,202.75,10.0,12,48.1,9.2,,,0
user_002016,18-25,Córdoba,Desktop,Basic,343,27,140.33,2.0,19,65.9,3.3,,,0
user_002017,18-25,Buenos Aires,Móvil,Premium,65,15,323.16,36.0,11,17.1,12.6,0.339,6.92,0
user_002018,26-35,Otros,Desktop,Basic,13,44,302.75,59.0,27,14.3,13.3,0.187,,1
user_002019,,Rosario,Móvil,Free,165,29,180.92,126.0,29,,7.1,,5.27,1
user_002020,36-45,Buenos Aires,Móvil,,43,38,147.94,73.0,29,40.2,10.8,0.124,26.51,0
user_002021,36-45,Buenos Aires,Móvil,Free,357,40,181.69,54.0,9,106.5,17.1,0.762,3.36,0
user_002022,56+,Buenos Aires,Móvil,Premium,162,23,83.21,126.0,19,59.9,7.0,0.407,4.26,0
user_002023,26-35,La Plata,Móvil,Basic,359,8,161.7,108.0,0,54.3,6.6,0.864,0.67,0
user_002024,46-55,Otros,Móvil,Free,287,22,401.89,16.0,11,61.0,1.5,0.374,2.3,0
user_002025,36-45,Buenos Aires,Móvil,Premium,264,5,217.35,24.0,10,51.4,7.6,0.44,0.57,1
user_002026,26-35,Buenos Aires,Móvil,Free,334,37,169.93,113.0,18,32.6,14.5,,3.32,0
user_002027,26-35,Rosario,Móvil,Premium,178,29,295.93,81.0,23,55.8,11.9,0.735,4.89,1
user_002028,56+,Rosario,Móvil,Basic,36,47,469.0,103.0,18,26.6,7.3,,39.17,1
user_002029,26-35,La Plata,Desktop,Basic,82,40,338.57,117.0,12,,1.1,0.687,14.63,0
user_002030,46-55,Otros,Tablet,Basic,340,30,402.63,22.0,17,32.6,17.3,0.806,,0
user_002031,36-45,Buenos Aires,Desktop,Basic,314,15,116.34,36.0,22,85.1,14.3,0.213,1.43,1
user_002032,18-25,Rosario,Desktop,Free,16,2,101.16,143.0,29,16.9,5.6,0.164,2.0,0
user_002033,56+,La Plata,Móvil,Basic,163,37,329.84,66.0,5,53.3,18.5,0.622,,0
user_002034,18-25,Mendoza,Desktop,Basic,2,2,76.96,175.0,5,3.6,2.8,0.689,2.0,1
user_002035,18-25,Rosario,Móvil,Premium,365,33,146.66,35.0,6,,10.4,0.071,,0
user_002036,36-45,La Plata,Móvil,Basic,63,21,411.74,21.0,10,101.3,14.1,0.127,,0
user_002037,18-25,Otros,Móvil,Basic,166,38,314.94,51.0,17,115.2,3.4,0.004,6.87,0
user_002038,46-55,Otros,Móvil,Free,164,49,381.6,160.0,23,,18.4,,8.96,1
user_002039,26-35,Buenos Aires,Móvil,Premium,126,32,352.92,8.0,30,48.4,18.6,,,0
user_002040,56+,Córdoba,Móvil,Free,351,15,195.44,8.0,10,74.1,4.2,0.503,1.28,1
user_002041,18-25,Buenos Aires,Desktop,Free,210,30,397.63,76.0,23,7.4,18.1,,4.29,1
user_002042,36-45,Córdoba,Desktop,Free,20,10,219.73,107.0,4,45.2,18.6,0.842,10.0,0
user_002043,46-55,Buenos Aires,Móvil,Premium,145,12,404.38,169.0,11,76.5,16.1,0.944,2.48,0
user_002044,56+,Mendoza,Móvil,Basic,231,20,301.56,165.0,18,25.9,10.9,0.218,2.6,1
user_002045,36-45,Rosario,Móvil,Basic,65,34,356.95,153.0,25,10.2,12.4,0.706,15.69,0
user_002046,18-25,Mendoza,Desktop,Premium,147,0,434.72,999.0,19,84.6,13.6,0.143,0.0,1
user_002047,46-55,Córdoba,Móvil,Free,152,14,487.93,65.0,28,46.3,3.5,,2.76,0
user_002048,36-45,Otros,Móvil,Basic,85,42,434.84,26.0,10,74.3,11.7,0.339,,1
user_002049,18-25,Rosario,Móvil,Basic,237,47,352.52,41.0,4,109.2,16.5,0.972,5.95,0
user_002050,56+,Otros,Móvil,Premium,5,40,89.19,101.0,22,55.9,10.6,0.492,40.0,1
user_002051,46-55,Córdoba,Tablet,Free,103,28,267.67,139.0,20,58.5,7.3,0.547,8.16,0
user_002052,18-25,Córdoba,Móvil,Free,217,46,107.96,65.0,18,77.4,8.6,,6.36,1
user_002053,36-45,Otros,Tablet,Free,71,48,342.93,131.0,13,82.7,12.8,0.567,20.28,1
user_002054,18-25,Rosario,Móvil,Free,167,39,430.46,113.0,4,25.0,16.3,0.051,,1
user_002055,18-25,La Plata,Móvil,Free,87,8,13.63,107.0,10,43.4,7.1,0.45,,1
user_002056,26-35,Buenos Aires,Móvil,Premium,106,25,168.01,91.0,28,59.7,2.9,0.966,7.08,0
user_002057,26-35,Buenos Aires,Móvil,Free,235,28,175.41,106.0,25,64.2,3.5,,3.57,0
user_002058,18-25,Córdoba,Móvil,Free,183,11,446.97,77.0,8,9.2,10.7,0.612,,1
user_002059,18-25,La Plata,Desktop,Free,214,26,456.95,109.0,0,62.0,5.4,0.318,3.64,1
user_002060,46-55,Mendoza,Móvil,Enterprise,125,26,105.05,159.0,9,97.4,6.1,0.916,6.24,0
user_002061,36-45,Buenos Aires,Móvil,Basic,103,46,33.77,156.0,23,64.6,1.6,0.609,,0
user_002062,36-45,Buenos Aires,Desktop,Free,223,49,222.3,16.0,26,73.3,12.3,0.868,6.59,0
user_002063,46-55,Buenos Aires,Móvil,Enterprise,71,35,141.68,53.0,11,47.3,6.1,0.013,14.79,0
user_002064,56+,Córdoba,Móvil,Premium,203,48,348.74,76.0,16,116.9,1.3,0.322,7.09,0
user_002065,36-45,Buenos Aires,Móvil,Free,38,21,296.39,160.0,24,66.3,3.7,,16.58,0
user_002066,18-25,Rosario,Móvil,Basic,365,2,402.7,23.0,11,109.5,12.4,0.763,0.16,1
user_002067,36-45,Rosario,Desktop,Basic,195,19,85.25,58.0,3,68.1,9.4,0.46,,1
user_002068,36-45,Córdoba,Desktop,Enterprise,219,7,331.59,17.0,16,108.0,15.0,0.993,0.96,0
user_002069,36-45,Buenos Aires,Móvil,Basic,14,46,73.28,155.0,10,94.6,10.9,,46.0,1
user_002070,46-55,Buenos Aires,Móvil,Free,102,41,385.56,43.0,28,52.1,15.0,0.361,12.06,1
user_002071,26-35,Rosario,Móvil,Basic,85,30,153.34,132.0,6,12.7,19.7,0.192,10.59,0
user_002072,26-35,Buenos Aires,Móvil,Basic,364,41,458.23,22.0,11,12.0,16.4,0.923,3.38,1
user_002073,26-35,Córdoba,Móvil,Free,319,24,413.43,87.0,18,38.2,12.8,0.594,,1
user_002074,56+,Otros,,Basic,354,9,117.83,121.0,3,54.6,10.5,0.579,0.76,0
user_002075,46-55,Buenos Aires,Desktop,Basic,288,2,357.13,109.0,10,99.0,17.6,0.714,0.21,1
user_002076,36-45,Buenos Aires,Desktop,Free,44,29,492.37,148.0,10,84.7,2.3,0.791,19.77,0
user_002077,26-35,Buenos Aires,Móvil,Free,150,34,274.99,175.0,1,101.3,15.2,0.463,6.8,0
user_002078,26-35,Buenos Aires,Móvil,Free,332,37,158.22,130.0,19,91.7,12.9,0.168,3.34,0
user_002079,26-35,,Móvil,Basic,84,33,21.2,39.0,30,3.0,10.1,0.079,11.79,1
user_002080,36-45,Rosario,Móvil,Premium,244,50,337.27,7.0,20,102.1,15.0,0.547,6.15,0
user_002081,,Otros,Desktop,Basic,86,41,199.61,167.0,25,91.7,10.7,0.134,14.3,0
user_002082,36-45,Córdoba,Tablet,Free,352,48,426.41,152.0,1,104.9,1.9,0.586,4.09,1
user_002083,26-35,Buenos Aires,Móvil,Free,253,38,447.8,57.0,8,108.7,10.7,,4.51,0
user_002084,36-45,Rosario,Móvil,Free,142,45,164.93,107.0,15,40.0,10.7,,9.51,0
user_002085,46-55,La Plata,Tablet,Free,100,22,348.35,3.0,25,58.9,5.5,,6.6,1
user_002086,46-55,Rosario,Desktop,Free,278,21,176.73,10.0,21,101.5,7.0,,2.27,1
user_002087,26-35,Rosario,Móvil,Basic,349,43,439.82,56.0,16,33.6,16.6,0.263,,0
user_002088,26-35,Córdoba,Móvil,Enterprise,206,19,41.31,123.0,30,7.1,18.5,,,1
user_002089,56+,Otros,Desktop,Premium,287,12,206.29,113.0,3,39.6,15.3,0.819,1.25,0
user_002090,36-45,Mendoza,Móvil,Basic,92,28,312.78,137.0,1,105.0,3.7,0.639,9.13,1
user_002091,46-55,Rosario,Móvil,Basic,211,16,211.89,121.0,18,97.4,1.5,0.761,2.27,0
user_002092,46-55,Córdoba,Desktop,Enterprise,247,1,42.53,55.0,30,,7.1,0.219,0.12,1
user_002093,36-45,Buenos Aires,Móvil,Basic,110,31,189.37,180.0,29,20.1,18.3,0.669,,0
user_002094,26-35,Buenos Aires,Móvil,Basic,26,47,112.1,9.0,4,68.2,2.7,0.559,47.0,0
user_002095,36-45,Rosario,Tablet,Free,4,11,157.04,96.0,27,119.1,8.1,,11.0,1
user_002096,36-45,Córdoba,Móvil,Premium,45,1,473.9,53.0,9,35.7,8.3,,0.67,1
user_002097,26-35,Mendoza,Móvil,Basic,235,22,276.94,166.0,2,110.7,10.3,0.741,2.81,1
user_002098,18-25,Buenos Aires,Móvil,Free,53,10,449.8,19.0,16,80.1,8.7,,5.66,1
user_002099,46-55,Buenos Aires,Tablet,Free,35,48,156.93,70.0,21,58.1,14.3,0.059,41.14,1
user_002100,26-35,Rosario,Desktop,Premium,63,18,22.66,32.0,18,97.4,17.3,0.536,8.57,0
user_002101,36-45,Otros,Tablet,Premium,218,1,407.83,108.0,30,102.5,7.6,0.933,0.14,1
user_002102,36-45,Rosario,Móvil,Premium,350,7,283.34,48.0,13,45.9,9.7,,0.6,1
user_002103,56+,Córdoba,Tablet,Free,172,20,375.84,61.0,8,21.7,19.1,0.032,,0
user_002104,18-25,Rosario,Móvil,Basic,300,34,29.41,53.0,23,53.1,9.0,,3.4,1
user_002105,26-35,Rosario,Móvil,Basic,150,28,310.99,83.0,4,,6.2,0.404,,0
user_002106,26-35,Rosario,Móvil,Premium,225,22,40.71,77.0,27,48.1,7.8,0.882,2.93,0
user_002107,46-55,Córdoba,Móvil,Basic,294,15,249.91,32.0,12,27.0,11.8,0.782,1.53,0
user_002108,36-45,Rosario,Desktop,Basic,183,22,295.5,40.0,20,22.7,14.0,0.376,3.61,1
user_002109,46-55,Buenos Aires,Móvil,Free,231,50,460.43,140.0,10,,4.4,0.802,6.49,0
user_002110,18-25,Mendoza,Móvil,Premium,190,17,391.95,174.0,8,105.1,8.6,,,0
user_002111,56+,Buenos Aires,Móvil,Basic,92,15,478.78,16.0,8,111.1,6.2,0.731,4.89,0
user_002112,18-25,Rosario,Móvil,Premium,9,9,185.22,29.0,8,,12.2,0.526,9.0,1
user_002113,36-45,Buenos Aires,Móvil,Premium,127,0,151.86,999.0,18,39.3,5.6,0.496,0.0,0
user_002114,26-35,Córdoba,Móvil,Basic,143,23,256.0,15.0,3,87.0,11.2,0.965,4.83,0
user_002115,26-35,Rosario,Móvil,Premium,322,16,122.13,123.0,17,50.1,13.0,0.945,1.49,0
user_002116,26-35,Córdoba,Móvil,Free,358,39,338.98,161.0,16,39.1,6.7,0.331,3.27,1
user_002117,46-55,Córdoba,Móvil,Premium,133,9,433.23,148.0,21,24.6,18.6,,,1
user_002118,56+,Buenos Aires,Desktop,Free,175,2,35.87,49.0,1,23.0,10.5,0.874,0.34,0
user_002119,36-45,Buenos Aires,Desktop,Basic,34,8,92.42,24.0,3,35.4,3.9,0.404,7.06,1
user_002120,18-25,Buenos Aires,Móvil,Premium,120,36,79.42,24.0,27,,18.0,,9.0,0
user_002121,18-25,Buenos Aires,Móvil,Free,100,20,123.73,150.0,4,22.9,4.3,0.372,6.0,0
user_002122,36-45,Buenos Aires,,Basic,294,2,426.66,29.0,24,25.7,11.1,0.209,0.2,1
user_002123,18-25,Buenos Aires,Móvil,Free,71,24,478.12,29.0,25,26.5,5.6,0.598,10.14,1
user_002124,46-55,Córdoba,Móvil,Free,194,19,100.98,102.0,9,92.9,6.7,0.443,2.94,1
user_002125,18-25,Rosario,Móvil,Free,363,11,375.26,149.0,30,43.4,9.3,0.454,0.91,1
user_002126,26-35,Otros,Desktop,Free,22,36,279.57,160.0,11,22.1,10.0,0.232,36.0,1
user_002127,46-55,Buenos Aires,Desktop,Enterprise,158,25,191.75,85.0,18,,6.1,0.764,4.75,1
user_002128,56+,Córdoba,Móvil,Basic,166,3,313.6,106.0,13,36.7,6.1,0.783,0.54,0
user_002129,26-35,Córdoba,Móvil,Free,176,18,440.3,69.0,29,92.0,9.3,0.318,3.07,1
user_002130,26-35,Rosario,Desktop,Basic,246,26,72.37,162.0,28,92.1,11.5,0.339,3.17,0
user_002131,18-25,Buenos Aires,Tablet,Premium,238,24,251.99,151.0,4,36.4,7.4,0.082,3.03,0
user_002132,,Rosario,Tablet,Enterprise,37,47,316.4,57.0,10,33.3,18.9,0.287,38.11,0
user_002133,26-35,Mendoza,Móvil,Basic,85,26,394.55,100.0,23,65.1,6.6,0.47,9.18,0
user_002134,26-35,Rosario,Desktop,Basic,38,42,47.81,24.0,11,103.4,13.8,,33.16,1
user_002135,26-35,Mendoza,Desktop,Basic,314,5,24.32,5.0,15,97.0,10.0,,0.48,0
user_002136,36-45,Mendoza,Desktop,Premium,124,17,272.79,108.0,26,58.4,11.5,0.712,4.11,1
user_002137,46-55,Córdoba,Móvil,Free,81,8,489.81,73.0,12,94.3,12.3,0.298,2.96,1
user_002138,26-35,Buenos Aires,Móvil,Free,139,37,495.83,162.0,5,47.2,14.3,0.344,7.99,1
user_002139,26-35,La Plata,Móvil,Basic,158,47,466.07,150.0,20,,1.2,0.395,8.92,0
user_002140,26-35,La Plata,Móvil,Basic,72,11,324.6,179.0,29,46.6,6.6,0.46,4.58,0
user_002141,26-35,Otros,Móvil,Basic,48,35,119.86,84.0,7,72.4,1.6,,,1
user_002142,18-25,Mendoza,Móvil,Free,310,49,362.02,145.0,19,,12.1,0.761,4.74,1
user_002143,18-25,Buenos Aires,Tablet,Free,324,42,215.44,123.0,21,96.2,19.2,0.274,,1
user_002144,26-35,La Plata,Móvil,Basic,314,5,366.9,18.0,27,,12.4,,0.48,1
user_002145,56+,Buenos Aires,Móvil,Enterprise,237,37,330.68,151.0,21,79.3,15.7,0.048,4.68,0
user_002146,36-45,Otros,Desktop,Free,206,33,285.29,106.0,27,,3.3,,4.81,1
user_002147,36-45,,Desktop,Free,349,18,80.75,51.0,8,60.7,15.1,0.329,1.55,0
user_002148,26-35,,Móvil,Free,82,4,218.48,178.0,15,68.3,13.8,0.486,,0
user_002149,18-25,Otros,Móvil,Free,63,50,245.47,179.0,28,11.3,10.4,0.203,23.81,1
user_002150,46-55,Buenos Aires,Desktop,Premium,296,1,498.22,77.0,28,,17.5,0.162,0.1,1
user_002151,36-45,Rosario,Móvil,Free,99,34,235.09,161.0,9,38.7,18.3,0.934,10.3,1
user_002152,46-55,Rosario,Tablet,Basic,327,32,190.57,97.0,9,103.4,4.6,0.072,2.94,1
user_002153,46-55,Buenos Aires,Tablet,Basic,82,39,485.61,,12,15.5,12.0,0.286,14.27,1
user_002154,36-45,Buenos Aires,Móvil,Free,238,45,126.36,85.0,6,40.4,8.8,0.663,,0
user_002155,18-25,Buenos Aires,Móvil,Premium,27,21,91.94,82.0,5,,10.4,0.312,21.0,1
user_002156,18-25,Rosario,Móvil,Premium,327,4,467.78,119.0,18,65.6,14.4,,,0
user_002157,56+,,Móvil,Free,96,36,491.17,153.0,7,117.8,1.6,0.106,11.25,1
user_002158,36-45,Buenos Aires,Móvil,Premium,44,25,112.02,93.0,24,61.1,17.8,,17.05,1
user_002159,26-35,Mendoza,Móvil,Free,271,8,382.61,92.0,12,44.7,5.9,0.874,0.89,1
user_002160,18-25,Buenos Aires,Móvil,Enterprise,122,17,64.5,56.0,0,118.4,8.2,0.648,4.18,0
user_002161,46-55,Buenos Aires,Desktop,Basic,150,49,405.93,1.0,0,116.2,19.6,0.412,,0
user_002162,36-45,Rosario,Tablet,Premium,88,6,248.07,137.0,4,1.9,8.7,0.192,2.05,1
user_002163,18-25,La Plata,Desktop,Free,309,9,280.58,46.0,5,,6.4,0.536,0.87,0
user_002164,26-35,Buenos Aires,Móvil,Enterprise,124,37,301.79,8.0,0,33.5,1.7,0.751,,0
user_002165,26-35,La Plata,Móvil,Premium,228,6,355.22,63.0,11,80.4,16.7,,0.79,1
user_002166,18-25,Otros,Tablet,Premium,205,10,385.41,135.0,18,16.6,16.7,0.792,1.46,1
user_002167,26-35,Rosario,Tablet,Free,142,31,282.7,10.0,19,91.3,11.0,0.029,6.55,1
user_002168,18-25,Buenos Aires,Desktop,Free,89,18,455.92,84.0,7,36.9,12.7,0.872,6.07,1
user_002169,46-55,Córdoba,Tablet,Premium,301,16,151.08,142.0,13,96.2,6.5,0.884,1.59,1
user_002170,36-45,Buenos Aires,Desktop,Basic,300,39,119.4,98.0,7,91.0,10.5,,3.9,0
user_002171,36-45,Buenos Aires,Tablet,Basic,37,37,388.82,170.0,4,12.6,16.7,0.621,30.0,1
user_002172,26-35,Otros,Móvil,Premium,138,38,292.1,81.0,26,,7.1,0.344,8.26,0
user_002173,46-55,Rosario,Móvil,Premium,113,34,382.18,47.0,18,107.5,1.0,0.419,9.03,0
user_002174,36-45,Buenos Aires,Móvil,Premium,145,33,307.79,139.0,13,2.8,2.3,0.048,6.83,0
user_002175,26-35,Buenos Aires,Móvil,Free,196,28,447.9,21.0,12,38.9,9.4,0.093,4.29,0
user_002176,26-35,Rosario,Móvil,Premium,251,3,78.61,56.0,20,3.4,6.3,0.479,0.36,0
user_002177,36-45,Buenos Aires,Desktop,Free,161,17,157.63,127.0,27,109.2,7.1,0.876,3.17,1
user_002178,36-45,Rosario,Móvil,Free,361,16,95.31,77.0,16,1.6,1.6,0.08,1.33,1
user_002179,18-25,Buenos Aires,Móvil,Free,2,25,304.17,83.0,17,41.2,9.7,0.846,25.0,1
user_002180,56+,Córdoba,Desktop,Basic,66,24,17.32,71.0,5,,2.2,0.997,10.91,1
user_002181,26-35,Buenos Aires,Desktop,Basic,256,18,185.83,56.0,27,10.8,13.2,,2.11,1
user_002182,36-45,Buenos Aires,Móvil,Premium,294,8,306.5,100.0,5,108.7,14.1,0.6,0.82,1
user_002183,,Córdoba,Tablet,Basic,139,8,22.96,22.0,13,56.2,18.6,0.177,1.73,0
user_002184,26-35,Buenos Aires,Móvil,Basic,304,38,112.86,1.0,12,27.3,3.4,0.355,,1
user_002185,56+,Buenos Aires,Móvil,Free,349,2,158.01,91.0,0,23.0,1.9,,0.17,0
user_002186,18-25,Rosario,Desktop,Free,66,39,120.59,154.0,15,11.1,2.2,0.058,17.73,1
user_002187,18-25,Rosario,Móvil,Free,354,9,100.26,87.0,12,86.1,13.9,0.7,0.76,0
user_002188,36-45,Córdoba,Tablet,Free,333,46,230.25,159.0,25,107.9,5.3,0.286,4.14,1
user_002189,36-45,Otros,Móvil,Free,189,24,328.94,119.0,14,110.0,11.2,0.075,3.81,1
user_002190,26-35,Córdoba,Móvil,Free,196,0,393.36,999.0,3,74.2,19.0,0.353,0.0,0
user_002191,36-45,Otros,Tablet,Basic,19,31,219.68,107.0,22,51.9,2.1,0.177,31.0,1
user_002192,36-45,Mendoza,Móvil,Free,124,36,88.46,22.0,26,84.3,7.1,0.547,8.71,1
user_002193,36-45,Mendoza,Desktop,Free,157,15,43.93,29.0,12,57.9,11.4,0.927,2.87,0
user_002194,26-35,La Plata,Desktop,Free,353,15,76.39,50.0,21,58.9,11.2,0.586,1.27,0
user_002195,46-55,Córdoba,Desktop,Premium,329,41,261.19,106.0,7,109.5,2.6,0.286,3.74,0
user_002196,36-45,Buenos Aires,Móvil,Premium,288,15,232.24,86.0,24,109.1,11.8,0.538,1.56,1
user_002197,18-25,Buenos Aires,Desktop,Free,9,16,224.3,153.0,21,75.5,17.2,,16.0,1
user_002198,18-25,Córdoba,Tablet,Premium,259,6,250.54,141.0,6,96.4,10.4,0.342,0.69,1
user_002199,46-55,Buenos Aires,Móvil,Basic,329,2,56.18,70.0,21,104.6,16.5,0.804,0.18,0
user_002200,36-45,Córdoba,Móvil,Basic,282,50,439.64,94.0,2,96.9,10.3,0.993,5.32,0
user_002201,56+,Buenos Aires,Desktop,Free,204,23,339.59,80.0,29,90.4,12.7,0.977,,1
user_002202,36-45,Córdoba,Móvil,Free,232,17,408.93,147.0,9,85.3,16.8,0.022,,0
user_002203,36-45,Buenos Aires,Tablet,Basic,157,36,215.22,98.0,17,111.5,17.3,0.143,6.88,0
user_002204,,Córdoba,Móvil,Basic,21,26,358.37,45.0,19,113.4,15.1,0.702,26.0,1
user_002205,26-35,Mendoza,Móvil,Premium,51,8,45.75,147.0,3,36.8,17.5,0.657,4.71,1
user_002206,18-25,,Móvil,Basic,363,35,492.14,176.0,29,,13.7,0.699,2.89,0
user_002207,56+,Otros,Desktop,Basic,219,8,193.05,133.0,9,84.1,2.0,0.024,1.1,1
user_002208,36-45,Córdoba,Móvil,Basic,248,43,422.03,36.0,24,29.9,9.4,0.731,5.2,0
user_002209,36-45,Otros,Desktop,Free,286,4,361.71,101.0,15,48.6,14.9,0.012,0.42,0
user_002210,26-35,Buenos Aires,Móvil,Premium,265,33,218.91,1.0,3,9.0,3.6,0.794,3.74,1
user_002211,18-25,Otros,Móvil,Premium,288,43,263.82,128.0,29,32.9,8.4,0.253,,0
user_002212,26-35,Otros,Móvil,Premium,87,43,292.37,5.0,30,95.0,4.2,0.977,14.83,0
user_002213,,Córdoba,Desktop,Free,89,13,196.78,85.0,20,81.6,12.5,0.286,4.38,0
user_002214,46-55,Rosario,Móvil,Enterprise,143,26,147.17,13.0,3,104.2,3.8,,5.45,0
user_002215,56+,Otros,Móvil,Premium,318,0,47.95,999.0,28,40.5,8.4,0.475,0.0,0
user_002216,36-45,La Plata,Desktop,Basic,94,3,116.2,134.0,23,61.6,13.1,,0.96,1
user_002217,26-35,Rosario,Móvil,Free,347,15,41.3,103.0,12,107.3,7.5,0.687,1.3,1
user_002218,18-25,Rosario,Móvil,Basic,196,13,243.88,117.0,10,42.9,1.9,,1.99,0
user_002219,18-25,Otros,Móvil,Free,38,18,229.22,124.0,26,98.1,11.4,0.036,14.21,1
user_002220,18-25,La Plata,Desktop,Basic,54,25,449.75,134.0,22,67.5,14.4,,,1
user_002221,26-35,Buenos Aires,Móvil,Free,313,33,489.11,28.0,2,68.7,9.9,0.832,3.16,0
user_002222,26-35,Mendoza,Móvil,Basic,141,10,212.77,121.0,27,6.0,7.1,0.028,2.13,1
user_002223,26-35,Buenos Aires,Móvil,Basic,91,37,180.41,83.0,14,85.0,11.4,0.247,,1
user_002224,56+,Rosario,Móvil,Premium,243,10,148.32,99.0,12,79.5,2.8,,1.23,1
user_002225,,Rosario,Móvil,Free,7,17,465.22,109.0,17,58.7,17.5,0.004,,1
user_002226,18-25,Mendoza,Móvil,Free,262,29,97.6,98.0,13,71.5,16.4,0.222,3.32,1
user_002227,18-25,Córdoba,Desktop,Free,203,20,71.63,132.0,11,113.3,9.1,0.968,2.96,0
user_002228,46-55,Córdoba,Móvil,Premium,363,34,458.89,120.0,4,106.4,17.0,0.639,2.81,0
user_002229,36-45,Mendoza,Móvil,Basic,251,30,239.88,29.0,3,105.6,10.5,0.14,3.59,1
user_002230,36-45,Córdoba,Móvil,Free,300,0,392.31,999.0,1,2.0,18.2,0.146,0.0,0
user_002231,46-55,Mendoza,Móvil,Free,341,43,152.23,55.0,28,81.7,2.0,0.739,3.78,0
user_002232,,Rosario,Móvil,Basic,118,48,313.33,109.0,29,15.3,12.0,0.631,12.2,0
user_002233,26-35,Mendoza,Móvil,Premium,310,25,387.14,104.0,9,5.8,12.6,0.681,2.42,0
user_002234,46-55,Buenos Aires,Desktop,Free,97,39,359.57,38.0,5,112.4,17.0,0.945,12.06,1
user_002235,26-35,Mendoza,Móvil,Basic,20,12,479.02,46.0,4,100.7,12.0,0.76,,0
user_002236,56+,Mendoza,Móvil,Free,241,18,244.34,62.0,13,7.0,3.2,,2.24,0
user_002237,36-45,Buenos Aires,Tablet,Free,38,44,57.13,17.0,12,85.4,18.3,,34.74,0
user_002238,36-45,Buenos Aires,Móvil,Basic,350,13,338.02,119.0,29,41.0,9.7,0.556,1.11,1
user_002239,26-35,Buenos Aires,Móvil,Free,261,31,448.27,153.0,5,,11.8,0.472,3.56,0
user_002240,46-55,Córdoba,Tablet,Premium,319,26,492.63,99.0,27,,16.8,0.812,,1
user_002241,46-55,Buenos Aires,Tablet,Basic,354,8,410.47,104.0,13,44.4,15.8,,0.68,1
user_002242,,Buenos Aires,Desktop,Premium,164,46,254.05,32.0,9,1.3,16.4,0.689,8.41,0
user_002243,36-45,Buenos Aires,Móvil,Free,20,19,336.6,96.0,25,,2.6,0.024,,1
user_002244,26-35,La Plata,Móvil,Free,192,41,109.43,14.0,28,77.8,14.8,0.988,,0
user_002245,46-55,La Plata,Tablet,Free,202,45,383.69,51.0,25,2.5,18.2,0.057,6.68,1
user_002246,36-45,Córdoba,Móvil,Free,346,35,227.25,29.0,23,,18.9,0.854,3.03,1
user_002247,56+,Buenos Aires,Desktop,Premium,93,21,352.52,71.0,2,40.9,17.7,0.6,6.77,1
user_002248,36-45,Buenos Aires,Desktop,Free,273,16,356.08,162.0,14,50.6,2.7,0.77,1.76,0
user_002249,18-25,Otros,Móvil,Premium,164,5,78.76,35.0,21,,10.9,0.349,,1
user_002250,26-35,Córdoba,Desktop,Free,73,29,424.93,88.0,29,86.4,2.4,0.828,11.92,0
user_002251,18-25,Buenos Aires,Móvil,Free,320,49,373.42,2.0,27,73.9,10.4,0.203,4.59,0
user_002252,36-45,Buenos Aires,Móvil,Basic,136,7,376.03,35.0,21,51.2,5.4,,,1
user_002253,36-45,Mendoza,Móvil,Premium,183,27,244.68,25.0,16,,8.6,0.898,4.43,1
user_002254,36-45,La Plata,Móvil,Premium,29,27,276.93,170.0,21,43.5,2.7,0.655,27.0,1
user_002255,18-25,Otros,Móvil,Free,38,27,221.81,113.0,16,99.9,10.8,0.57,21.32,0
user_002256,18-25,Rosario,Móvil,Free,13,20,92.81,140.0,29,77.3,13.8,0.714,20.0,0
user_002257,18-25,Buenos Aires,Móvil,Premium,54,36,272.38,34.0,10,41.6,10.1,0.465,,1
user_002258,26-35,Rosario,Móvil,Free,143,35,420.92,142.0,11,115.2,11.1,0.317,,0
user_002259,56+,Otros,Móvil,Premium,328,6,447.05,99.0,10,58.5,12.1,,0.55,1
user_002260,36-45,Otros,Móvil,Free,294,5,271.85,112.0,2,78.1,17.0,0.308,0.51,1
user_002261,18-25,La Plata,Móvil,Free,146,45,305.7,67.0,8,71.7,13.1,0.523,9.25,0
user_002262,36-45,La Plata,Móvil,Basic,137,3,316.97,164.0,0,93.1,12.2,0.018,0.66,0
user_002263,36-45,Buenos Aires,Desktop,Free,313,32,201.8,160.0,1,59.7,4.2,0.754,3.07,1
user_002264,26-35,Rosario,,Enterprise,354,10,121.26,48.0,13,73.0,16.6,0.634,0.85,0
user_002265,26-35,La Plata,Móvil,Enterprise,357,40,105.83,34.0,25,32.1,4.3,,3.36,1
user_002266,26-35,Buenos Aires,Desktop,Basic,2,15,240.09,162.0,9,119.3,14.2,0.327,15.0,1
user_002267,18-25,Rosario,Móvil,Free,12,42,480.91,94.0,28,49.6,15.8,0.496,42.0,1
user_002268,36-45,Córdoba,Móvil,Free,340,41,158.93,95.0,7,31.3,14.8,,3.62,0
user_002269,26-35,Córdoba,Móvil,Premium,30,22,464.46,131.0,6,80.3,17.6,0.507,22.0,0
user_002270,36-45,La Plata,Desktop,Premium,214,41,278.05,109.0,20,20.0,8.9,,5.75,0
user_002271,56+,La Plata,Móvil,Free,143,1,431.73,117.0,15,44.4,9.9,0.924,0.21,1
user_002272,26-35,Buenos Aires,Desktop,Basic,54,39,284.82,168.0,26,78.2,6.7,0.871,21.67,1
user_002273,56+,Rosario,Desktop,Free,145,1,383.95,78.0,10,96.2,7.9,0.721,0.21,0
user_002274,18-25,Buenos Aires,Móvil,Premium,60,0,35.06,999.0,6,34.4,18.4,0.758,0.0,0
user_002275,36-45,Rosario,Móvil,Premium,265,31,454.42,151.0,10,33.1,16.0,0.345,3.51,1
user_002276,56+,Buenos Aires,Móvil,Free,44,26,77.48,143.0,11,14.1,1.7,0.133,,1
user_002277,36-45,Buenos Aires,Móvil,Basic,9,35,56.16,53.0,10,28.0,2.2,,35.0,1
user_002278,26-35,Rosario,Desktop,Free,60,14,377.79,158.0,27,100.1,7.3,0.079,7.0,0
user_002279,18-25,Buenos Aires,Móvil,Free,314,10,206.54,47.0,28,55.8,6.0,0.551,0.96,1
user_002280,26-35,Buenos Aires,Desktop,Free,20,3,266.55,126.0,7,63.9,11.5,0.677,,0
user_002281,26-35,Otros,Móvil,Premium,187,2,401.11,160.0,2,70.6,7.2,0.078,0.32,1
user_002282,56+,Buenos Aires,Desktop,Free,25,43,117.76,116.0,22,4.7,15.5,0.136,43.0,1
user_002283,36-45,Buenos Aires,Móvil,Free,270,16,198.78,35.0,27,11.3,7.0,,1.78,0
user_002284,,Mendoza,Desktop,Premium,149,16,442.66,44.0,24,51.5,10.8,0.526,3.22,1
user_002285,56+,Rosario,Móvil,,104,39,467.13,108.0,18,28.9,12.5,,11.25,1
user_002286,46-55,Buenos Aires,Desktop,Free,355,4,223.56,126.0,30,8.1,7.4,,0.34,1
user_002287,46-55,Córdoba,Tablet,Free,50,43,354.91,107.0,14,28.1,16.3,0.948,,0
user_002288,26-35,Buenos Aires,Desktop,Premium,255,33,479.06,78.0,16,42.0,18.8,0.658,,1
user_002289,18-25,Buenos Aires,Desktop,Free,33,19,189.47,173.0,4,66.8,15.9,0.238,,1
user_002290,26-35,,Desktop,Basic,239,29,100.55,156.0,2,14.1,7.3,,3.64,0
user_002291,36-45,Buenos Aires,Móvil,Premium,219,12,326.98,63.0,13,,8.1,0.915,,1
user_002292,46-55,Rosario,Desktop,Basic,322,37,247.07,30.0,21,77.5,7.1,0.408,3.45,1
user_002293,36-45,Otros,Tablet,Basic,16,24,452.59,86.0,25,8.6,9.6,0.857,24.0,0
user_002294,18-25,Córdoba,Desktop,Free,105,3,368.27,125.0,7,98.6,4.0,0.098,0.86,1
user_002295,,Rosario,Móvil,Free,84,13,342.9,111.0,24,58.6,15.7,0.359,4.64,1
user_002296,,Córdoba,Móvil,Basic,76,22,426.72,158.0,26,87.8,8.1,0.196,8.68,0
user_002297,26-35,Buenos Aires,Desktop,Free,235,8,390.3,96.0,23,97.0,5.6,0.494,1.02,0
user_002298,,Buenos Aires,Tablet,Basic,52,3,93.35,80.0,16,48.6,15.5,0.047,1.73,1
user_002299,46-55,Buenos Aires,Desktop,Premium,33,13,143.84,175.0,22,55.6,7.6,0.625,11.82,0
user_002300,36-45,Buenos Aires,Desktop,Basic,91,6,31.88,62.0,26,,3.5,0.173,,0
user_002301,46-55,Buenos Aires,Móvil,Free,341,3,59.27,79.0,5,18.7,2.9,0.535,0.26,0
user_002302,18-25,Mendoza,Móvil,Premium,85,47,106.52,19.0,28,90.5,8.3,0.122,16.59,0
user_002303,26-35,Córdoba,Móvil,Basic,39,43,337.11,22.0,20,112.7,10.1,0.246,33.08,1
user_002304,36-45,Córdoba,Móvil,Premium,171,41,248.19,123.0,5,6.5,1.4,0.129,7.19,1
user_002305,36-45,Buenos Aires,Móvil,Basic,234,0,233.81,999.0,13,29.7,11.7,0.871,0.0,1
user_002306,46-55,Rosario,Desktop,Free,351,11,116.18,1.0,16,45.2,15.5,0.882,0.94,0
user_002307,46-55,Rosario,Desktop,Free,66,16,468.02,107.0,19,57.2,12.7,,7.27,1
user_002308,46-55,Rosario,Móvil,Basic,166,15,225.2,175.0,25,14.8,15.3,0.501,2.71,1
user_002309,46-55,La Plata,Móvil,Free,153,6,75.89,102.0,24,99.7,18.5,0.441,1.18,0
user_002310,56+,Córdoba,Móvil,Basic,253,12,276.79,134.0,15,89.9,16.6,,1.42,1
user_002311,26-35,Rosario,Desktop,Enterprise,294,42,196.58,17.0,9,36.4,8.4,0.381,4.29,0
user_002312,26-35,Mendoza,Móvil,Enterprise,112,7,45.09,117.0,13,93.7,14.0,,1.88,1
user_002313,18-25,Buenos Aires,Móvil,Free,22,25,495.27,107.0,6,106.6,8.9,0.479,25.0,0
user_002314,26-35,Córdoba,Tablet,Free,237,32,452.17,5.0,6,45.9,11.6,0.961,4.05,1
user_002315,18-25,Córdoba,Móvil,,364,41,121.64,58.0,22,101.3,15.5,,3.38,1
user_002316,36-45,Buenos Aires,Tablet,Enterprise,273,38,65.67,164.0,5,58.4,2.1,0.33,4.18,0
user_002317,26-35,Buenos Aires,Móvil,Free,251,43,81.13,24.0,2,65.6,4.2,0.514,5.14,0
user_002318,26-35,Córdoba,Móvil,Basic,222,28,351.3,102.0,20,7.4,16.7,,3.78,1
user_002319,36-45,,Desktop,Basic,136,16,417.99,122.0,28,34.9,12.7,0.624,3.53,0
user_002320,26-35,Otros,Móvil,Basic,336,7,146.79,104.0,25,41.0,8.9,,,0
user_002321,36-45,Córdoba,Móvil,Premium,317,0,222.01,999.0,15,26.1,16.2,0.854,0.0,1
user_002322,26-35,La Plata,Móvil,Basic,4,6,92.4,118.0,30,44.6,7.7,,6.0,1
user_002323,18-25,Rosario,Desktop,Free,153,35,258.49,22.0,18,100.9,5.0,0.853,6.86,1
user_002324,36-45,Rosario,Móvil,Free,2,10,351.87,29.0,24,25.7,16.6,0.5,10.0,0
user_002325,56+,Buenos Aires,Desktop,Basic,147,7,200.62,176.0,6,51.2,3.3,0.838,,1
user_002326,26-35,La Plata,Móvil,Basic,326,48,425.46,79.0,22,72.6,2.1,0.476,4.42,1
user_002327,36-45,Mendoza,Móvil,Premium,282,32,120.2,177.0,13,108.6,16.6,,3.4,1
user_002328,,Córdoba,Desktop,Free,59,17,499.6,55.0,19,76.2,3.8,,,0
user_002329,18-25,La Plata,,Basic,190,47,100.29,142.0,28,105.5,13.0,0.843,7.42,1
user_002330,46-55,La Plata,Desktop,Premium,235,6,411.26,46.0,22,,16.4,0.122,0.77,1
user_002331,26-35,Rosario,Móvil,Free,88,13,364.43,142.0,8,38.9,2.8,0.39,4.43,0
user_002332,36-45,Buenos Aires,Desktop,Basic,339,25,265.45,86.0,24,115.0,1.9,0.587,2.21,1
user_002333,36-45,Córdoba,Desktop,Basic,9,8,318.52,8.0,17,118.2,12.6,0.866,8.0,1
user_002334,18-25,Córdoba,Desktop,Free,6,41,473.4,23.0,13,48.7,2.2,0.877,41.0,1
user_002335,56+,Córdoba,Tablet,Basic,255,30,349.28,30.0,15,79.2,14.4,0.975,3.53,0
user_002336,56+,Buenos Aires,Desktop,Basic,4,47,426.98,69.0,3,82.9,11.0,0.792,47.0,0
user_002337,46-55,Buenos Aires,Desktop,Free,248,46,125.0,80.0,9,108.3,2.8,0.544,,0
user_002338,46-55,Buenos Aires,Móvil,Premium,33,35,437.58,69.0,4,80.7,13.7,,,0
user_002339,26-35,La Plata,Móvil,Basic,222,19,225.22,89.0,22,107.4,2.7,0.668,,0
user_002340,26-35,Buenos Aires,Móvil,Enterprise,102,0,310.22,999.0,18,34.9,6.9,0.352,,0
user_002341,36-45,Mendoza,Desktop,Basic,48,20,162.41,162.0,4,36.7,7.2,0.093,12.5,0
user_002342,36-45,Córdoba,Desktop,Free,41,4,337.02,18.0,0,77.5,7.0,0.32,,0
user_002343,18-25,Rosario,Tablet,Free,229,11,128.51,97.0,22,46.4,12.1,0.937,1.44,0
user_002344,36-45,Mendoza,Móvil,Free,149,34,198.02,145.0,8,12.1,2.2,0.823,6.85,1
user_002345,36-45,Buenos Aires,Desktop,Free,267,50,159.72,71.0,20,76.1,3.8,,5.62,0
user_002346,36-45,Córdoba,Móvil,Basic,148,12,404.92,172.0,16,65.1,5.4,0.238,,1
user_002347,26-35,Buenos Aires,Tablet,Basic,259,27,452.24,65.0,23,,9.3,0.808,,0
user_002348,18-25,Buenos Aires,Móvil,Free,218,39,472.91,141.0,10,41.9,9.5,0.204,5.37,0
user_002349,36-45,Buenos Aires,Tablet,Premium,354,40,452.68,133.0,25,75.0,8.1,0.272,3.39,1
user_002350,,La Plata,Móvil,Basic,120,38,438.08,108.0,9,39.9,7.1,0.096,,0
user_002351,26-35,Buenos Aires,Móvil,Premium,125,33,108.69,9.0,24,71.4,12.2,0.274,7.92,1
user_002352,36-45,Córdoba,Tablet,Enterprise,84,47,367.57,165.0,12,80.4,10.8,0.434,16.79,0
user_002353,36-45,Rosario,Móvil,Free,135,44,62.18,179.0,27,102.8,1.4,,9.78,1
user_002354,36-45,Buenos Aires,Móvil,Basic,144,5,49.59,55.0,25,63.3,16.1,0.951,,0
user_002355,18-25,Córdoba,Desktop,Basic,136,46,169.64,167.0,10,10.1,14.8,0.422,10.15,1
user_002356,36-45,Córdoba,Desktop,Free,355,46,344.71,52.0,9,83.6,19.4,,3.89,0
user_002357,56+,Rosario,Móvil,Premium,38,17,168.86,4.0,20,40.9,8.8,0.857,13.42,0
user_002358,46-55,Buenos Aires,Móvil,Free,70,45,377.2,67.0,28,22.2,11.7,0.072,19.29,0
user_002359,36-45,Buenos Aires,Móvil,Basic,6,19,479.89,33.0,10,7.6,17.4,0.859,19.0,1
user_002360,26-35,Mendoza,Móvil,Premium,90,48,194.43,77.0,16,119.1,2.4,0.411,,0
user_002361,,Buenos Aires,Móvil,Premium,238,35,435.4,171.0,12,24.3,10.7,0.221,4.41,0
user_002362,18-25,Buenos Aires,Desktop,Basic,322,36,194.91,85.0,2,116.1,12.6,,,0
user_002363,36-45,Córdoba,Móvil,Premium,215,45,249.97,89.0,16,45.7,10.0,0.892,6.28,1
user_002364,26-35,Buenos Aires,Tablet,Premium,167,13,134.33,174.0,9,26.1,12.3,,2.34,1
user_002365,26-35,Mendoza,Móvil,Free,59,4,340.39,,6,27.5,9.4,0.422,2.03,1
user_002366,,Mendoza,Móvil,Premium,121,7,444.1,77.0,8,104.1,9.8,,1.74,1
user_002367,36-45,La Plata,Móvil,Premium,277,28,273.71,178.0,1,61.6,18.1,0.554,3.03,1
user_002368,26-35,Córdoba,Desktop,Enterprise,56,23,310.51,175.0,9,78.4,18.9,0.839,12.32,1
user_002369,26-35,Rosario,Desktop,Basic,1,29,395.73,7.0,30,90.6,5.6,0.389,29.0,1
user_002370,36-45,Buenos Aires,Móvil,Free,151,30,216.41,90.0,2,37.7,9.5,0.2,5.96,0
user_002371,18-25,Mendoza,Desktop,Basic,320,13,39.1,150.0,1,94.9,13.2,,1.22,1
user_002372,36-45,Mendoza,Móvil,Free,223,32,83.51,74.0,23,32.3,5.6,0.983,,0
user_002373,36-45,Córdoba,Móvil,Enterprise,195,12,433.81,33.0,30,50.0,19.7,,,1
user_002374,46-55,La Plata,Móvil,Basic,22,36,371.06,17.0,1,88.5,16.5,0.585,36.0,0
user_002375,26-35,Córdoba,Móvil,Basic,25,38,255.91,151.0,23,48.5,7.0,0.08,38.0,0
user_002376,18-25,La Plata,Móvil,Premium,85,28,395.9,,12,,6.9,0.306,9.88,1
user_002377,26-35,Buenos Aires,Desktop,Basic,136,32,248.56,0.0,8,86.7,14.9,0.412,7.06,0
user_002378,36-45,Mendoza,Móvil,Premium,22,45,310.91,95.0,22,16.8,8.7,,,1
user_002379,26-35,Córdoba,Desktop,Free,65,10,353.68,177.0,7,1.4,4.4,,4.62,0
user_002380,26-35,Buenos Aires,Móvil,Free,111,30,343.4,159.0,17,,18.4,0.067,8.11,1
user_002381,26-35,Buenos Aires,Móvil,Free,337,2,161.08,78.0,14,104.2,5.1,0.591,0.18,0
user_002382,26-35,Mendoza,Móvil,Free,319,29,156.62,77.0,26,,4.6,0.606,2.73,1
user_002383,18-25,Otros,Desktop,Basic,221,46,120.71,129.0,15,77.8,16.9,0.992,6.24,1
user_002384,56+,Rosario,Desktop,Basic,90,19,463.58,127.0,15,37.0,4.9,0.969,6.33,0
user_002385,18-25,Rosario,Móvil,Free,178,23,105.84,107.0,24,38.9,16.5,0.349,3.88,0
user_002386,56+,Mendoza,Móvil,Free,47,7,249.59,154.0,10,41.9,12.8,0.62,4.47,1
user_002387,36-45,Mendoza,Desktop,Enterprise,70,10,485.85,141.0,12,40.3,16.3,0.84,4.29,0
user_002388,26-35,Buenos Aires,Desktop,Free,309,13,471.81,24.0,18,27.2,11.1,0.955,1.26,0
user_002389,36-45,Mendoza,Móvil,Free,319,12,480.65,16.0,26,31.7,8.3,0.259,1.13,1
user_002390,36-45,La Plata,,Free,5,44,308.05,94.0,18,56.1,17.0,0.978,44.0,1
user_002391,46-55,Mendoza,,Free,339,20,85.82,49.0,9,11.8,2.7,0.724,,0
user_002392,18-25,Buenos Aires,Desktop,Free,320,12,426.0,16.0,10,27.6,4.6,,1.12,1
user_002393,18-25,Córdoba,Móvil,Premium,214,3,312.15,104.0,11,74.1,6.8,0.768,0.42,0
user_002394,26-35,Mendoza,Desktop,Free,202,19,169.51,77.0,3,94.2,15.1,,2.82,1
user_002395,18-25,Córdoba,Desktop,Premium,63,17,177.21,14.0,13,37.5,2.6,0.618,8.1,1
user_002396,18-25,Otros,Tablet,Premium,313,41,196.46,157.0,2,,18.0,0.888,3.93,1
user_002397,36-45,Rosario,Móvil,Free,6,47,70.51,137.0,4,50.7,10.6,0.126,47.0,0
user_002398,,La Plata,,Basic,14,10,328.69,97.0,26,74.6,15.8,0.955,10.0,0
user_002399,36-45,Rosario,Móvil,Premium,350,45,52.31,0.0,0,42.1,5.4,0.662,,1
user_002400,36-45,Otros,Desktop,Basic,41,48,75.01,160.0,14,6.8,4.8,0.146,35.12,0
user_002401,56+,Rosario,Tablet,Free,342,21,311.69,32.0,8,96.8,11.6,0.939,,0
user_002402,36-45,Buenos Aires,Móvil,Premium,291,2,172.28,131.0,28,111.1,13.2,0.706,0.21,1
user_002403,56+,Otros,Móvil,Premium,290,2,151.14,7.0,5,95.2,16.8,0.262,,1
user_002404,46-55,La Plata,Desktop,Free,151,25,349.37,155.0,30,41.6,14.6,0.023,4.97,0
user_002405,36-45,Otros,Móvil,Free,323,25,481.84,66.0,6,5.2,18.1,0.329,2.32,0
user_002406,26-35,Buenos Aires,Móvil,Basic,184,32,464.11,113.0,23,105.7,7.6,0.697,5.22,0
user_002407,36-45,Buenos Aires,Móvil,Basic,51,3,214.18,32.0,28,111.4,17.0,,1.76,0
user_002408,56+,Mendoza,Desktop,Basic,320,0,461.83,999.0,15,99.9,6.3,0.753,0.0,1
user_002409,46-55,Rosario,Móvil,Free,325,21,69.41,65.0,27,119.4,12.2,0.99,1.94,0
user_002410,36-45,Rosario,Tablet,Basic,200,19,45.97,31.0,8,55.7,11.7,0.048,2.85,1
user_002411,26-35,Córdoba,Móvil,Basic,180,5,479.08,104.0,15,26.6,2.1,0.564,0.83,1
user_002412,18-25,Mendoza,Móvil,Premium,252,16,433.62,132.0,12,97.9,11.0,0.77,1.9,1
user_002413,26-35,Rosario,Móvil,Free,196,49,335.13,169.0,17,,17.6,0.159,7.5,1
user_002414,,Otros,Desktop,Free,281,13,85.59,95.0,6,6.0,18.1,0.514,1.39,0
user_002415,36-45,Buenos Aires,Tablet,Basic,147,26,323.18,128.0,0,73.7,8.6,0.324,5.31,0
user_002416,26-35,Otros,Desktop,Basic,83,36,242.72,37.0,2,28.5,13.1,,13.01,1
user_002417,26-35,Buenos Aires,Desktop,Free,121,40,87.73,128.0,22,75.1,6.2,0.709,9.92,0
user_002418,,Rosario,Desktop,Free,224,33,199.03,40.0,13,53.8,15.5,,4.42,0
user_002419,,Rosario,Móvil,Free,32,14,141.43,104.0,11,94.7,2.4,,13.12,1
user_002420,26-35,La Plata,Desktop,Basic,37,38,219.12,2.0,29,97.3,11.7,0.207,30.81,0
user_002421,46-55,Buenos Aires,Móvil,Premium,107,2,52.07,83.0,18,57.6,13.1,0.173,,1
user_002422,,Córdoba,Desktop,Premium,222,13,159.6,169.0,19,20.9,8.2,0.553,,0
user_002423,36-45,Mendoza,Móvil,Basic,75,5,404.19,129.0,1,33.7,16.1,0.197,2.0,0
user_002424,36-45,Buenos Aires,Desktop,Premium,212,28,376.4,95.0,25,105.9,8.6,0.987,3.96,1
user_002425,18-25,Buenos Aires,Móvil,Basic,117,1,179.07,149.0,4,107.2,1.8,0.891,,0
user_002426,46-55,Otros,Desktop,Basic,117,44,77.52,34.0,1,75.9,15.2,0.395,11.28,0
user_002427,46-55,Buenos Aires,Móvil,Free,9,44,85.05,135.0,26,,8.8,0.739,44.0,1
user_002428,18-25,Córdoba,Desktop,Free,16,5,440.94,91.0,10,87.0,17.1,0.649,5.0,1
user_002429,26-35,Buenos Aires,Móvil,Basic,29,21,438.63,140.0,4,11.6,4.0,0.182,,1
user_002430,26-35,Rosario,Móvil,Basic,232,17,151.4,101.0,0,54.1,12.6,,2.2,0
user_002431,46-55,Buenos Aires,Desktop,Basic,119,36,469.7,155.0,16,8.7,10.2,0.37,,0
user_002432,36-45,Rosario,Móvil,Premium,287,38,392.57,86.0,6,,9.2,,3.97,0
user_002433,18-25,Mendoza,,Basic,88,41,174.81,146.0,15,33.4,9.5,0.351,,0
user_002434,36-45,Buenos Aires,Móvil,Free,202,46,310.25,166.0,25,85.3,13.1,0.306,6.83,1
user_002435,36-45,Rosario,Móvil,Premium,144,36,95.61,36.0,23,1.3,12.1,0.768,7.5,0
user_002436,26-35,Otros,Desktop,Free,338,7,179.43,92.0,18,56.2,3.4,0.051,0.62,1
user_002437,18-25,Otros,Desktop,Basic,341,14,385.58,157.0,30,32.3,13.6,0.819,1.23,1
user_002438,26-35,Córdoba,Móvil,Free,28,23,239.47,128.0,10,48.8,3.0,0.343,23.0,0
user_002439,56+,Rosario,Móvil,Free,34,21,439.01,95.0,14,26.5,13.6,,18.53,1
user_002440,36-45,Otros,Móvil,Free,291,49,340.33,149.0,25,116.2,7.5,0.747,5.05,1
user_002441,46-55,Córdoba,Móvil,Basic,211,25,31.71,135.0,24,109.2,12.9,0.118,,1
user_002442,26-35,Buenos Aires,Desktop,Basic,266,40,157.96,0.0,9,3.2,2.9,0.4,4.51,0
user_002443,56+,Córdoba,Desktop,Free,62,31,338.03,125.0,23,97.3,16.6,,,0
user_002444,18-25,Buenos Aires,Móvil,Free,217,2,263.92,55.0,15,112.7,8.1,,0.28,1
user_002445,18-25,Buenos Aires,Desktop,Free,347,1,48.14,89.0,19,81.7,13.5,,0.09,1
user_002446,26-35,,Móvil,Basic,312,41,142.16,8.0,15,65.6,14.3,0.178,3.94,0
user_002447,26-35,Rosario,Móvil,Premium,95,7,377.14,93.0,18,97.4,5.5,0.55,2.21,0
user_002448,26-35,Córdoba,Móvil,Enterprise,66,50,219.93,61.0,11,105.6,16.1,0.703,22.73,0
user_002449,26-35,Córdoba,Móvil,Free,61,34,115.06,21.0,30,26.4,16.2,0.82,16.72,1
user_002450,36-45,Buenos Aires,Móvil,Basic,266,19,90.83,162.0,9,117.1,5.3,0.405,2.14,1
user_002451,56+,Buenos Aires,Desktop,Premium,21,26,226.4,16.0,30,83.6,10.9,0.022,,1
user_002452,46-55,Otros,Desktop,Basic,5,29,340.04,58.0,25,44.3,12.9,,29.0,1
user_002453,46-55,,Móvil,Free,78,21,98.92,171.0,13,29.2,14.9,0.81,8.08,1
user_002454,36-45,Mendoza,Móvil,Basic,230,48,266.31,109.0,30,70.4,2.7,0.126,6.26,0
user_002455,56+,Mendoza,Móvil,Free,300,42,91.53,40.0,25,45.9,18.5,0.586,,1
user_002456,36-45,La Plata,Móvil,,37,39,433.92,100.0,24,91.3,9.6,,,0
user_002457,26-35,Otros,Desktop,Free,43,43,411.3,71.0,9,111.0,3.1,0.098,30.0,0
user_002458,36-45,La Plata,Tablet,Free,13,13,197.2,115.0,6,61.8,1.3,,13.0,1
user_002459,26-35,La Plata,Desktop,Free,336,37,116.03,109.0,16,36.8,2.9,0.779,3.3,1
user_002460,46-55,Otros,Móvil,Basic,222,10,23.67,19.0,8,,5.6,,1.35,0
user_002461,56+,La Plata,Móvil,Basic,229,34,111.46,99.0,0,24.3,10.7,0.878,4.45,1
user_002462,56+,Córdoba,Móvil,Premium,163,0,495.78,999.0,21,80.1,9.3,0.971,0.0,1
user_002463,46-55,Córdoba,Desktop,Free,244,30,216.32,123.0,22,100.8,13.1,0.186,3.69,0
user_002464,26-35,Buenos Aires,Móvil,Premium,317,25,284.85,168.0,9,,8.4,0.574,2.37,0
user_002465,26-35,La Plata,Móvil,Premium,343,41,170.97,102.0,8,74.2,9.9,0.109,,0
user_002466,18-25,Buenos Aires,Desktop,Basic,52,14,308.52,5.0,12,94.4,5.8,,8.08,0
user_002467,56+,Mendoza,Desktop,Basic,349,14,156.2,86.0,26,79.8,3.2,,1.2,1
user_002468,,Buenos Aires,Móvil,Premium,135,35,291.2,48.0,12,119.2,3.7,0.391,7.78,1
user_002469,26-35,Buenos Aires,Tablet,Premium,360,4,303.2,163.0,28,48.4,3.6,0.875,0.33,0
user_002470,26-35,Buenos Aires,Móvil,Basic,278,47,465.32,6.0,17,85.2,9.7,0.793,5.07,0
user_002471,18-25,La Plata,Tablet,Free,102,49,496.89,139.0,7,,16.7,0.192,14.41,0
user_002472,36-45,Buenos Aires,Móvil,Free,47,20,427.13,122.0,9,41.2,5.8,,12.77,1
user_002473,36-45,Buenos Aires,Desktop,Premium,12,19,33.07,22.0,4,109.4,5.6,0.087,19.0,0
user_002474,26-35,Otros,Móvil,Basic,196,37,15.85,56.0,10,97.2,17.4,0.454,5.66,1
user_002475,56+,Buenos Aires,Móvil,Free,113,2,179.25,128.0,14,,18.0,0.303,0.53,0
user_002476,26-35,Otros,Móvil,Free,299,25,134.15,59.0,24,76.5,11.6,0.321,2.51,1
user_002477,26-35,Rosario,Móvil,Basic,243,48,418.04,117.0,14,104.0,9.3,0.061,5.93,1
user_002478,26-35,Buenos Aires,Tablet,Basic,167,45,466.3,116.0,21,76.6,17.0,0.843,8.08,0
user_002479,46-55,Mendoza,Móvil,Free,38,16,294.27,107.0,23,99.6,14.8,0.333,12.63,1
user_002480,46-55,Buenos Aires,Desktop,Free,110,0,158.08,999.0,8,,17.3,0.587,,1
user_002481,46-55,Córdoba,Desktop,,7,34,55.44,88.0,12,3.3,7.5,0.29,34.0,1
user_002482,18-25,Rosario,Desktop,Premium,118,23,410.64,76.0,25,57.8,16.8,0.105,,1
user_002483,26-35,Otros,Móvil,Free,339,28,187.41,172.0,23,,7.5,0.15,2.48,1
user_002484,46-55,Buenos Aires,Móvil,Basic,76,18,258.39,68.0,30,118.7,1.5,,7.11,1
user_002485,36-45,Buenos Aires,Desktop,Basic,360,22,373.41,2.0,26,,14.7,,1.83,1
user_002486,56+,Otros,Desktop,Basic,272,13,264.51,104.0,25,66.2,1.6,0.768,1.43,0
user_002487,46-55,La Plata,Móvil,Free,139,2,380.87,52.0,18,68.2,16.7,,0.43,1
user_002488,26-35,Rosario,Desktop,Premium,251,28,44.18,21.0,1,113.6,15.4,0.988,,1
user_002489,18-25,Rosario,Móvil,Basic,302,2,209.36,167.0,29,21.0,4.8,0.232,0.2,1
user_002490,56+,Buenos Aires,Desktop,Free,15,37,465.25,64.0,8,46.1,16.0,0.814,37.0,0
user_002491,46-55,Otros,Móvil,Enterprise,351,16,356.78,174.0,29,1.3,12.6,,1.37,1
user_002492,26-35,Córdoba,Móvil,Premium,268,38,159.71,34.0,16,41.9,10.2,0.835,4.25,0
user_002493,46-55,La Plata,Móvil,Basic,349,35,174.8,136.0,15,93.8,7.5,,3.01,0
user_002494,36-45,Mendoza,Móvil,Free,69,10,187.43,79.0,28,18.0,16.2,0.324,4.35,0
user_002495,26-35,Otros,Tablet,Free,138,1,245.04,108.0,17,64.1,19.3,,0.22,1
user_002496,36-45,Buenos Aires,Desktop,Enterprise,351,10,69.95,19.0,29,58.2,18.1,0.093,0.85,1
user_002497,36-45,Otros,Tablet,Enterprise,199,49,292.58,33.0,17,97.5,11.8,0.777,7.39,1
user_002498,56+,Córdoba,Móvil,Premium,284,4,133.28,,25,,7.9,0.409,,1
user_002499,46-55,Córdoba,Desktop,Free,70,19,66.28,2.0,7,24.2,4.5,0.557,8.14,0
user_002500,26-35,Buenos Aires,Móvil,Free,362,33,248.96,86.0,21,10.4,18.8,0.147,2.73,1
user_002501,36-45,Rosario,Móvil,Premium,284,31,186.82,93.0,30,33.3,8.6,0.53,3.27,1
user_002502,18-25,,Móvil,Premium,48,17,208.84,33.0,27,56.5,13.4,0.018,10.62,1
user_002503,26-35,Córdoba,Desktop,Basic,315,17,93.7,13.0,7,104.3,8.6,0.481,1.62,1
user_002504,26-35,Córdoba,Tablet,Free,191,0,290.7,999.0,11,61.4,10.4,0.902,,1
user_002505,36-45,Córdoba,Desktop,Free,13,3,399.85,66.0,10,54.0,12.3,0.229,3.0,0
user_002506,26-35,Buenos Aires,Desktop,Free,160,45,58.86,162.0,14,1.8,7.9,0.722,8.44,0
user_002507,26-35,Rosario,Desktop,Basic,76,8,23.58,33.0,11,,3.5,0.119,3.16,1
user_002508,18-25,Mendoza,Móvil,Free,78,45,83.2,144.0,14,101.2,16.8,0.575,17.31,0
user_002509,46-55,Rosario,Móvil,Basic,264,6,178.4,161.0,29,45.3,7.1,0.125,0.68,0
user_002510,46-55,La Plata,Desktop,Free,146,38,90.79,4.0,28,94.7,7.4,,7.81,1
user_002511,36-45,Buenos Aires,Desktop,Free,211,11,156.52,119.0,26,29.3,8.8,,1.56,0
user_002512,36-45,Córdoba,Móvil,Basic,188,11,157.19,147.0,30,117.2,16.0,0.47,1.76,0
user_002513,26-35,Otros,Móvil,Premium,135,30,94.21,66.0,9,23.8,6.8,0.63,6.67,0
user_002514,46-55,Rosario,Móvil,Basic,190,38,487.5,96.0,11,,7.4,0.406,,1
user_002515,46-55,Buenos Aires,Móvil,Basic,1,2,419.11,157.0,29,69.0,15.5,0.226,2.0,0
user_002516,36-45,Rosario,Móvil,Basic,92,26,480.89,160.0,0,86.8,11.8,0.009,8.48,0
user_002517,,Córdoba,Móvil,Basic,332,18,440.7,103.0,12,83.6,19.4,,1.63,1
user_002518,26-35,Rosario,Tablet,Free,301,50,303.8,13.0,19,91.5,14.6,,4.98,1
user_002519,56+,Otros,Desktop,Free,43,15,63.28,29.0,24,55.8,16.6,0.396,10.47,0
user_002520,26-35,Otros,Móvil,Basic,332,50,16.25,2.0,20,,6.1,0.918,4.52,1
user_002521,26-35,Buenos Aires,Móvil,Premium,251,28,402.55,41.0,5,69.4,13.1,0.834,3.35,0
user_002522,46-55,Rosario,Desktop,Premium,34,30,395.88,21.0,11,30.7,12.3,0.79,26.47,1
user_002523,26-35,Otros,Desktop,Basic,280,49,125.78,83.0,0,6.1,4.9,0.605,5.25,1
user_002524,36-45,Mendoza,Desktop,Basic,357,29,209.22,165.0,9,36.8,9.6,0.489,,0
user_002525,26-35,,Tablet,Premium,4,18,96.26,63.0,3,48.7,10.4,0.144,,1
user_002526,36-45,Mendoza,Móvil,Free,4,17,473.58,57.0,19,24.4,19.2,0.684,,1
user_002527,36-45,,Desktop,Premium,161,42,299.08,46.0,25,119.0,7.6,,7.83,0
user_002528,36-45,,Móvil,Premium,80,32,58.32,56.0,7,3.3,10.1,0.277,12.0,0
user_002529,,La Plata,Móvil,Free,238,14,217.32,25.0,27,22.3,6.6,0.476,1.76,0
user_002530,18-25,Rosario,Móvil,Premium,236,29,87.07,61.0,7,,7.2,0.073,3.69,0
user_002531,18-25,La Plata,Móvil,Premium,341,31,357.26,93.0,30,43.4,11.2,0.499,2.73,1
user_002532,56+,Buenos Aires,Tablet,Free,65,9,84.63,165.0,26,82.8,6.7,0.341,4.15,0
user_002533,18-25,Rosario,Móvil,Premium,209,5,74.48,59.0,16,96.3,1.7,0.486,,1
user_002534,,Buenos Aires,Móvil,Enterprise,101,22,452.68,89.0,22,89.4,14.9,0.31,,0
user_002535,56+,Otros,Desktop,Premium,235,7,173.26,127.0,27,91.0,7.8,0.949,0.89,0
user_002536,26-35,Buenos Aires,Tablet,Basic,165,8,490.52,104.0,7,3.1,15.9,0.12,1.45,1
user_002537,18-25,La Plata,Desktop,Premium,155,42,188.7,110.0,7,38.6,1.2,0.779,8.13,0
user_002538,26-35,Buenos Aires,Móvil,Free,131,20,307.49,168.0,12,60.6,7.8,0.652,,0
user_002539,26-35,La Plata,Móvil,Basic,61,44,482.53,6.0,29,112.1,1.8,0.765,21.64,1
user_002540,18-25,Buenos Aires,,Premium,346,46,57.06,12.0,23,26.8,3.8,0.831,,1
user_002541,36-45,Buenos Aires,Móvil,Free,97,25,331.66,98.0,30,29.9,10.9,0.408,7.73,1
user_002542,26-35,Córdoba,Móvil,Basic,105,43,183.08,107.0,29,71.9,19.9,0.628,12.29,1
user_002543,36-45,Buenos Aires,Móvil,Basic,27,48,88.55,122.0,5,63.4,1.2,0.949,48.0,1
user_002544,26-35,La Plata,Desktop,Enterprise,0,7,339.88,74.0,14,19.4,4.7,0.211,7.0,1
user_002545,26-35,Córdoba,Móvil,Premium,150,49,24.1,136.0,7,6.9,8.6,0.443,9.8,1
user_002546,46-55,Rosario,Tablet,Free,99,41,135.1,72.0,19,66.3,8.8,0.892,12.42,1
user_002547,26-35,Buenos Aires,Móvil,Basic,232,33,262.4,106.0,14,45.3,17.5,0.338,4.27,0
user_002548,46-55,Buenos Aires,Móvil,Basic,114,22,337.73,93.0,26,48.9,19.9,0.249,5.79,1
user_002549,36-45,Otros,Desktop,Free,320,9,17.97,8.0,4,42.6,16.9,0.346,0.84,0
user_002550,46-55,Buenos Aires,Desktop,Premium,196,30,399.35,4.0,21,24.8,8.2,,,1
user_002551,18-25,Mendoza,Desktop,Free,119,18,278.28,172.0,4,2.5,3.0,0.263,4.54,0
user_002552,18-25,Córdoba,Desktop,Free,336,1,332.51,87.0,9,71.2,1.6,0.994,0.09,1
user_002553,36-45,Rosario,Móvil,Free,347,31,206.72,117.0,7,62.9,10.1,0.31,2.68,1
user_002554,26-35,Buenos Aires,Desktop,Premium,316,15,267.81,171.0,1,4.3,12.0,0.291,1.42,0
user_002555,18-25,Buenos Aires,Tablet,Enterprise,205,31,348.9,71.0,3,53.1,11.8,0.962,,0
user_002556,26-35,Buenos Aires,Desktop,Free,154,39,253.3,49.0,11,12.9,12.5,0.378,7.6,1
user_002557,26-35,Córdoba,Móvil,Basic,291,0,91.31,999.0,7,5.4,5.3,0.954,0.0,0
user_002558,26-35,Mendoza,Móvil,Premium,346,6,100.38,20.0,21,44.9,11.7,0.043,0.52,0
user_002559,18-25,Córdoba,Desktop,Premium,231,32,442.46,3.0,10,,8.6,0.043,4.16,1
user_002560,46-55,La Plata,Móvil,Free,88,33,281.13,70.0,15,,1.6,0.557,11.25,1
user_002561,26-35,Buenos Aires,Móvil,Basic,266,35,407.05,72.0,9,,1.3,0.16,3.95,1
user_002562,36-45,Buenos Aires,Móvil,Premium,233,12,364.85,62.0,27,55.9,9.8,0.3,1.55,1
user_002563,26-35,Buenos Aires,Desktop,Free,344,34,25.47,39.0,12,81.8,13.0,,2.97,1
user_002564,46-55,Rosario,Móvil,Basic,231,0,197.79,999.0,0,32.4,18.7,0.788,,0
user_002565,36-45,Mendoza,Desktop,Premium,109,39,71.35,80.0,27,113.8,19.2,0.677,10.73,1
user_002566,46-55,Mendoza,Móvil,Basic,292,49,113.6,16.0,1,,2.5,,5.03,0
user_002567,36-45,Buenos Aires,Desktop,Premium,330,40,60.75,2.0,30,118.0,18.5,0.697,3.64,0
user_002568,18-25,Rosario,Móvil,Basic,247,0,161.76,999.0,14,,7.9,0.001,0.0,1
user_002569,46-55,La Plata,Tablet,Basic,225,18,333.69,128.0,14,63.7,2.3,0.198,2.4,0
user_002570,46-55,Córdoba,Tablet,Free,231,30,71.32,39.0,14,40.0,19.6,0.6,3.9,0
user_002571,26-35,Buenos Aires,Móvil,Premium,338,28,140.11,158.0,20,70.1,18.5,0.525,2.49,0
user_002572,36-45,Buenos Aires,Desktop,Premium,364,25,376.42,157.0,9,11.6,16.5,0.405,,0
user_002573,18-25,La Plata,Móvil,Free,212,48,406.44,89.0,7,112.9,14.4,0.557,6.79,0
user_002574,26-35,Otros,Móvil,Basic,187,2,49.79,136.0,19,49.3,7.3,0.407,0.32,1
user_002575,18-25,Buenos Aires,Móvil,Premium,317,1,40.1,112.0,9,114.1,8.6,0.599,0.09,1
user_002576,26-35,Rosario,Móvil,,78,17,259.3,132.0,2,56.6,18.1,,6.54,0
user_002577,18-25,Buenos Aires,Desktop,Premium,311,0,379.21,999.0,14,58.9,19.2,0.862,0.0,0
user_002578,26-35,Rosario,Móvil,Free,31,12,409.78,9.0,14,63.8,3.1,0.885,,1
user_002579,18-25,Mendoza,Móvil,Free,139,2,146.24,6.0,5,110.7,6.1,,0.43,0
user_002580,26-35,Rosario,Móvil,Free,183,14,336.14,132.0,9,,14.9,0.985,2.3,0
user_002581,26-35,Buenos Aires,Móvil,Free,190,49,343.06,54.0,23,28.9,5.6,0.001,7.74,1
user_002582,26-35,Rosario,Móvil,Free,337,40,208.07,89.0,6,86.6,14.6,0.957,3.56,1
user_002583,26-35,La Plata,Móvil,Enterprise,51,13,481.15,77.0,24,51.9,18.3,0.273,7.65,1
user_002584,36-45,Buenos Aires,Tablet,Premium,112,35,413.11,134.0,12,103.1,19.4,0.244,,1
user_002585,18-25,Córdoba,Desktop,Basic,47,42,55.32,179.0,2,118.9,19.2,0.273,26.81,0
user_002586,46-55,La Plata,Móvil,Basic,263,28,469.24,110.0,0,44.5,11.6,0.101,3.19,0
user_002587,46-55,Córdoba,Móvil,Premium,248,7,200.4,86.0,0,47.8,16.4,0.557,0.85,0
user_002588,56+,Córdoba,Móvil,Free,269,13,411.61,136.0,22,71.9,1.3,0.939,1.45,0
user_002589,56+,Rosario,Móvil,Free,26,14,303.66,60.0,8,79.7,10.0,0.84,,0
user_002590,36-45,Otros,Móvil,Premium,315,9,187.44,32.0,19,100.2,13.3,0.329,0.86,1
user_002591,56+,Córdoba,Móvil,Free,47,5,394.05,28.0,21,92.7,2.1,0.818,3.19,0
user_002592,18-25,Buenos Aires,Móvil,Free,148,16,396.01,159.0,20,62.2,3.6,,,0
user_002593,18-25,Rosario,Móvil,Free,247,48,104.68,77.0,21,116.6,16.8,0.624,5.83,1
user_002594,36-45,La Plata,Desktop,Basic,17,25,244.25,50.0,21,111.9,2.4,,25.0,0
user_002595,36-45,Córdoba,Desktop,Enterprise,231,40,130.06,105.0,27,108.2,7.9,0.317,,1
user_002596,18-25,Buenos Aires,Tablet,Premium,151,33,278.01,35.0,0,49.9,15.3,0.526,,1
user_002597,46-55,Buenos Aires,Móvil,Basic,162,40,487.63,57.0,26,4.5,4.6,0.262,7.41,1
user_002598,36-45,Córdoba,Móvil,Basic,306,20,457.4,156.0,18,8.9,17.1,0.435,,0
user_002599,46-55,Buenos Aires,Desktop,Basic,358,45,290.07,58.0,21,22.4,7.5,0.788,,1
user_002600,18-25,La Plata,Desktop,Premium,92,6,95.65,154.0,7,55.9,5.9,,,1
user_002601,26-35,La Plata,Tablet,Free,75,39,213.09,65.0,8,36.9,10.9,0.76,,0
user_002602,46-55,Mendoza,Móvil,Premium,238,34,223.15,28.0,27,116.7,3.2,0.309,4.29,1
user_002603,26-35,Córdoba,Móvil,Premium,252,1,167.03,127.0,15,11.1,7.3,0.702,0.12,1
user_002604,36-45,Mendoza,Móvil,Basic,61,24,352.31,42.0,24,58.3,10.1,0.61,11.8,1
user_002605,,Rosario,Desktop,Free,278,46,140.56,99.0,30,,4.2,0.412,4.96,0
user_002606,26-35,Buenos Aires,Móvil,Free,162,19,45.51,1.0,5,75.1,7.5,,3.52,0
user_002607,,Córdoba,Móvil,Basic,75,50,289.91,154.0,26,43.7,10.3,0.579,,0
user_002608,18-25,Otros,Desktop,Free,188,28,142.02,21.0,2,8.7,13.8,0.988,4.47,1
user_002609,18-25,Mendoza,Móvil,Enterprise,132,25,479.34,118.0,27,,3.0,0.365,5.68,0
user_002610,26-35,La Plata,Móvil,Free,81,0,276.09,999.0,11,48.4,5.7,0.743,0.0,1
user_002611,36-45,Rosario,Móvil,Free,105,40,283.72,130.0,14,27.6,18.3,0.864,11.43,0
user_002612,,Córdoba,Desktop,Basic,309,5,94.16,112.0,7,86.2,19.7,0.762,,1
user_002613,36-45,Buenos Aires,Móvil,Free,217,4,312.42,5.0,17,36.1,11.4,,0.55,0
user_002614,18-25,Rosario,,Basic,21,27,383.4,53.0,20,48.1,2.3,0.625,,1
user_002615,26-35,Buenos Aires,Desktop,Free,198,23,443.65,8.0,16,14.7,6.8,0.538,3.48,1
user_002616,36-45,Buenos Aires,Desktop,Free,234,3,16.3,107.0,0,119.5,3.6,0.241,,1
user_002617,18-25,Rosario,Móvil,Premium,346,12,338.14,,4,105.4,13.2,0.197,1.04,1
user_002618,26-35,Buenos Aires,Móvil,Basic,132,36,79.36,143.0,0,103.9,3.1,0.416,8.18,1
user_002619,26-35,Córdoba,Desktop,Basic,163,24,419.71,120.0,23,81.5,1.2,0.206,,0
user_002620,26-35,Buenos Aires,Móvil,Premium,365,24,58.8,100.0,8,70.1,1.1,,1.97,1
user_002621,26-35,Mendoza,Móvil,Free,218,46,331.39,125.0,13,36.6,12.0,0.413,6.33,1
user_002622,18-25,Buenos Aires,Móvil,Free,11,22,12.97,4.0,20,73.6,16.3,0.615,22.0,1
user_002623,26-35,Mendoza,Desktop,Free,4,10,357.09,95.0,5,84.1,14.2,0.133,,0
user_002624,56+,Buenos Aires,Desktop,Free,83,29,327.48,162.0,9,29.0,18.5,0.74,10.48,0
user_002625,46-55,Buenos Aires,Tablet,Free,7,21,375.61,173.0,6,71.9,1.9,0.107,,0
user_002626,56+,Mendoza,Desktop,Free,306,43,223.35,46.0,14,54.0,11.3,0.538,4.22,0
user_002627,18-25,Buenos Aires,Móvil,Basic,160,1,484.99,5.0,8,109.1,7.8,0.902,0.19,0
user_002628,18-25,Mendoza,Móvil,Premium,106,27,43.03,79.0,26,108.2,4.4,0.992,7.64,0
user_002629,26-35,Mendoza,Tablet,Premium,253,42,368.11,152.0,28,22.5,7.2,0.793,4.98,0
user_002630,26-35,Buenos Aires,Móvil,Basic,77,5,62.42,48.0,25,54.5,12.3,0.548,1.95,0
user_002631,36-45,Mendoza,Móvil,Enterprise,356,28,438.28,83.0,24,104.3,3.0,0.997,2.36,1
user_002632,36-45,,Desktop,Enterprise,365,36,237.73,,25,91.0,17.7,0.659,2.96,1
user_002633,,Mendoza,Móvil,Premium,280,38,390.66,15.0,0,109.9,4.7,0.459,4.07,0
user_002634,36-45,Buenos Aires,Móvil,Basic,17,33,297.49,58.0,0,82.7,18.5,0.281,33.0,0
user_002635,36-45,Mendoza,Desktop,Basic,311,48,323.14,147.0,28,103.4,12.3,0.467,4.63,1
user_002636,56+,Buenos Aires,Móvil,Free,41,50,429.59,56.0,6,63.0,10.2,0.541,,1
user_002637,36-45,La Plata,Móvil,Free,100,41,481.99,143.0,27,74.2,8.5,0.652,12.3,0
user_002638,46-55,Buenos Aires,Móvil,Basic,86,25,351.37,13.0,22,,11.8,0.645,8.72,0
user_002639,26-35,Rosario,Desktop,Enterprise,125,50,471.89,167.0,26,36.4,6.3,0.463,12.0,0
user_002640,36-45,La Plata,Móvil,Free,37,2,231.43,148.0,28,99.6,15.1,,1.62,1
user_002641,46-55,Buenos Aires,Desktop,Free,38,28,416.87,145.0,3,,1.6,0.8,22.11,1
user_002642,26-35,Rosario,Tablet,,233,39,262.71,160.0,20,85.6,11.8,0.054,5.02,1
user_002643,36-45,Rosario,Móvil,Basic,55,20,230.72,57.0,29,81.0,7.3,0.666,10.91,1
user_002644,18-25,Córdoba,Móvil,Premium,83,19,341.82,125.0,26,,5.0,0.996,6.87,1
user_002645,,La Plata,Desktop,Basic,32,24,56.02,175.0,20,,7.0,0.026,22.5,1
user_002646,18-25,Córdoba,Móvil,Basic,45,9,103.47,128.0,10,34.6,5.5,0.189,6.0,0
user_002647,36-45,Buenos Aires,Tablet,Free,68,49,31.18,47.0,7,11.4,20.0,0.138,21.62,1
user_002648,46-55,Buenos Aires,Móvil,Free,16,44,338.78,84.0,25,15.1,12.8,0.156,44.0,1
user_002649,36-45,Buenos Aires,Tablet,Free,61,30,248.78,74.0,13,95.3,7.3,0.033,14.75,0
user_002650,36-45,Buenos Aires,Móvil,Basic,241,2,457.49,38.0,1,5.9,3.2,,,0
user_002651,26-35,Buenos Aires,Tablet,Premium,266,36,144.31,120.0,25,,15.6,0.108,4.06,1
user_002652,26-35,Rosario,Móvil,Basic,77,30,341.73,3.0,26,50.8,1.6,0.735,11.69,0
user_002653,56+,Buenos Aires,Móvil,Enterprise,313,41,126.06,161.0,0,44.4,6.6,0.419,3.93,0
user_002654,26-35,Rosario,Tablet,Free,10,20,407.53,87.0,18,40.6,3.4,,20.0,0
user_002655,26-35,Buenos Aires,Móvil,Premium,4,38,402.98,79.0,29,95.4,5.4,0.137,38.0,1
user_002656,46-55,Buenos Aires,Desktop,Free,156,43,413.51,9.0,0,62.8,14.2,0.825,8.27,0
user_002657,36-45,Mendoza,Tablet,Premium,161,27,446.0,144.0,0,22.9,14.0,0.15,5.03,1
user_002658,26-35,,Desktop,Basic,77,29,388.9,9.0,13,77.6,18.4,0.024,11.3,0
user_002659,56+,Rosario,Móvil,Free,331,37,425.69,64.0,9,73.8,9.7,,3.35,0
user_002660,56+,Córdoba,Desktop,Basic,282,12,346.07,175.0,26,28.5,15.0,0.855,,1
user_002661,36-45,Buenos Aires,Tablet,Premium,328,39,81.89,0.0,27,41.1,1.5,0.085,3.57,0
user_002662,56+,Buenos Aires,Móvil,Basic,277,9,260.34,167.0,14,53.9,6.3,,0.97,0
user_002663,26-35,Rosario,Móvil,Premium,338,34,445.68,42.0,28,66.2,3.8,,3.02,1
user_002664,18-25,Rosario,Desktop,Premium,288,1,480.39,42.0,13,117.1,11.5,0.902,0.1,0
user_002665,26-35,Córdoba,Móvil,Free,233,47,441.71,125.0,13,2.6,11.8,0.818,,1
user_002666,36-45,La Plata,Tablet,Basic,356,44,317.54,87.0,5,44.1,5.1,0.55,,0
user_002667,26-35,Córdoba,Tablet,Free,10,28,11.77,178.0,22,73.1,8.9,,28.0,0
user_002668,46-55,Buenos Aires,Móvil,Free,131,39,261.84,155.0,14,114.5,3.9,0.306,,0
user_002669,36-45,Mendoza,Móvil,Premium,161,9,447.85,175.0,23,9.5,13.2,0.378,1.68,0
user_002670,26-35,Buenos Aires,Móvil,Basic,304,41,262.81,108.0,1,40.8,14.8,0.398,4.05,0
user_002671,18-25,Buenos Aires,Desktop,Enterprise,102,25,195.22,120.0,27,,8.0,,7.35,1
user_002672,36-45,Buenos Aires,Móvil,Free,127,48,498.39,34.0,17,82.5,5.5,0.373,11.34,1
user_002673,26-35,La Plata,Desktop,Free,14,38,51.94,157.0,17,82.0,11.6,0.522,38.0,1
user_002674,56+,Buenos Aires,Móvil,Basic,364,46,345.73,124.0,27,107.9,8.0,0.039,3.79,0
user_002675,36-45,Mendoza,Móvil,Premium,126,3,149.64,57.0,13,117.0,12.0,,0.71,0
user_002676,26-35,Rosario,Desktop,Free,60,5,338.15,83.0,2,11.9,18.6,0.571,,1
user_002677,18-25,Córdoba,Desktop,Basic,365,47,187.44,45.0,0,45.3,3.8,0.665,3.86,0
user_002678,26-35,Rosario,Tablet,Free,76,43,312.71,8.0,2,2.4,13.8,0.62,16.97,0
user_002679,26-35,Rosario,Desktop,Free,125,29,340.48,167.0,21,103.4,7.3,0.23,6.96,1
user_002680,26-35,Rosario,Desktop,Basic,59,19,134.66,42.0,11,19.0,13.6,0.68,9.66,0
user_002681,36-45,Buenos Aires,Móvil,Basic,233,7,181.12,54.0,14,35.7,18.9,0.787,0.9,1
user_002682,18-25,La Plata,Móvil,Basic,178,49,491.82,58.0,27,53.9,9.1,0.752,8.26,1
user_002683,,Rosario,Móvil,Basic,72,47,341.27,96.0,24,,16.9,0.32,,1
user_002684,46-55,La Plata,Móvil,Basic,111,2,401.97,133.0,9,,8.4,0.509,0.54,0
user_002685,26-35,Rosario,Móvil,Free,225,21,256.62,43.0,9,88.4,13.8,0.444,2.8,0
user_002686,,Rosario,Móvil,Basic,230,11,136.63,62.0,10,18.3,9.4,0.591,,1
user_002687,56+,Buenos Aires,Tablet,Premium,316,33,192.25,177.0,27,9.4,11.2,0.41,3.13,1
user_002688,46-55,Rosario,Desktop,Premium,148,38,118.96,42.0,2,29.9,16.7,,7.7,0
user_002689,36-45,Buenos Aires,Desktop,Premium,109,12,328.91,177.0,29,102.3,1.2,0.759,3.3,1
user_002690,18-25,La Plata,Móvil,Free,286,31,334.72,34.0,0,40.9,7.3,0.547,3.25,1
user_002691,46-55,Córdoba,Desktop,Basic,282,50,278.55,26.0,22,73.6,19.4,,5.32,1
user_002692,26-35,Rosario,Desktop,Basic,221,28,159.47,1.0,9,21.8,5.7,0.456,3.8,0
user_002693,,Córdoba,Móvil,Basic,312,50,440.99,20.0,8,52.1,9.7,0.499,4.81,0
user_002694,18-25,Buenos Aires,Desktop,Basic,91,11,217.67,109.0,19,110.4,10.9,0.619,3.63,0
user_002695,56+,Córdoba,Tablet,Free,64,17,171.4,66.0,28,54.8,6.6,0.069,7.97,0
user_002696,18-25,Otros,Tablet,Free,223,37,495.65,54.0,13,119.4,18.4,0.691,4.98,1
user_002697,26-35,Rosario,Móvil,Enterprise,57,44,294.9,64.0,12,107.6,10.8,0.027,23.16,0
user_002698,46-55,La Plata,Móvil,Premium,287,30,305.98,108.0,23,94.8,7.6,0.119,3.14,0
user_002699,56+,Córdoba,Desktop,Free,330,8,353.6,61.0,27,107.7,19.4,,0.73,1
user_002700,36-45,Buenos Aires,Móvil,Free,351,20,484.22,26.0,12,5.2,14.4,0.45,1.71,0
user_002701,26-35,Buenos Aires,Desktop,Enterprise,212,11,406.13,166.0,22,90.3,10.3,0.537,1.56,1
user_002702,36-45,Buenos Aires,Móvil,Premium,40,26,102.15,16.0,25,97.0,3.5,,19.5,1
user_002703,36-45,Córdoba,Desktop,Basic,87,31,274.4,12.0,28,48.0,2.5,,10.69,1
user_002704,,La Plata,Móvil,Basic,213,14,183.28,83.0,22,100.2,2.5,,1.97,0
user_002705,36-45,Rosario,Móvil,Free,281,4,469.69,169.0,16,84.9,8.2,0.584,,1
user_002706,46-55,Rosario,Móvil,Premium,204,38,267.73,79.0,5,64.9,17.9,0.994,5.59,1
user_002707,56+,Córdoba,Móvil,Free,93,15,48.83,56.0,26,81.3,16.5,0.54,,1
user_002708,18-25,Mendoza,Desktop,Free,130,10,459.8,53.0,27,,8.3,,,0
user_002709,,Córdoba,Desktop,Basic,215,24,76.73,138.0,22,79.9,7.4,0.471,3.35,0
user_002710,26-35,Córdoba,Móvil,Free,95,0,257.85,999.0,29,58.5,11.7,0.831,0.0,1
user_002711,56+,Otros,Móvil,Free,141,34,121.5,56.0,8,76.9,7.6,0.87,,0
user_002712,36-45,Córdoba,Móvil,Basic,40,12,477.48,33.0,27,96.7,16.9,0.5,9.0,0
user_002713,46-55,Buenos Aires,Móvil,Free,0,22,355.8,120.0,6,8.2,3.4,0.462,22.0,0
user_002714,36-45,Buenos Aires,Móvil,Premium,40,28,462.16,5.0,9,85.4,16.0,0.042,21.0,0
user_002715,,Buenos Aires,Tablet,Basic,287,46,396.98,175.0,7,117.8,16.1,0.892,4.81,1
user_002716,36-45,Buenos Aires,Móvil,Basic,131,35,273.34,17.0,11,94.9,9.0,0.784,8.02,1
user_002717,26-35,Rosario,Móvil,Free,219,50,493.38,87.0,12,73.4,6.6,,,0
user_002718,36-45,La Plata,Desktop,Basic,102,47,121.85,47.0,22,22.2,17.1,0.965,,0
user_002719,26-35,Rosario,Móvil,Basic,282,44,224.47,2.0,21,102.0,17.9,0.239,4.68,0
user_002720,,Buenos Aires,Desktop,Basic,51,17,479.85,107.0,8,4.8,8.8,0.636,,1
user_002721,26-35,Buenos Aires,Móvil,Premium,61,14,431.13,62.0,18,61.9,14.2,0.241,6.89,1
user_002722,26-35,La Plata,Móvil,Basic,107,15,184.37,140.0,19,7.3,17.9,0.548,4.21,1
user_002723,18-25,Rosario,Tablet,Free,327,13,111.29,71.0,26,97.2,7.2,0.458,1.19,1
user_002724,36-45,Córdoba,Móvil,Premium,299,4,499.01,97.0,11,73.4,13.5,0.368,0.4,1
user_002725,56+,Rosario,Móvil,Enterprise,9,21,288.49,156.0,18,45.1,8.0,,21.0,0
user_002726,46-55,Buenos Aires,Desktop,Free,200,45,319.46,113.0,3,36.7,7.9,,6.75,1
user_002727,46-55,Rosario,Desktop,Premium,219,44,163.34,169.0,28,44.7,16.4,0.062,6.03,0
user_002728,46-55,Mendoza,Desktop,Basic,133,49,382.06,100.0,20,38.3,17.6,0.61,11.05,1
user_002729,18-25,Buenos Aires,Tablet,Basic,2,45,154.97,38.0,1,96.7,1.8,,,1
user_002730,26-35,Córdoba,Desktop,Free,296,12,22.6,140.0,4,36.7,2.1,0.823,,0
user_002731,36-45,Buenos Aires,Desktop,Free,180,10,371.54,72.0,28,119.0,1.2,0.702,,0
user_002732,26-35,Mendoza,Móvil,Basic,67,50,395.13,147.0,8,11.7,16.1,0.089,,1
user_002733,56+,Córdoba,Desktop,Free,83,30,290.12,149.0,18,,1.5,0.925,10.84,0
user_002734,36-45,Buenos Aires,Móvil,Premium,121,15,453.08,83.0,9,49.4,2.6,0.9,3.72,0
user_002735,56+,Mendoza,Móvil,Free,321,46,488.92,67.0,25,60.8,8.0,0.069,4.3,1
user_002736,36-45,Rosario,Móvil,Free,256,29,219.48,106.0,2,23.1,5.5,0.819,,1
user_002737,46-55,Buenos Aires,Desktop,Basic,306,44,356.8,128.0,2,119.3,1.7,0.29,4.31,1
user_002738,36-45,Buenos Aires,Móvil,Basic,209,35,277.07,135.0,22,9.4,8.2,0.412,5.02,0
user_002739,18-25,Buenos Aires,,Basic,181,37,27.69,39.0,2,,4.7,0.393,6.13,0
user_002740,36-45,Rosario,Móvil,Enterprise,78,14,382.58,160.0,12,59.2,19.8,0.974,5.38,0
user_002741,46-55,Otros,Tablet,Free,1,41,116.65,140.0,28,68.0,12.7,0.888,41.0,0
user_002742,26-35,Buenos Aires,Desktop,Free,120,46,110.91,40.0,0,91.8,19.7,0.272,11.5,1
user_002743,36-45,Córdoba,Tablet,Free,231,33,242.63,100.0,11,7.9,14.6,0.454,4.29,0
user_002744,18-25,Mendoza,Desktop,Free,5,4,414.5,53.0,3,47.9,16.9,0.662,4.0,1
user_002745,36-45,Buenos Aires,Desktop,Premium,37,47,488.54,14.0,10,,14.1,0.439,,0
user_002746,56+,Mendoza,Móvil,Free,350,49,110.83,108.0,12,104.5,1.4,0.345,,1
user_002747,26-35,Otros,Desktop,Enterprise,54,25,346.35,62.0,27,86.2,19.7,0.248,13.89,0
user_002748,26-35,Buenos Aires,Móvil,Basic,12,33,411.21,6.0,18,60.0,18.3,,33.0,0
user_002749,36-45,Buenos Aires,Móvil,Free,341,1,401.55,103.0,10,106.9,15.8,0.293,,0
user_002750,36-45,Córdoba,Móvil,Premium,9,10,129.27,85.0,19,88.1,17.0,0.493,10.0,1
user_002751,36-45,,Tablet,Premium,293,9,346.09,140.0,30,41.2,6.2,0.316,0.92,0
user_002752,26-35,Mendoza,Desktop,Enterprise,308,50,21.72,54.0,29,38.0,17.4,,4.87,0
user_002753,26-35,Córdoba,Tablet,Basic,245,31,105.77,144.0,26,76.6,3.8,,3.8,1
user_002754,18-25,Rosario,Móvil,Basic,357,33,162.49,107.0,28,96.1,10.8,0.738,2.77,0
user_002755,26-35,Córdoba,Móvil,Free,1,2,206.16,27.0,14,40.6,17.9,0.575,2.0,1
user_002756,26-35,Buenos Aires,Móvil,Free,119,32,60.68,68.0,8,,8.0,0.178,8.07,1
user_002757,36-45,Mendoza,Desktop,Premium,308,4,212.89,97.0,3,13.1,8.3,0.031,,0
user_002758,46-55,Buenos Aires,Móvil,Free,264,47,376.69,85.0,10,,13.0,0.379,5.34,0
user_002759,56+,Buenos Aires,,Enterprise,186,24,258.21,65.0,29,102.1,15.8,,3.87,1
user_002760,26-35,Buenos Aires,Móvil,Free,247,18,439.87,173.0,8,76.2,7.0,0.992,,1
user_002761,26-35,Córdoba,Móvil,Free,75,0,427.1,999.0,2,72.5,8.9,,,0
user_002762,,Buenos Aires,Móvil,Basic,288,37,241.07,68.0,21,16.0,2.9,0.857,3.85,0
user_002763,36-45,La Plata,Móvil,Basic,138,34,190.15,14.0,30,70.1,16.9,0.631,7.39,1
user_002764,56+,Rosario,Móvil,Premium,355,38,291.06,104.0,21,110.3,7.9,,,0
user_002765,18-25,La Plata,Desktop,Premium,330,48,389.09,4.0,7,33.7,11.0,,4.36,1
user_002766,18-25,Mendoza,Móvil,Basic,226,0,348.6,999.0,5,97.4,18.6,0.331,0.0,1
user_002767,36-45,La Plata,,Premium,27,38,477.78,65.0,9,74.0,8.4,0.576,38.0,1
user_002768,18-25,Buenos Aires,,Basic,215,44,352.1,90.0,27,52.8,10.0,,,0
user_002769,56+,Buenos Aires,Tablet,Premium,362,45,433.53,165.0,14,25.4,6.8,0.58,3.73,1
user_002770,36-45,Buenos Aires,Móvil,Free,220,7,409.9,54.0,17,,4.1,0.278,,1
user_002771,36-45,Mendoza,Desktop,Basic,102,2,35.98,113.0,0,56.3,19.4,0.103,,1
user_002772,36-45,Buenos Aires,Desktop,Basic,16,4,371.46,61.0,1,102.9,17.6,,4.0,0
user_002773,26-35,Buenos Aires,Desktop,Premium,76,11,316.5,163.0,27,106.9,5.7,,,1
user_002774,46-55,La Plata,Desktop,Free,289,13,246.86,172.0,17,97.4,14.5,0.859,,1
user_002775,26-35,Otros,Móvil,Free,28,8,213.13,83.0,12,33.6,9.7,0.711,8.0,1
user_002776,46-55,Buenos Aires,Móvil,Premium,316,46,492.45,134.0,27,,9.9,0.038,4.37,0
user_002777,,Buenos Aires,Tablet,Premium,98,31,366.58,30.0,3,118.7,3.3,,9.49,0
user_002778,26-35,Córdoba,Desktop,Enterprise,160,37,429.57,61.0,1,91.2,9.7,0.8,6.94,1
user_002779,36-45,Buenos Aires,Tablet,Free,277,46,408.53,171.0,16,110.2,17.3,0.765,4.98,0
user_002780,18-25,Córdoba,Desktop,Basic,2,18,284.19,126.0,14,,9.9,0.561,,0
user_002781,,Buenos Aires,Móvil,Premium,304,10,52.41,166.0,23,92.7,16.7,0.551,0.99,1
user_002782,46-55,Córdoba,Móvil,Basic,282,39,210.46,103.0,13,87.6,3.8,0.43,4.15,0
user_002783,36-45,Buenos Aires,Móvil,Enterprise,261,29,40.96,78.0,12,91.2,13.7,0.134,3.33,0
user_002784,46-55,Buenos Aires,Móvil,Basic,310,47,241.47,151.0,26,118.1,9.5,0.811,4.55,1
user_002785,36-45,Buenos Aires,Desktop,Premium,116,26,460.33,180.0,24,52.7,16.3,0.58,6.72,1
user_002786,18-25,La Plata,Desktop,Premium,281,36,482.31,131.0,7,33.5,6.2,0.155,3.84,1
user_002787,36-45,Córdoba,Móvil,Basic,10,26,467.6,45.0,19,49.8,2.1,0.475,26.0,0
user_002788,36-45,Buenos Aires,Móvil,Free,219,8,219.26,101.0,11,81.6,2.7,0.598,,0
user_002789,36-45,Córdoba,Móvil,Basic,283,36,181.51,10.0,6,,15.5,0.755,3.82,1
user_002790,18-25,Otros,Móvil,Enterprise,334,14,38.59,32.0,27,89.4,13.6,0.904,,1
user_002791,18-25,Otros,Tablet,,189,0,309.78,999.0,22,,20.0,0.461,0.0,1
user_002792,46-55,Buenos Aires,Móvil,Free,233,27,262.32,37.0,20,18.7,9.8,0.745,3.48,1
user_002793,18-25,Buenos Aires,Móvil,Basic,177,40,291.63,6.0,1,,7.8,0.838,6.78,0
user_002794,26-35,Otros,Móvil,Premium,258,12,76.64,111.0,7,26.8,5.9,0.149,1.4,1
user_002795,36-45,Buenos Aires,Tablet,Basic,184,29,78.51,56.0,15,81.2,4.5,0.751,4.73,0
user_002796,18-25,Buenos Aires,Móvil,Basic,259,49,369.34,13.0,0,65.6,12.1,0.143,5.68,0
user_002797,26-35,La Plata,Móvil,Basic,259,17,106.78,59.0,28,91.6,14.0,0.632,1.97,1
user_002798,46-55,Córdoba,,Free,90,40,385.36,21.0,4,43.8,10.3,0.547,13.33,1
user_002799,26-35,Buenos Aires,Móvil,Basic,359,45,324.44,95.0,24,112.3,13.9,,3.76,1
user_002800,36-45,Córdoba,Móvil,Enterprise,150,40,199.22,94.0,27,85.0,6.8,,,1
user_002801,18-25,Córdoba,,Basic,12,14,237.15,171.0,5,52.8,1.6,0.206,14.0,0
user_002802,36-45,Córdoba,Desktop,Enterprise,291,38,220.05,135.0,11,74.4,6.0,0.962,3.92,0
user_002803,56+,Buenos Aires,Desktop,Free,96,38,233.84,155.0,14,109.7,13.9,0.518,11.88,1
user_002804,36-45,Buenos Aires,Móvil,Free,254,6,300.99,95.0,24,70.2,13.8,0.964,0.71,1
user_002805,46-55,Rosario,Desktop,Free,180,0,204.1,999.0,13,105.4,15.0,0.524,,1
user_002806,36-45,Buenos Aires,Desktop,Free,39,19,252.16,120.0,2,104.6,16.7,0.577,14.62,1
user_002807,26-35,Buenos Aires,Móvil,Premium,93,5,446.38,0.0,7,63.8,4.5,0.147,,1
user_002808,26-35,Buenos Aires,Móvil,Basic,125,25,128.59,173.0,14,36.1,11.9,0.986,6.0,0
user_002809,36-45,Buenos Aires,Móvil,Basic,249,0,108.52,999.0,18,42.4,16.0,0.286,0.0,1
user_002810,26-35,Rosario,Móvil,Free,180,3,261.64,55.0,1,,15.0,0.091,,0
user_002811,18-25,La Plata,Móvil,Free,26,42,194.26,174.0,23,116.8,7.7,0.391,42.0,1
user_002812,26-35,Mendoza,Móvil,Premium,129,13,149.69,129.0,14,32.9,5.1,0.98,3.02,1
user_002813,36-45,Buenos Aires,Móvil,Free,147,38,15.08,140.0,16,,14.7,0.727,7.76,1
user_002814,26-35,La Plata,Móvil,Free,139,48,229.16,142.0,28,69.0,14.1,0.664,10.36,1
user_002815,26-35,,Tablet,Free,102,27,399.53,157.0,21,3.8,4.8,0.097,,0
user_002816,26-35,Otros,Desktop,Basic,153,40,475.3,27.0,0,35.0,15.3,0.815,7.84,1
user_002817,26-35,Otros,Desktop,Free,226,31,398.46,176.0,30,116.3,11.3,0.768,4.12,1
user_002818,,Mendoza,Tablet,Free,336,32,472.26,7.0,21,40.5,9.3,0.918,2.86,1
user_002819,,Córdoba,Desktop,Free,321,28,226.85,151.0,16,110.8,11.3,0.236,2.62,1
user_002820,26-35,La Plata,Móvil,Basic,138,25,258.97,158.0,6,60.9,8.5,0.747,5.43,0
user_002821,18-25,Buenos Aires,Desktop,Basic,336,43,201.07,100.0,25,73.4,13.2,0.265,3.84,1
user_002822,26-35,La Plata,Móvil,Basic,252,38,171.69,28.0,5,98.6,14.0,0.389,4.52,1
user_002823,36-45,Buenos Aires,Móvil,Free,245,21,435.21,107.0,19,35.6,9.1,0.905,,1
user_002824,46-55,Buenos Aires,Móvil,Basic,65,29,220.85,149.0,3,79.2,17.7,,,0
user_002825,18-25,La Plata,Móvil,Premium,270,46,291.53,174.0,12,,19.6,,5.11,1
user_002826,36-45,Mendoza,Desktop,Basic,156,40,31.76,77.0,3,38.3,12.4,0.215,7.69,0
user_002827,18-25,Córdoba,Desktop,Basic,175,0,59.2,999.0,7,62.4,7.0,0.0,0.0,1
user_002828,18-25,,Desktop,Free,352,33,15.67,7.0,2,22.9,6.6,0.354,2.81,1
user_002829,18-25,Córdoba,Tablet,Basic,127,24,376.36,167.0,25,11.8,6.6,0.568,5.67,0
user_002830,,Otros,Desktop,Premium,69,2,439.77,86.0,3,69.5,13.8,0.74,0.87,0
user_002831,26-35,Otros,Móvil,Basic,62,32,222.22,169.0,15,10.1,1.1,0.011,15.48,0
user_002832,36-45,Buenos Aires,Desktop,Premium,206,48,419.43,142.0,29,86.1,15.8,0.936,6.99,1
user_002833,18-25,Otros,Desktop,Basic,178,5,85.31,151.0,7,25.7,3.7,,,0
user_002834,36-45,Buenos Aires,Móvil,Basic,222,49,406.1,10.0,21,7.2,19.8,0.213,6.62,0
user_002835,18-25,Otros,Móvil,Basic,19,22,198.82,114.0,8,65.4,8.4,0.106,22.0,1
user_002836,56+,Otros,Móvil,Basic,12,47,74.34,8.0,20,28.3,2.1,,47.0,0
user_002837,56+,Córdoba,Móvil,Free,176,7,67.76,110.0,1,99.9,2.2,,1.19,0
user_002838,,Buenos Aires,Desktop,Basic,303,14,438.65,157.0,27,73.4,5.2,,,1
user_002839,26-35,La Plata,Móvil,Basic,199,46,458.48,15.0,13,94.8,5.2,0.791,6.93,0
user_002840,26-35,Córdoba,Desktop,Basic,26,38,498.26,26.0,27,3.4,12.1,0.387,,1
user_002841,36-45,Córdoba,Móvil,Enterprise,310,22,25.11,41.0,2,8.7,15.3,0.843,2.13,1
user_002842,18-25,Buenos Aires,Desktop,Premium,149,44,446.08,3.0,8,31.4,16.1,0.407,8.86,1
user_002843,46-55,Mendoza,Desktop,Basic,344,6,135.76,141.0,26,29.1,9.1,0.326,0.52,1
user_002844,36-45,Córdoba,Desktop,Free,222,43,407.66,85.0,26,,10.5,0.414,5.81,1
user_002845,36-45,Córdoba,Móvil,Basic,298,35,118.01,158.0,20,66.0,16.8,0.571,3.52,0
user_002846,26-35,Buenos Aires,Tablet,Free,345,9,335.93,168.0,0,35.6,7.8,0.93,0.78,1
user_002847,26-35,Córdoba,Móvil,Free,32,48,317.28,73.0,14,49.3,8.4,0.086,45.0,1
user_002848,46-55,Buenos Aires,Móvil,Premium,58,18,252.73,134.0,20,48.7,9.9,0.293,,1
user_002849,26-35,Córdoba,Móvil,Free,1,50,481.35,99.0,4,73.4,9.5,,50.0,0
user_002850,46-55,Córdoba,Desktop,Basic,304,27,13.86,48.0,9,72.0,3.4,0.808,2.66,1
user_002851,46-55,Rosario,Desktop,Premium,161,26,246.73,11.0,3,48.1,8.2,0.839,4.84,1
user_002852,46-55,Buenos Aires,Móvil,Premium,114,31,476.4,52.0,2,86.3,3.8,0.148,8.16,0
user_002853,56+,Buenos Aires,Móvil,Premium,274,2,10.34,82.0,23,100.6,16.9,0.309,,0
user_002854,46-55,Córdoba,Móvil,Enterprise,166,3,176.34,38.0,0,75.5,18.3,0.897,,1
user_002855,18-25,Buenos Aires,Desktop,Basic,196,23,460.09,4.0,10,73.9,16.8,0.23,3.52,0
user_002856,18-25,Buenos Aires,Desktop,Premium,26,0,306.22,999.0,28,18.5,17.7,0.271,0.0,1
user_002857,46-55,Buenos Aires,Móvil,Premium,233,44,323.93,19.0,8,,16.3,0.538,5.67,1
user_002858,,Buenos Aires,Tablet,Premium,117,43,422.99,119.0,28,,12.2,0.544,11.03,1
user_002859,,Buenos Aires,Móvil,Premium,13,27,465.97,37.0,7,12.0,10.3,0.94,,1
user_002860,56+,Córdoba,Móvil,Basic,17,2,403.97,145.0,12,18.9,6.9,0.973,2.0,1
user_002861,56+,Córdoba,Desktop,Premium,189,13,342.85,92.0,16,57.3,19.5,,,1
user_002862,46-55,Córdoba,Desktop,Free,188,33,475.67,36.0,6,90.1,19.9,,,1
user_002863,26-35,Buenos Aires,Móvil,Basic,289,12,170.2,17.0,28,56.4,11.0,0.557,1.25,0
user_002864,36-45,Buenos Aires,Tablet,Free,270,23,122.9,134.0,5,61.8,10.0,0.007,,0
user_002865,26-35,Córdoba,Móvil,Free,231,2,270.82,138.0,17,116.4,6.7,0.707,0.26,1
user_002866,26-35,Mendoza,Móvil,Basic,109,20,111.73,175.0,26,98.8,14.6,0.39,,0
user_002867,36-45,Buenos Aires,Desktop,Premium,181,25,72.91,168.0,20,5.1,17.0,0.712,4.14,1
user_002868,26-35,Otros,Móvil,Basic,323,7,17.46,99.0,2,34.0,6.4,0.142,,1
user_002869,26-35,Buenos Aires,Desktop,Free,60,13,114.63,152.0,25,73.9,10.1,0.811,6.5,1
user_002870,46-55,Buenos Aires,Desktop,Premium,16,50,294.51,115.0,5,75.0,17.0,0.467,50.0,1
user_002871,18-25,Buenos Aires,Móvil,,318,14,154.3,153.0,19,60.1,15.0,0.543,1.32,0
user_002872,46-55,Mendoza,Desktop,Premium,183,33,258.23,121.0,16,49.0,19.0,0.996,5.41,1
user_002873,18-25,Rosario,Móvil,Basic,299,13,233.61,56.0,16,16.2,18.2,0.583,1.3,0
user_002874,56+,Buenos Aires,Móvil,Free,342,14,436.76,82.0,8,67.3,18.7,0.439,1.23,0
user_002875,26-35,Rosario,Tablet,Premium,217,47,440.17,134.0,6,95.9,11.6,0.31,6.5,0
user_002876,36-45,Córdoba,Móvil,Free,124,25,198.65,90.0,12,2.5,13.8,,6.05,1
user_002877,18-25,Otros,Desktop,Free,294,11,395.85,165.0,17,16.1,12.0,,1.12,1
user_002878,26-35,Otros,Móvil,Basic,108,16,383.65,34.0,13,32.1,16.0,0.599,4.44,0
user_002879,46-55,Otros,Desktop,Free,264,37,499.17,110.0,18,,15.4,,4.2,0
user_002880,36-45,Córdoba,Desktop,Basic,160,14,56.31,,8,78.8,6.0,0.998,,1
user_002881,46-55,Buenos Aires,Desktop,Basic,99,7,483.63,168.0,9,,16.2,0.351,2.12,0
user_002882,56+,Buenos Aires,Móvil,Free,287,15,239.16,174.0,2,57.4,14.4,0.307,1.57,0
user_002883,36-45,Buenos Aires,Móvil,Basic,2,33,56.48,176.0,13,87.5,12.0,0.926,33.0,0
user_002884,46-55,Mendoza,Móvil,Free,83,4,315.11,127.0,18,90.8,18.5,0.209,1.45,0
user_002885,18-25,Rosario,Móvil,Basic,156,31,205.88,109.0,16,59.6,10.3,,5.96,0
user_002886,46-55,Córdoba,Móvil,Premium,181,5,247.91,152.0,2,,5.2,,,1
user_002887,18-25,Córdoba,Móvil,Free,81,27,395.45,33.0,6,24.9,12.5,0.68,10.0,1
user_002888,46-55,Buenos Aires,Desktop,Free,115,4,50.18,156.0,3,40.8,11.0,0.0,1.04,1
user_002889,18-25,Buenos Aires,Tablet,Basic,221,10,381.49,66.0,18,72.8,2.7,0.864,1.36,1
user_002890,56+,Buenos Aires,Tablet,Premium,97,16,414.5,180.0,19,3.2,16.9,,4.95,0
user_002891,36-45,Otros,Móvil,Premium,28,14,269.85,6.0,12,55.0,18.8,0.381,14.0,0
user_002892,26-35,Córdoba,Tablet,Basic,24,25,67.9,46.0,24,24.0,4.4,0.306,25.0,0
user_002893,18-25,Córdoba,Desktop,Basic,20,28,490.65,68.0,29,44.2,19.7,,,0
user_002894,26-35,Otros,Móvil,Free,35,49,439.46,119.0,0,15.1,13.9,,42.0,0
user_002895,18-25,Otros,Desktop,Free,49,11,367.78,105.0,0,98.2,12.1,0.508,6.73,0
user_002896,36-45,Rosario,Desktop,Basic,157,26,379.62,8.0,29,91.0,7.5,0.605,4.97,1
user_002897,56+,Córdoba,Tablet,Basic,263,37,153.74,54.0,30,83.9,4.7,0.855,4.22,0
user_002898,26-35,Córdoba,Móvil,Free,225,31,203.85,126.0,21,51.5,16.2,0.875,4.13,0
user_002899,26-35,La Plata,,Free,61,28,331.35,99.0,12,,16.6,0.633,,0
user_002900,,,Desktop,Premium,139,15,144.79,113.0,29,31.1,7.1,0.036,3.24,0
user_002901,18-25,Buenos Aires,Móvil,Basic,39,10,304.25,1.0,17,87.3,13.9,0.748,7.69,0
user_002902,26-35,La Plata,Desktop,Free,53,1,126.14,89.0,8,66.9,18.9,0.773,0.57,1
user_002903,,Córdoba,Móvil,Free,119,34,192.22,103.0,18,23.4,14.7,0.121,8.57,1
user_002904,36-45,Buenos Aires,Desktop,Free,157,17,407.6,7.0,15,27.3,5.0,0.968,3.25,0
user_002905,18-25,Buenos Aires,Desktop,Free,225,45,136.21,7.0,10,,16.2,0.879,6.0,1
user_002906,26-35,Buenos Aires,Móvil,Basic,157,27,110.93,74.0,29,48.0,6.3,0.427,,1
user_002907,56+,Mendoza,Tablet,Premium,11,47,28.3,55.0,27,103.0,3.6,0.486,47.0,0
user_002908,36-45,Buenos Aires,Móvil,Free,73,3,357.27,147.0,9,,2.3,0.877,1.23,1
user_002909,18-25,Córdoba,Móvil,Premium,355,7,344.21,152.0,10,14.7,6.7,0.518,,0
user_002910,46-55,Córdoba,Desktop,Free,62,12,497.96,5.0,13,11.4,5.8,0.889,5.81,1
user_002911,46-55,Córdoba,Desktop,Basic,137,37,113.08,87.0,0,113.6,18.3,0.669,8.1,1
user_002912,,Córdoba,Móvil,Basic,37,46,207.71,135.0,15,,15.4,,37.3,0
user_002913,36-45,Otros,Móvil,Premium,322,10,303.86,61.0,28,86.5,18.5,0.863,,1
user_002914,18-25,Buenos Aires,Móvil,Free,74,41,298.24,76.0,30,81.0,14.3,0.966,16.62,1
user_002915,26-35,Otros,Móvil,Free,238,44,257.46,2.0,15,69.9,15.4,,5.55,1
user_002916,46-55,Córdoba,Desktop,Premium,158,17,30.01,9.0,30,55.2,4.9,0.538,,0
user_002917,26-35,Córdoba,Móvil,Enterprise,35,0,121.72,999.0,16,,7.7,,0.0,0
user_002918,36-45,Rosario,Móvil,Free,197,16,313.89,122.0,5,62.2,12.7,0.189,,0
user_002919,36-45,La Plata,Móvil,Basic,134,24,403.76,65.0,7,89.0,2.6,0.492,,1
user_002920,26-35,Rosario,Desktop,Premium,100,17,445.49,,17,79.4,18.1,0.997,,1
user_002921,26-35,Buenos Aires,Móvil,Basic,65,29,316.9,95.0,13,1.6,14.6,0.342,13.38,0
user_002922,36-45,Mendoza,Móvil,Free,149,13,418.37,166.0,1,108.0,12.5,0.598,2.62,0
user_002923,26-35,Buenos Aires,Móvil,Basic,47,10,456.02,91.0,27,115.8,7.7,0.969,,1
user_002924,18-25,Rosario,Móvil,Premium,240,17,404.5,15.0,25,22.4,9.8,0.924,2.12,1
user_002925,18-25,La Plata,Desktop,Free,352,5,283.63,83.0,0,3.6,3.4,0.078,0.43,1
user_002926,18-25,Buenos Aires,Tablet,Premium,93,33,71.89,14.0,9,63.9,3.4,0.693,10.65,0
user_002927,26-35,Otros,Tablet,Free,75,33,151.06,114.0,6,109.9,7.8,0.756,13.2,0
user_002928,36-45,La Plata,Móvil,Basic,117,47,83.68,84.0,20,81.9,5.5,,12.05,1
user_002929,46-55,Córdoba,Móvil,Premium,174,12,384.7,35.0,13,111.9,17.2,0.587,2.07,0
user_002930,36-45,Buenos Aires,Móvil,Basic,315,43,215.21,135.0,25,63.6,14.8,0.337,4.1,0
user_002931,36-45,Buenos Aires,Tablet,Free,192,27,366.69,158.0,10,101.6,6.0,0.502,,1
user_002932,18-25,Mendoza,Móvil,Premium,167,18,261.12,72.0,18,89.0,17.8,,3.23,1
user_002933,36-45,Buenos Aires,Móvil,Basic,350,18,30.12,85.0,0,53.8,17.2,0.596,1.54,0
user_002934,26-35,Córdoba,Desktop,Premium,181,13,190.45,85.0,16,61.8,17.3,,2.15,1
user_002935,18-25,Buenos Aires,Móvil,Free,1,28,386.14,115.0,20,,10.4,0.372,28.0,1
user_002936,26-35,La Plata,Móvil,Free,273,28,82.71,73.0,23,70.8,16.4,,3.08,1
user_002937,36-45,Buenos Aires,Móvil,Free,125,21,447.43,153.0,9,,6.9,0.688,5.04,1
user_002938,26-35,Buenos Aires,Desktop,Premium,152,27,218.92,50.0,21,68.1,16.0,0.659,,1
user_002939,18-25,Buenos Aires,Móvil,Free,115,1,465.76,115.0,13,54.2,12.9,0.791,0.26,0
user_002940,,Mendoza,Tablet,Enterprise,173,31,82.29,123.0,12,43.9,16.3,0.942,5.38,0
user_002941,56+,Rosario,Móvil,Free,177,40,411.37,14.0,10,34.7,7.9,,6.78,1
user_002942,26-35,Rosario,Móvil,Premium,217,27,402.7,31.0,13,119.1,19.2,0.664,3.73,0
user_002943,26-35,,Desktop,Basic,261,48,213.16,130.0,1,67.7,15.9,0.356,5.52,1
user_002944,26-35,La Plata,Móvil,Free,362,26,381.97,13.0,9,24.9,10.0,0.371,2.15,1
user_002945,36-45,Rosario,Desktop,Free,197,45,293.75,149.0,7,,11.6,0.887,6.85,1
user_002946,36-45,Buenos Aires,Móvil,Basic,50,2,266.52,132.0,16,66.0,13.3,0.024,,0
user_002947,18-25,Córdoba,Desktop,Free,320,5,55.49,94.0,26,25.3,1.8,0.406,0.47,0
user_002948,18-25,Mendoza,Desktop,Premium,341,45,116.4,146.0,13,29.9,12.2,0.185,3.96,0
user_002949,36-45,La Plata,Móvil,Basic,364,33,93.08,167.0,30,8.5,11.1,0.211,2.72,1
user_002950,26-35,Otros,Móvil,Premium,213,26,388.73,110.0,12,30.6,17.8,,3.66,1
user_002951,36-45,Córdoba,Móvil,Basic,296,11,154.03,103.0,13,35.8,6.3,0.728,1.11,1
user_002952,26-35,La Plata,Móvil,Basic,154,12,385.58,42.0,24,59.9,16.6,,2.34,0
user_002953,36-45,Rosario,Móvil,Basic,139,35,242.44,77.0,8,73.5,4.2,0.388,7.55,1
user_002954,36-45,Buenos Aires,Tablet,Free,137,39,116.44,145.0,19,84.7,5.7,0.81,8.54,0
user_002955,46-55,Córdoba,Desktop,Free,196,17,15.02,39.0,20,,16.1,,2.6,0
user_002956,56+,La Plata,Móvil,Enterprise,81,24,201.33,170.0,25,62.8,19.2,0.122,8.89,1
user_002957,18-25,Buenos Aires,Desktop,Free,90,42,388.33,161.0,28,77.8,6.1,0.56,14.0,0
user_002958,18-25,Buenos Aires,Móvil,Free,295,45,283.42,69.0,1,117.8,13.8,0.064,4.58,1
user_002959,26-35,Otros,Desktop,Enterprise,102,20,252.93,62.0,1,111.5,16.0,0.328,,1
user_002960,36-45,Otros,Móvil,Premium,168,42,205.7,170.0,29,95.1,8.1,,,0
user_002961,26-35,,Móvil,Free,108,4,426.37,33.0,29,48.1,15.2,0.652,1.11,0
user_002962,36-45,,Móvil,Enterprise,232,14,91.15,9.0,11,49.9,5.9,0.434,,0
user_002963,46-55,Mendoza,Móvil,Free,267,9,53.01,175.0,16,52.3,5.8,0.715,1.01,1
user_002964,18-25,Buenos Aires,Móvil,Basic,177,36,485.8,88.0,21,113.3,1.4,0.34,6.1,1
user_002965,36-45,Buenos Aires,Móvil,Premium,174,20,34.33,22.0,20,,4.6,0.186,3.45,0
user_002966,36-45,Córdoba,Tablet,Premium,270,26,358.01,52.0,5,102.7,13.8,0.692,2.89,0
user_002967,46-55,Buenos Aires,Móvil,Free,341,25,29.87,129.0,19,116.5,15.0,0.491,2.2,1
user_002968,26-35,Buenos Aires,Móvil,Free,346,29,451.09,167.0,24,100.2,6.6,0.832,2.51,1
user_002969,26-35,Rosario,Móvil,Free,157,1,354.61,89.0,19,74.8,2.8,,0.19,0
user_002970,26-35,Otros,Móvil,Free,217,19,471.67,1.0,20,58.6,14.9,,2.63,1
user_002971,18-25,Buenos Aires,Móvil,Basic,178,9,449.59,35.0,3,48.8,12.2,0.288,,1
user_002972,46-55,Buenos Aires,Tablet,Free,263,9,31.43,62.0,2,73.5,9.4,0.249,1.03,0
user_002973,18-25,Córdoba,Móvil,Premium,321,11,118.62,102.0,2,108.6,19.4,0.34,1.03,0
user_002974,26-35,Buenos Aires,Móvil,Free,354,9,216.28,35.0,28,,5.6,0.629,0.76,0
user_002975,36-45,Buenos Aires,Desktop,Free,123,0,445.74,999.0,11,108.5,17.1,0.918,,0
user_002976,,Buenos Aires,Móvil,Free,142,4,388.57,45.0,2,84.0,2.7,,0.85,0
user_002977,36-45,La Plata,Tablet,Free,13,50,101.94,58.0,24,83.9,5.4,0.63,50.0,1
user_002978,,Buenos Aires,Móvil,Free,176,5,436.73,107.0,10,57.3,2.1,0.442,0.85,1
user_002979,18-25,La Plata,Desktop,Free,214,9,142.99,101.0,21,32.5,15.2,0.784,1.26,1
user_002980,56+,Buenos Aires,Móvil,Free,44,46,26.92,17.0,27,93.2,18.2,,31.36,1
user_002981,36-45,Buenos Aires,Móvil,Free,209,14,103.28,100.0,24,44.4,5.7,0.981,2.01,0
user_002982,46-55,Buenos Aires,Móvil,Premium,262,44,158.3,119.0,22,104.6,1.1,0.82,5.04,1
user_002983,18-25,Mendoza,Móvil,Basic,221,28,26.17,165.0,4,,9.8,0.828,3.8,1
user_002984,26-35,Buenos Aires,Móvil,Premium,227,39,93.11,174.0,26,96.8,17.4,0.92,,1
user_002985,46-55,Mendoza,Móvil,Basic,44,34,193.31,135.0,3,,12.5,0.375,23.18,1
user_002986,36-45,Córdoba,Desktop,Enterprise,184,49,285.77,7.0,24,84.5,19.6,,7.99,0
user_002987,46-55,Rosario,Desktop,Basic,180,35,102.71,166.0,2,59.1,5.0,0.889,5.83,0
user_002988,36-45,,Desktop,Premium,218,46,156.99,98.0,11,,16.2,0.296,6.33,0
user_002989,46-55,Otros,Móvil,Free,184,23,238.87,169.0,15,102.4,19.8,0.865,3.75,0
user_002990,36-45,,Desktop,Basic,362,41,166.97,37.0,20,113.1,4.5,0.111,3.4,0
user_002991,46-55,Córdoba,Desktop,Enterprise,27,40,332.25,16.0,3,67.8,10.7,0.865,,0
user_002992,18-25,Rosario,Tablet,Free,305,0,297.94,999.0,2,,17.0,,0.0,1
user_002993,18-25,Córdoba,,Free,81,8,254.8,103.0,21,,1.5,,,0
user_002994,36-45,Córdoba,Móvil,Basic,23,31,394.6,21.0,8,80.9,9.8,,,1
user_002995,18-25,Otros,Móvil,Free,106,41,331.46,153.0,29,48.7,9.2,0.964,11.6,0
user_002996,26-35,Buenos Aires,Móvil,Free,135,36,346.06,151.0,26,20.9,1.7,0.865,8.0,1
user_002997,56+,Córdoba,Móvil,Premium,304,36,467.54,169.0,14,95.9,14.9,0.782,,0
user_002998,18-25,Buenos Aires,Móvil,Free,53,29,376.03,134.0,13,77.0,4.6,0.541,,1
user_002999,18-25,Buenos Aires,Desktop,Free,83,28,472.5,72.0,15,54.7,5.5,0.863,10.12,0
user_003000,56+,Rosario,Tablet,Basic,51,19,115.92,60.0,11,47.0,12.0,,11.18,0
user_003001,18-25,Buenos Aires,Móvil,Free,302,12,40.18,97.0,28,31.2,13.2,,1.19,0
user_003002,46-55,,Móvil,Basic,170,37,291.85,53.0,11,29.4,1.7,0.627,6.53,0
user_003003,46-55,Córdoba,Móvil,Free,240,25,269.88,131.0,25,88.8,15.9,0.374,3.12,1
user_003004,26-35,Buenos Aires,Móvil,Free,245,8,303.13,70.0,24,66.3,10.3,0.48,,0
user_003005,18-25,,Móvil,Premium,302,37,106.51,94.0,3,54.8,11.8,0.165,3.68,1
user_003006,18-25,Buenos Aires,Móvil,Basic,300,27,174.47,2.0,25,30.1,13.4,,,1
user_003007,26-35,Mendoza,Desktop,Free,141,30,349.43,126.0,23,58.4,17.1,0.079,6.38,0
user_003008,,Otros,Desktop,Free,212,41,166.44,89.0,7,,14.2,0.069,5.8,0
user_003009,26-35,Buenos Aires,Móvil,Premium,196,29,87.38,158.0,8,,14.9,0.188,4.44,0
user_003010,36-45,Córdoba,Desktop,Enterprise,63,11,442.21,65.0,6,,2.9,0.536,5.24,0
user_003011,56+,La Plata,Móvil,Free,130,25,290.59,69.0,7,93.1,12.0,,,1
user_003012,46-55,Buenos Aires,Desktop,Free,229,9,430.47,151.0,15,32.0,4.7,,1.18,0
user_003013,18-25,Otros,Móvil,Premium,66,4,257.42,163.0,19,50.5,18.0,0.622,1.82,0
user_003014,26-35,Buenos Aires,Desktop,Basic,307,15,191.16,82.0,6,63.9,16.1,0.888,1.47,1
user_003015,18-25,Buenos Aires,Móvil,Premium,326,19,234.45,101.0,1,77.5,17.5,0.837,1.75,0
user_003016,46-55,La Plata,Móvil,Free,219,21,455.21,72.0,13,118.7,1.1,,2.88,0
user_003017,46-55,Buenos Aires,Móvil,Free,302,45,350.93,36.0,21,,6.4,0.49,4.47,1
user_003018,46-55,Buenos Aires,Móvil,Free,323,24,457.4,159.0,29,41.5,18.6,,2.23,0
user_003019,36-45,Buenos Aires,Móvil,Premium,340,36,267.49,19.0,1,53.5,19.9,0.357,3.18,0
user_003020,18-25,Buenos Aires,Móvil,Premium,165,5,372.7,0.0,29,21.3,6.5,0.107,0.91,1
user_003021,26-35,Córdoba,Móvil,Basic,192,27,134.02,21.0,16,88.1,18.2,0.27,4.22,0
user_003022,26-35,Buenos Aires,Móvil,Premium,267,0,78.83,999.0,10,117.7,12.3,0.921,0.0,1
user_003023,56+,Rosario,Desktop,Basic,197,28,326.93,25.0,21,45.4,10.0,0.17,4.26,0
user_003024,36-45,Buenos Aires,Desktop,Basic,335,10,51.97,149.0,27,14.8,14.0,0.65,0.9,1
user_003025,36-45,Otros,Móvil,Free,284,7,149.28,21.0,6,98.1,19.3,0.693,0.74,1
user_003026,56+,,Móvil,Free,162,10,211.97,39.0,0,108.8,16.7,0.821,1.85,0
user_003027,18-25,Buenos Aires,Móvil,Free,350,32,326.84,179.0,9,52.9,19.6,0.513,2.74,1
user_003028,26-35,Córdoba,Móvil,Free,99,34,81.97,47.0,30,96.1,3.4,0.662,10.3,0
user_003029,46-55,Buenos Aires,,Free,131,26,162.96,69.0,22,77.1,3.4,,5.95,1
user_003030,18-25,Buenos Aires,Móvil,Basic,205,6,58.2,15.0,16,38.4,3.6,0.102,,0
user_003031,46-55,Córdoba,Móvil,Enterprise,159,18,99.69,64.0,29,86.1,1.2,0.125,3.4,1
user_003032,26-35,Otros,Móvil,Free,237,15,499.55,40.0,0,119.4,6.9,0.937,,1
user_003033,18-25,Córdoba,Móvil,Free,236,28,242.3,7.0,9,93.0,12.8,0.732,3.56,1
user_003034,56+,Otros,Desktop,Premium,32,31,323.5,109.0,22,48.0,9.9,0.052,29.06,1
user_003035,36-45,La Plata,Móvil,Premium,89,4,29.46,166.0,10,22.2,6.6,,1.35,0
user_003036,26-35,Buenos Aires,Móvil,Premium,355,4,19.15,172.0,26,96.7,12.4,,0.34,1
user_003037,26-35,Córdoba,Tablet,Free,291,11,221.81,74.0,28,8.7,15.2,,1.13,0
user_003038,36-45,Buenos Aires,Móvil,Enterprise,93,27,378.7,59.0,18,66.6,14.3,0.22,8.71,0
user_003039,18-25,Rosario,Desktop,Basic,29,12,454.84,165.0,6,116.5,12.9,,12.0,1
user_003040,36-45,Córdoba,Móvil,Premium,130,47,460.12,70.0,5,78.4,5.4,0.904,10.85,0
user_003041,46-55,Buenos Aires,Móvil,Basic,132,37,125.28,20.0,23,51.7,12.0,0.187,8.41,1
user_003042,36-45,Buenos Aires,Móvil,Basic,324,3,179.63,120.0,27,119.6,1.1,0.479,0.28,1
user_003043,36-45,Rosario,Desktop,Free,362,18,332.73,156.0,19,95.3,8.6,0.782,1.49,1
user_003044,26-35,Córdoba,Tablet,Free,132,4,126.46,2.0,25,39.7,12.0,,0.91,0
user_003045,36-45,Mendoza,Móvil,Free,234,23,295.52,86.0,3,,17.1,0.189,2.95,0
user_003046,36-45,Rosario,Móvil,Free,348,26,112.0,176.0,11,14.1,15.2,0.924,2.24,1
user_003047,18-25,Córdoba,Móvil,Free,315,14,488.89,109.0,7,48.8,7.8,0.605,1.33,0
user_003048,36-45,Buenos Aires,Móvil,Basic,194,9,78.93,66.0,4,51.0,14.3,,1.39,0
user_003049,46-55,Otros,Tablet,Free,127,43,94.52,162.0,26,65.9,3.7,0.08,,0
user_003050,46-55,La Plata,Desktop,Basic,333,36,377.56,90.0,30,103.4,13.8,,3.24,1
user_003051,46-55,Otros,Móvil,Premium,202,28,377.11,148.0,13,,17.3,0.891,4.16,0
user_003052,18-25,Buenos Aires,Desktop,Free,254,6,449.86,136.0,16,48.9,19.5,0.054,0.71,0
user_003053,36-45,Buenos Aires,Tablet,Premium,144,43,416.96,6.0,7,97.9,11.1,0.509,8.96,0
user_003054,26-35,Córdoba,Móvil,Free,356,5,341.98,11.0,4,9.1,3.9,,0.42,0
user_003055,18-25,Buenos Aires,Móvil,Basic,236,27,40.71,162.0,17,57.0,9.5,0.793,3.43,1
user_003056,18-25,Buenos Aires,Móvil,Basic,267,0,112.72,999.0,4,115.6,6.3,,0.0,0
user_003057,26-35,Buenos Aires,Móvil,Free,25,6,31.26,92.0,2,104.6,16.3,0.294,6.0,0
user_003058,18-25,Buenos Aires,Móvil,Free,163,15,174.75,85.0,30,89.7,11.9,0.133,2.76,1
user_003059,46-55,Otros,Desktop,Free,124,14,302.43,91.0,13,90.8,19.9,0.464,3.39,0
user_003060,18-25,Córdoba,Desktop,Premium,29,48,303.96,143.0,30,,10.4,0.554,,0
user_003061,26-35,Córdoba,Móvil,Free,133,4,116.69,122.0,14,79.1,3.4,,0.9,1
user_003062,18-25,Otros,Móvil,Basic,91,40,401.94,10.0,8,61.3,5.3,0.275,13.19,1
user_003063,36-45,Buenos Aires,Desktop,Basic,306,32,406.16,21.0,20,,9.7,0.724,3.14,1
user_003064,18-25,Rosario,Desktop,Basic,222,37,332.09,79.0,23,81.6,5.7,0.634,5.0,1
user_003065,26-35,Córdoba,Móvil,Free,311,12,454.51,27.0,24,118.2,13.1,0.238,,1
user_003066,36-45,Buenos Aires,Tablet,Premium,165,38,103.69,60.0,18,22.7,2.5,0.564,6.91,0
user_003067,,Córdoba,Móvil,Premium,237,29,14.13,13.0,23,56.7,13.1,0.768,3.67,0
user_003068,26-35,Rosario,Móvil,Basic,265,22,185.93,166.0,11,86.6,15.4,0.674,2.49,1
user_003069,26-35,Mendoza,Móvil,Premium,229,33,357.02,173.0,13,55.3,14.3,0.503,4.32,0
user_003070,36-45,La Plata,Tablet,Free,96,45,449.77,34.0,25,,18.6,0.74,14.06,0
user_003071,46-55,Rosario,Móvil,Free,132,49,380.49,79.0,15,91.4,2.3,0.125,11.14,1
user_003072,26-35,Buenos Aires,Móvil,Basic,277,34,349.5,71.0,3,113.2,1.4,0.694,,0
user_003073,36-45,Córdoba,Móvil,Basic,206,17,82.98,110.0,4,92.6,6.7,0.947,2.48,1
user_003074,18-25,Buenos Aires,Móvil,Basic,111,7,404.55,30.0,16,56.1,15.8,0.231,,0
user_003075,26-35,Mendoza,Desktop,Basic,285,14,395.06,7.0,14,30.1,6.9,0.376,1.47,1
user_003076,46-55,Rosario,Desktop,Basic,149,16,304.35,173.0,1,90.8,13.1,0.057,3.22,1
user_003077,36-45,Buenos Aires,Móvil,Basic,249,47,255.1,151.0,18,18.0,8.7,0.574,5.66,1
user_003078,26-35,Buenos Aires,Móvil,Free,220,43,103.91,23.0,16,51.7,19.6,0.245,5.86,1
user_003079,18-25,Buenos Aires,Móvil,Free,239,23,57.48,31.0,5,56.2,12.3,0.898,2.89,0
user_003080,18-25,Buenos Aires,Móvil,Premium,122,17,106.93,39.0,11,106.7,16.3,0.469,4.18,1
user_003081,56+,Mendoza,Desktop,Free,351,24,77.66,23.0,28,78.3,3.9,0.123,2.05,1
user_003082,26-35,Rosario,Móvil,Premium,193,1,323.64,7.0,12,2.4,2.9,,0.16,0
user_003083,36-45,Buenos Aires,Móvil,Premium,33,11,46.94,172.0,9,32.5,13.3,0.424,10.0,0
user_003084,36-45,Otros,Desktop,Free,141,12,284.66,171.0,4,38.6,9.1,0.124,2.55,0
user_003085,18-25,Rosario,Desktop,Basic,156,45,309.44,69.0,23,17.9,16.1,,8.65,1
user_003086,46-55,,Móvil,Premium,225,20,272.3,39.0,12,64.1,14.7,0.625,2.67,0
user_003087,36-45,Buenos Aires,Desktop,Premium,335,42,162.36,8.0,5,96.1,3.5,0.347,3.76,0
user_003088,,La Plata,Móvil,Basic,176,42,371.04,160.0,10,105.2,4.3,0.518,7.16,0
user_003089,18-25,La Plata,Móvil,Premium,193,45,336.17,22.0,18,82.6,17.9,,6.99,1
user_003090,26-35,Mendoza,Desktop,Premium,257,22,98.61,180.0,22,57.3,10.3,0.253,,1
user_003091,36-45,Buenos Aires,Móvil,Free,225,27,148.33,13.0,1,52.7,8.3,0.532,3.6,1
user_003092,56+,Córdoba,,Free,104,47,339.08,93.0,25,44.4,4.9,0.463,13.56,0
user_003093,46-55,La Plata,Móvil,Premium,249,18,330.08,97.0,0,70.4,3.7,,2.17,0
user_003094,18-25,Buenos Aires,Móvil,Premium,235,22,368.26,154.0,13,6.2,15.4,0.06,2.81,1
user_003095,46-55,La Plata,Móvil,Basic,51,16,239.68,112.0,18,18.1,19.1,0.361,,1
user_003096,36-45,Buenos Aires,Móvil,Free,312,3,116.63,95.0,1,78.2,5.4,,0.29,1
user_003097,46-55,Buenos Aires,Desktop,Basic,11,33,136.74,68.0,30,19.4,11.6,0.357,33.0,1
user_003098,56+,Córdoba,Desktop,Basic,14,16,289.26,67.0,10,111.2,6.8,0.699,,1
user_003099,,Córdoba,Móvil,Basic,184,7,94.92,49.0,23,,14.5,0.288,,0
user_003100,46-55,Córdoba,Móvil,Free,28,9,466.57,71.0,28,3.8,5.1,0.965,9.0,1
user_003101,46-55,Otros,Móvil,Free,164,26,459.88,69.0,22,4.6,13.7,0.978,4.76,0
user_003102,36-45,Córdoba,Desktop,Free,223,10,280.69,59.0,16,10.5,3.3,0.016,1.35,0
user_003103,56+,Mendoza,Desktop,Basic,362,38,89.35,122.0,24,78.3,13.9,0.339,3.15,0
user_003104,18-25,Otros,Móvil,Premium,183,8,226.75,107.0,15,58.3,6.2,0.206,1.31,0
user_003105,26-35,Buenos Aires,Tablet,Free,258,40,497.44,116.0,6,88.0,3.5,,,1
user_003106,36-45,Mendoza,Móvil,Free,255,22,68.65,3.0,4,46.1,10.3,0.757,2.59,0
user_003107,26-35,La Plata,Desktop,Enterprise,331,44,265.74,145.0,21,94.7,19.5,0.926,3.99,1
user_003108,,Córdoba,Móvil,Free,190,15,64.59,6.0,11,22.6,11.6,0.559,2.37,1
user_003109,36-45,Buenos Aires,Desktop,Basic,332,23,35.35,159.0,6,101.1,9.9,0.85,2.08,0
user_003110,18-25,Buenos Aires,Móvil,Free,249,17,471.26,79.0,16,41.4,18.0,0.767,2.05,1
user_003111,36-45,Rosario,Tablet,Basic,15,44,23.13,38.0,13,65.7,1.4,0.607,44.0,0
user_003112,18-25,Buenos Aires,Desktop,Basic,124,10,472.45,31.0,16,70.5,15.3,0.279,2.42,1
user_003113,26-35,Otros,Desktop,Basic,273,49,28.52,60.0,6,10.0,7.2,0.621,5.38,1
user_003114,36-45,Córdoba,Móvil,Basic,46,28,396.88,7.0,6,20.9,1.3,0.936,18.26,1
user_003115,36-45,Mendoza,Desktop,Premium,96,18,470.09,119.0,10,2.4,19.1,0.734,5.62,1
user_003116,56+,Otros,Móvil,Basic,303,34,217.37,166.0,11,62.4,15.8,0.325,3.37,0
user_003117,36-45,Otros,Móvil,Free,16,48,57.51,85.0,1,36.3,16.7,0.438,48.0,0
user_003118,,Rosario,Desktop,Free,238,11,255.84,86.0,3,65.3,3.4,0.767,1.39,1
user_003119,18-25,Mendoza,Tablet,Basic,297,17,385.06,82.0,29,6.5,19.1,0.259,1.72,1
user_003120,18-25,Córdoba,Móvil,Basic,160,18,306.34,51.0,27,69.3,6.4,0.426,3.38,1
user_003121,26-35,Otros,Móvil,Premium,172,35,339.29,177.0,13,68.1,15.0,0.865,6.1,0
user_003122,46-55,Otros,Móvil,Basic,9,39,46.93,22.0,1,48.0,16.4,0.437,,0
user_003123,18-25,Córdoba,Tablet,Basic,37,39,125.71,148.0,14,65.0,18.0,,31.62,0
user_003124,18-25,Otros,Móvil,Free,123,7,221.27,68.0,11,81.4,12.4,0.998,1.71,1
user_003125,56+,Otros,,Free,233,28,11.34,10.0,15,75.8,4.8,,3.61,0
user_003126,46-55,,Desktop,Free,105,27,450.97,150.0,4,91.1,16.8,0.773,7.71,0
user_003127,36-45,Otros,Móvil,Enterprise,253,21,390.39,30.0,4,44.3,17.9,0.99,2.49,1
user_003128,18-25,Buenos Aires,Móvil,Premium,328,29,333.27,147.0,11,94.7,3.2,0.234,2.65,1
user_003129,26-35,Buenos Aires,Móvil,Free,4,37,274.43,0.0,28,104.8,18.4,,37.0,0
user_003130,26-35,Rosario,Desktop,Free,257,12,451.92,68.0,2,98.7,19.5,0.822,1.4,0
user_003131,26-35,Buenos Aires,Móvil,Free,158,46,468.74,68.0,19,106.9,12.4,,8.73,1
user_003132,46-55,Buenos Aires,Móvil,Free,140,2,22.2,69.0,30,45.9,16.8,0.787,0.43,0
user_003133,46-55,Buenos Aires,Móvil,,239,37,48.88,169.0,15,119.0,17.9,0.284,4.64,0
user_003134,36-45,Buenos Aires,Desktop,Premium,167,24,126.8,179.0,14,53.0,17.6,0.907,4.31,0
user_003135,36-45,Mendoza,Desktop,Premium,121,16,486.4,128.0,13,52.1,10.9,0.29,3.97,1
user_003136,36-45,Buenos Aires,Móvil,Basic,89,23,442.37,160.0,2,,14.8,,7.75,0
user_003137,26-35,Córdoba,Desktop,Basic,109,11,50.26,41.0,4,25.4,5.2,0.87,3.03,1
user_003138,46-55,,Móvil,Free,97,50,21.67,118.0,22,98.8,5.0,0.97,,0
user_003139,36-45,Buenos Aires,Móvil,Basic,27,49,182.04,116.0,29,95.6,2.4,0.83,,1
user_003140,26-35,Mendoza,Móvil,Basic,24,24,13.46,80.0,13,66.2,16.9,0.577,24.0,0
user_003141,26-35,La Plata,Móvil,Basic,315,25,250.86,170.0,30,54.6,16.5,0.932,2.38,0
user_003142,36-45,Córdoba,Desktop,Basic,123,25,32.97,90.0,4,,13.8,0.928,6.1,1
user_003143,18-25,Córdoba,Móvil,Free,37,11,44.6,93.0,1,35.2,12.8,0.519,8.92,1
user_003144,18-25,Rosario,Móvil,Free,95,23,156.55,70.0,4,20.8,9.2,0.687,,0
user_003145,26-35,Buenos Aires,Desktop,Free,82,34,239.03,173.0,7,77.8,9.2,0.686,12.44,1
user_003146,18-25,La Plata,Móvil,,348,27,109.06,9.0,7,20.3,17.5,0.257,2.33,1
user_003147,18-25,Córdoba,Móvil,Basic,337,15,128.49,5.0,28,10.4,18.5,0.801,1.34,1
user_003148,26-35,Buenos Aires,Móvil,Basic,105,20,178.14,127.0,10,45.2,14.2,,5.71,0
user_003149,26-35,Buenos Aires,Móvil,Basic,74,29,468.84,88.0,14,85.2,10.9,0.317,11.76,1
user_003150,56+,La Plata,Móvil,Basic,134,45,463.46,168.0,7,,19.4,0.955,10.07,0
user_003151,26-35,La Plata,Desktop,Free,49,34,358.9,147.0,11,85.6,15.1,0.437,20.82,0
user_003152,18-25,Rosario,Tablet,Free,237,43,199.67,11.0,22,15.6,12.7,,5.44,0
user_003153,46-55,,Móvil,Free,309,27,467.79,78.0,20,57.0,14.4,0.168,2.62,0
user_003154,26-35,La Plata,Tablet,Free,265,27,267.35,92.0,26,14.9,19.4,0.458,,0
user_003155,26-35,Mendoza,Desktop,Enterprise,143,5,408.2,1.0,4,78.9,18.7,0.849,1.05,1
user_003156,36-45,Buenos Aires,Desktop,Basic,326,46,373.19,32.0,26,2.1,11.3,0.66,4.23,1
user_003157,18-25,Buenos Aires,Desktop,Premium,284,40,46.86,10.0,20,33.6,7.7,,4.23,1
user_003158,46-55,La Plata,Desktop,Basic,278,11,83.75,24.0,12,41.1,8.8,,1.19,1
user_003159,36-45,Otros,Móvil,Basic,245,18,102.42,33.0,12,,5.6,0.538,,1
user_003160,18-25,Buenos Aires,Móvil,Free,224,38,380.79,72.0,2,81.0,18.0,0.061,5.09,0
user_003161,36-45,Buenos Aires,Tablet,Free,221,17,190.85,153.0,6,88.8,5.7,0.184,2.31,0
user_003162,,Rosario,Desktop,Basic,338,29,21.98,67.0,8,1.5,18.6,,2.57,1
user_003163,56+,Buenos Aires,Móvil,Basic,353,11,125.45,84.0,22,83.0,18.8,,,1
user_003164,26-35,Rosario,Móvil,Free,115,16,226.01,16.0,14,16.1,7.8,0.947,4.17,1
user_003165,26-35,Rosario,Móvil,Basic,193,6,98.06,99.0,13,51.9,7.5,0.683,0.93,0
user_003166,26-35,Mendoza,Desktop,Free,68,17,97.82,13.0,26,17.5,2.3,0.059,,0
user_003167,18-25,La Plata,Desktop,Free,37,15,289.0,111.0,5,57.2,17.2,0.54,12.16,1
user_003168,36-45,Buenos Aires,Móvil,Free,52,28,241.85,55.0,22,106.3,11.7,0.831,16.15,0
user_003169,46-55,La Plata,Móvil,Premium,57,44,304.25,37.0,14,42.2,5.6,0.697,23.16,1
user_003170,26-35,Rosario,Móvil,Free,180,11,51.3,22.0,13,112.9,4.6,0.177,1.83,0
user_003171,26-35,Rosario,Desktop,Basic,4,2,11.89,70.0,26,30.9,8.5,0.877,2.0,1
user_003172,26-35,Buenos Aires,Desktop,Premium,165,36,406.1,107.0,18,12.1,3.8,0.69,6.55,0
user_003173,18-25,Buenos Aires,Desktop,Free,3,28,205.01,128.0,7,39.0,9.8,,28.0,0
user_003174,36-45,La Plata,Móvil,Basic,44,42,246.38,14.0,19,110.0,4.6,0.751,28.64,0
user_003175,18-25,Buenos Aires,Móvil,Free,254,27,113.74,35.0,10,62.2,17.3,0.645,3.19,0
user_003176,56+,La Plata,Móvil,Free,122,26,69.09,42.0,17,79.3,19.3,,6.39,1
user_003177,26-35,La Plata,Desktop,Free,242,45,150.65,96.0,11,78.2,19.5,,5.58,1
user_003178,26-35,La Plata,Móvil,Free,95,26,370.08,85.0,3,,10.4,0.314,8.21,0
user_003179,46-55,Córdoba,Móvil,Premium,331,31,203.98,172.0,12,43.7,16.5,0.361,2.81,1
user_003180,26-35,Mendoza,Móvil,Premium,69,40,461.56,58.0,22,27.1,15.1,,17.39,0
user_003181,46-55,Mendoza,Móvil,Basic,74,5,14.27,40.0,5,116.5,3.4,0.093,2.03,1
user_003182,26-35,Córdoba,Móvil,Free,230,46,107.0,164.0,4,28.4,8.5,,6.0,1
user_003183,26-35,Otros,Móvil,Free,330,39,424.66,11.0,17,10.2,16.0,,3.55,1
user_003184,36-45,Buenos Aires,Desktop,Free,63,40,381.03,79.0,28,,4.6,0.153,19.05,1
user_003185,36-45,Buenos Aires,Desktop,Basic,55,19,288.21,34.0,17,32.0,9.8,0.433,10.36,0
user_003186,36-45,La Plata,Móvil,Free,35,34,239.24,54.0,21,119.8,6.6,0.499,29.14,0
user_003187,36-45,Buenos Aires,Tablet,Basic,131,9,162.24,102.0,13,117.7,8.2,0.309,2.06,1
user_003188,26-35,Otros,Desktop,Basic,78,36,320.55,53.0,16,49.6,4.0,0.682,,0
user_003189,56+,Buenos Aires,Móvil,Basic,183,21,395.69,109.0,5,68.9,16.1,0.377,3.44,0
user_003190,46-55,Buenos Aires,Desktop,Premium,76,20,229.48,40.0,15,30.2,19.0,0.718,,0
user_003191,56+,La Plata,Desktop,Free,154,3,366.55,69.0,14,22.0,15.8,,0.58,1
user_003192,36-45,La Plata,Tablet,Basic,236,6,32.53,25.0,29,114.8,12.4,0.744,,0
user_003193,36-45,Otros,Desktop,Free,321,32,408.74,98.0,24,88.9,10.9,,,1
user_003194,56+,Rosario,Móvil,Enterprise,124,38,448.13,65.0,28,3.3,5.7,0.935,9.19,0
user_003195,36-45,Rosario,Móvil,Enterprise,33,39,356.57,106.0,25,11.3,13.7,0.273,35.45,0
user_003196,56+,Buenos Aires,Desktop,Premium,78,34,131.31,7.0,3,48.0,15.1,,13.08,0
user_003197,36-45,La Plata,Desktop,Premium,150,13,252.04,126.0,19,116.4,5.7,0.97,2.6,0
user_003198,46-55,Buenos Aires,Desktop,,83,1,47.62,55.0,3,60.6,8.0,0.031,0.36,0
user_003199,18-25,Rosario,Móvil,Free,44,12,128.76,101.0,20,91.4,5.1,0.067,8.18,0
user_003200,36-45,Buenos Aires,Móvil,Free,363,15,69.87,152.0,29,51.7,4.6,0.834,1.24,0
user_003201,36-45,,Desktop,Premium,272,6,334.91,116.0,15,76.6,8.6,0.575,0.66,1
user_003202,18-25,Rosario,Desktop,Basic,13,40,498.87,20.0,30,56.1,17.5,0.843,40.0,0
user_003203,46-55,Buenos Aires,Móvil,Free,257,15,136.02,55.0,25,103.8,18.3,0.481,1.75,1
user_003204,56+,Buenos Aires,Desktop,Free,175,39,66.48,119.0,20,8.0,14.6,0.552,6.69,1
user_003205,18-25,Buenos Aires,Tablet,,360,16,36.08,159.0,7,79.2,14.9,0.52,1.33,1
user_003206,56+,Buenos Aires,Desktop,Basic,86,7,97.57,52.0,5,14.5,13.7,0.013,2.44,0
user_003207,46-55,La Plata,Móvil,Free,174,4,277.73,35.0,21,88.6,7.7,,0.69,1
user_003208,18-25,Buenos Aires,Desktop,Premium,169,5,117.92,25.0,13,56.6,7.6,0.29,0.89,1
user_003209,56+,Mendoza,Móvil,Free,95,43,23.02,21.0,12,54.1,3.1,0.803,,1
user_003210,46-55,Mendoza,Móvil,Free,126,38,13.46,81.0,3,40.6,10.6,,9.05,0
user_003211,26-35,Buenos Aires,Móvil,Free,279,39,290.95,21.0,15,82.6,18.7,0.338,4.19,1
user_003212,46-55,Buenos Aires,Desktop,Free,37,12,48.03,133.0,8,93.7,2.2,0.343,9.73,1
user_003213,26-35,Buenos Aires,Móvil,Basic,136,10,278.4,105.0,29,59.2,2.2,,2.21,1
user_003214,26-35,Córdoba,Móvil,Premium,107,35,330.97,58.0,0,78.4,8.5,0.66,9.81,1
user_003215,26-35,Córdoba,Móvil,Premium,345,0,51.26,999.0,28,20.4,4.2,0.641,0.0,0
user_003216,26-35,Mendoza,Móvil,Basic,139,7,424.91,140.0,29,29.1,1.2,0.108,,0
user_003217,18-25,Buenos Aires,Móvil,Premium,285,24,271.74,18.0,28,74.5,1.8,0.029,2.53,0
user_003218,,Buenos Aires,Móvil,Basic,210,45,417.64,121.0,25,,2.7,0.049,6.43,0
user_003219,26-35,Córdoba,,Basic,164,27,457.06,142.0,12,114.3,13.0,,4.94,0
user_003220,46-55,Córdoba,Desktop,Free,235,40,155.9,175.0,2,112.9,11.3,,,1
user_003221,36-45,Otros,Móvil,Premium,304,17,412.26,85.0,22,,16.1,0.402,1.68,0
user_003222,26-35,Buenos Aires,Desktop,Free,141,36,205.56,7.0,3,58.6,11.8,,7.66,1
user_003223,26-35,Buenos Aires,Tablet,Basic,135,29,381.61,10.0,4,106.2,13.6,0.555,6.44,0
user_003224,,Córdoba,Móvil,Basic,237,10,225.81,168.0,4,39.4,4.6,0.149,1.27,1
user_003225,56+,Rosario,Desktop,Free,49,17,266.83,142.0,15,94.3,7.9,,10.41,1
user_003226,56+,Otros,Desktop,Premium,276,12,115.33,86.0,22,57.2,14.0,0.016,1.3,0
user_003227,56+,Buenos Aires,Desktop,Free,7,32,206.43,108.0,6,86.0,16.2,0.308,,1
user_003228,26-35,Buenos Aires,Móvil,Basic,169,37,283.05,81.0,23,91.3,16.1,,6.57,0
user_003229,26-35,Buenos Aires,Desktop,Basic,2,29,208.58,39.0,15,30.6,19.5,0.867,29.0,1
user_003230,46-55,La Plata,Tablet,Basic,245,3,427.53,,13,24.1,6.1,0.059,0.37,1
user_003231,36-45,Buenos Aires,Móvil,Basic,231,16,442.3,87.0,5,116.7,8.9,,2.08,1
user_003232,36-45,Buenos Aires,Móvil,Free,95,2,148.82,68.0,11,44.2,14.6,0.74,0.63,1
user_003233,56+,Buenos Aires,Desktop,Premium,31,5,47.97,119.0,10,32.6,11.9,0.293,4.84,0
user_003234,26-35,,Móvil,Premium,75,40,281.56,76.0,5,102.9,15.6,0.379,16.0,0
user_003235,18-25,Córdoba,Móvil,Free,107,26,143.82,125.0,20,73.6,18.1,,7.29,1
user_003236,18-25,Rosario,Móvil,Basic,218,16,226.05,52.0,10,26.5,18.2,0.618,2.2,1
user_003237,26-35,Rosario,Desktop,Free,112,0,39.97,999.0,10,97.3,6.0,0.982,,0
user_003238,18-25,Córdoba,Desktop,Basic,32,36,96.94,175.0,28,,7.5,0.466,33.75,0
user_003239,18-25,Buenos Aires,Móvil,Free,80,46,256.55,35.0,8,49.1,6.7,,,0
user_003240,36-45,Rosario,Tablet,Premium,121,19,110.74,12.0,26,,18.5,0.632,4.71,1
user_003241,26-35,Mendoza,Móvil,Free,359,1,195.03,152.0,20,50.2,15.2,0.913,0.08,0
user_003242,18-25,La Plata,Desktop,Premium,55,33,457.3,153.0,30,,1.7,0.338,18.0,0
user_003243,18-25,Mendoza,Móvil,Free,148,0,60.16,999.0,28,20.6,1.0,0.727,0.0,1
user_003244,18-25,Buenos Aires,Tablet,Premium,268,11,456.08,123.0,5,,16.4,0.541,,1
user_003245,56+,Rosario,Móvil,Free,104,35,201.64,20.0,8,90.0,12.7,0.295,10.1,0
user_003246,18-25,Córdoba,Móvil,Free,175,38,409.06,115.0,16,105.1,4.1,0.931,6.51,1
user_003247,18-25,Buenos Aires,Desktop,Free,34,25,16.78,121.0,7,101.2,4.2,0.706,22.06,1
user_003248,56+,Buenos Aires,Tablet,Basic,92,10,264.22,82.0,23,72.3,17.5,0.273,,0
user_003249,36-45,Rosario,Móvil,Premium,200,31,354.14,155.0,16,21.3,5.4,,4.65,1
user_003250,26-35,Córdoba,Desktop,Basic,110,13,201.08,111.0,0,56.8,14.7,0.1,3.55,0
user_003251,36-45,Rosario,Desktop,Basic,177,20,12.18,71.0,26,101.8,11.8,0.975,,0
user_003252,56+,Córdoba,Móvil,Free,191,22,386.07,161.0,13,74.7,19.3,0.426,3.46,0
user_003253,46-55,Córdoba,Móvil,Basic,358,25,18.37,124.0,10,,16.1,,2.09,1
user_003254,36-45,Buenos Aires,Móvil,Free,320,19,420.85,73.0,29,13.4,1.4,0.785,1.78,1
user_003255,26-35,Buenos Aires,Móvil,Enterprise,223,38,320.27,82.0,12,45.4,7.4,0.801,5.11,1
user_003256,26-35,Mendoza,Desktop,Premium,37,21,28.65,114.0,23,107.4,18.5,0.927,,0
user_003257,26-35,Buenos Aires,Desktop,Free,200,47,401.46,90.0,23,110.5,3.9,0.076,,1
user_003258,56+,Otros,Desktop,Premium,278,26,234.4,151.0,27,77.2,2.6,,2.81,0
user_003259,46-55,La Plata,Desktop,Basic,199,40,454.81,159.0,8,68.0,15.5,,6.03,1
user_003260,46-55,Buenos Aires,Desktop,Basic,198,43,437.98,144.0,19,7.3,2.1,0.224,6.52,0
user_003261,26-35,Buenos Aires,Móvil,Basic,101,48,53.94,146.0,22,10.8,3.4,,14.26,0
user_003262,36-45,Córdoba,Móvil,Premium,77,34,176.95,51.0,21,113.0,17.5,0.375,13.25,0
user_003263,26-35,Rosario,Móvil,Free,239,46,222.85,42.0,0,33.3,10.7,0.141,5.77,1
user_003264,,Buenos Aires,Desktop,Free,162,33,303.42,134.0,15,23.5,3.7,0.18,6.11,1
user_003265,56+,Otros,Desktop,Free,170,13,348.86,10.0,9,13.2,19.1,0.066,2.29,0
user_003266,46-55,La Plata,Móvil,Free,322,47,403.65,59.0,1,61.0,8.1,0.281,4.38,1
user_003267,36-45,,Desktop,Premium,95,3,335.84,173.0,0,76.0,18.4,0.087,0.95,0
user_003268,56+,Córdoba,Desktop,Basic,124,4,25.39,61.0,29,50.4,14.8,0.723,,0
user_003269,26-35,Córdoba,Móvil,Free,154,26,177.61,116.0,12,38.0,7.6,,,1
user_003270,26-35,La Plata,Móvil,Basic,336,44,132.56,91.0,24,,3.1,0.902,3.93,0
user_003271,26-35,Buenos Aires,Móvil,Free,294,3,273.3,34.0,6,83.2,4.6,0.946,,1
user_003272,,Rosario,Tablet,Free,323,41,264.81,86.0,23,94.5,9.8,0.143,3.81,0
user_003273,18-25,Buenos Aires,Desktop,Free,237,28,147.91,27.0,10,76.2,3.3,0.825,3.54,0
user_003274,46-55,Córdoba,Móvil,Premium,209,26,480.0,143.0,7,88.4,5.8,,,0
user_003275,46-55,La Plata,Móvil,Free,9,37,148.12,111.0,18,39.9,10.1,0.169,37.0,1
user_003276,36-45,Buenos Aires,Desktop,Premium,280,23,258.55,52.0,14,56.0,3.1,0.374,2.46,0
user_003277,36-45,Córdoba,Desktop,Basic,273,5,299.95,150.0,30,115.3,16.8,0.358,0.55,1
user_003278,26-35,Mendoza,Desktop,Free,323,45,353.19,70.0,10,100.5,8.5,,,0
user_003279,26-35,Mendoza,Móvil,Premium,213,0,24.78,999.0,2,116.3,4.2,0.873,0.0,0
user_003280,26-35,Córdoba,Móvil,Basic,96,0,395.86,999.0,16,71.0,15.5,0.599,0.0,0
user_003281,46-55,Buenos Aires,Desktop,Free,188,2,376.82,157.0,21,90.7,9.0,,0.32,0
user_003282,56+,Otros,Desktop,Premium,37,44,23.65,176.0,9,80.3,9.8,0.9,35.68,0
user_003283,46-55,Córdoba,Móvil,Premium,349,2,339.73,27.0,13,12.6,13.6,,0.17,0
user_003284,36-45,Buenos Aires,Desktop,Free,116,17,181.52,82.0,26,22.1,7.6,0.648,4.4,1
user_003285,36-45,Rosario,Móvil,Free,108,35,379.68,125.0,21,108.0,7.4,0.09,,0
user_003286,36-45,Córdoba,Desktop,Basic,184,32,44.42,91.0,23,56.7,14.2,0.365,5.22,1
user_003287,36-45,Buenos Aires,Móvil,Basic,153,37,446.83,11.0,18,29.5,18.8,,7.25,1
user_003288,26-35,Buenos Aires,Móvil,Free,237,7,350.85,29.0,27,108.9,5.2,0.587,0.89,0
user_003289,56+,Buenos Aires,Móvil,Free,153,4,260.27,95.0,12,73.2,2.3,0.129,0.78,0
user_003290,36-45,Córdoba,Móvil,Premium,291,19,283.44,179.0,28,47.2,10.2,0.304,1.96,1
user_003291,36-45,La Plata,Desktop,Enterprise,119,47,107.12,146.0,13,111.6,2.1,0.162,,0
user_003292,18-25,Mendoza,Móvil,Premium,44,11,98.41,88.0,26,,2.5,0.25,7.5,1
user_003293,18-25,Buenos Aires,Móvil,Basic,245,45,385.41,28.0,15,47.5,19.5,,5.51,1
user_003294,36-45,,Móvil,Basic,319,43,329.28,134.0,11,80.4,5.3,,,0
user_003295,46-55,Buenos Aires,Móvil,Free,150,26,240.52,164.0,23,43.0,9.6,,5.2,1
user_003296,18-25,Rosario,Móvil,Free,217,19,441.14,9.0,6,102.8,4.0,0.203,2.63,1
user_003297,46-55,Buenos Aires,Móvil,Premium,254,19,433.79,97.0,6,,7.2,0.684,2.24,0
user_003298,46-55,La Plata,,Basic,248,44,378.87,3.0,30,29.9,19.5,0.003,5.32,1
user_003299,46-55,Rosario,Desktop,Free,146,42,492.63,35.0,21,9.0,7.4,0.918,8.63,0
user_003300,46-55,Mendoza,Móvil,Premium,25,32,383.43,119.0,15,95.6,1.6,0.939,32.0,1
user_003301,26-35,Córdoba,Móvil,Basic,39,39,158.82,44.0,16,9.8,5.7,0.414,30.0,0
user_003302,36-45,Buenos Aires,Móvil,,198,43,250.75,12.0,22,21.6,13.6,0.278,6.52,1
user_003303,46-55,Córdoba,Móvil,Basic,350,12,336.48,27.0,21,24.9,14.5,0.74,1.03,0
user_003304,46-55,Córdoba,Desktop,Basic,301,6,295.2,87.0,1,97.8,16.7,,0.6,0
user_003305,26-35,Córdoba,Móvil,Basic,338,4,71.64,101.0,10,19.1,17.1,,0.36,0
user_003306,36-45,Córdoba,Móvil,Premium,88,32,126.6,128.0,28,21.1,1.1,0.713,10.91,0
user_003307,18-25,Rosario,Móvil,Basic,198,36,53.73,102.0,23,11.1,17.3,0.44,5.45,1
user_003308,18-25,Otros,Móvil,Free,188,48,199.5,145.0,20,40.0,6.1,0.929,7.66,1
user_003309,46-55,La Plata,Tablet,Basic,24,35,429.37,148.0,24,36.3,13.7,0.745,35.0,0
user_003310,36-45,Buenos Aires,Móvil,Premium,234,26,433.09,19.0,23,105.9,18.5,0.536,3.33,1
user_003311,26-35,Buenos Aires,Desktop,Enterprise,142,2,356.45,149.0,27,11.8,8.0,0.347,0.42,1
user_003312,36-45,Córdoba,Móvil,Free,161,44,329.07,93.0,30,112.4,12.2,,8.2,0
user_003313,56+,Rosario,Móvil,Free,358,29,25.04,98.0,3,67.9,7.2,0.23,2.43,0
user_003314,,Córdoba,Móvil,Premium,348,8,10.35,35.0,0,108.4,18.2,0.926,,0
user_003315,26-35,Otros,Móvil,Free,1,0,381.59,999.0,18,74.5,8.5,0.477,0.0,1
user_003316,26-35,Otros,Móvil,Basic,253,18,389.43,128.0,7,118.4,8.1,0.421,2.13,0
user_003317,26-35,Buenos Aires,Desktop,Free,365,25,333.08,83.0,15,,16.9,0.847,2.05,0
user_003318,,Córdoba,Móvil,Free,64,28,108.6,62.0,2,47.7,14.8,0.006,,0
user_003319,26-35,Córdoba,Móvil,Basic,191,47,483.79,169.0,1,90.9,10.8,0.503,,0
user_003320,18-25,La Plata,Móvil,Enterprise,92,8,484.13,45.0,13,100.9,9.0,,2.61,1
user_003321,46-55,La Plata,Desktop,Basic,112,33,35.36,3.0,27,11.8,6.6,0.122,8.84,1
user_003322,36-45,Córdoba,Desktop,Free,204,4,459.02,171.0,1,116.0,18.6,0.451,0.59,0
user_003323,36-45,Buenos Aires,Móvil,Premium,100,45,123.58,79.0,23,60.0,5.6,0.402,,1
user_003324,26-35,Rosario,Tablet,Basic,72,17,61.27,27.0,18,64.2,19.0,0.378,,1
user_003325,36-45,Buenos Aires,Móvil,Free,331,18,71.67,169.0,17,76.9,13.4,,1.63,1
user_003326,36-45,Buenos Aires,Tablet,Basic,182,2,106.2,90.0,19,36.7,15.2,0.578,0.33,1
user_003327,36-45,Buenos Aires,Desktop,Free,280,28,314.51,150.0,1,87.7,5.3,,,1
user_003328,36-45,Mendoza,Desktop,Enterprise,239,24,427.77,9.0,20,47.1,4.1,0.728,,0
user_003329,56+,La Plata,Desktop,Premium,70,49,475.0,79.0,0,,11.7,0.818,21.0,1
user_003330,36-45,Córdoba,Móvil,Basic,125,41,105.27,135.0,3,61.8,8.7,0.161,9.84,0
user_003331,36-45,Rosario,Desktop,Premium,74,45,14.18,98.0,24,46.4,10.7,0.877,18.24,1
user_003332,18-25,Otros,Móvil,Basic,124,7,119.01,26.0,2,97.7,10.7,0.056,,0
user_003333,46-55,Córdoba,Móvil,Free,141,8,493.89,170.0,17,66.8,3.6,0.033,1.7,1
user_003334,18-25,Buenos Aires,Tablet,Enterprise,249,20,403.88,69.0,1,43.5,12.9,0.908,2.41,0
user_003335,36-45,Buenos Aires,Móvil,Free,244,31,269.63,28.0,19,104.8,4.2,0.76,,0
user_003336,36-45,Buenos Aires,Móvil,Premium,124,29,41.43,103.0,9,69.6,8.9,,7.02,1
user_003337,26-35,Rosario,Móvil,Free,8,22,385.1,90.0,14,86.6,19.5,,22.0,1
user_003338,36-45,Otros,Móvil,Premium,100,41,423.38,154.0,18,116.1,14.4,0.816,12.3,1
user_003339,56+,Mendoza,Móvil,Free,178,47,222.06,63.0,25,28.6,17.4,,7.92,0
user_003340,26-35,Mendoza,Móvil,Free,130,23,39.54,105.0,24,104.0,19.8,0.009,5.31,1
user_003341,36-45,Córdoba,Móvil,Free,54,37,119.44,111.0,10,84.6,4.4,,20.56,0
user_003342,56+,Buenos Aires,Tablet,Free,105,47,450.97,96.0,6,82.9,17.2,0.777,13.43,1
user_003343,18-25,Buenos Aires,Tablet,Free,70,17,386.96,115.0,1,41.3,7.0,0.881,,0
user_003344,36-45,La Plata,Tablet,Basic,193,25,104.27,139.0,0,99.0,4.8,0.166,3.89,0
user_003345,56+,Mendoza,Tablet,Basic,228,24,63.95,134.0,23,80.9,15.7,0.715,3.16,1
user_003346,36-45,Rosario,Móvil,Basic,13,47,132.96,106.0,23,96.8,19.1,0.998,,0
user_003347,26-35,Buenos Aires,Móvil,Basic,42,17,240.1,113.0,24,104.6,4.5,0.527,12.14,0
user_003348,56+,Buenos Aires,Móvil,Basic,73,11,364.71,71.0,2,92.9,14.5,,4.52,0
user_003349,26-35,Córdoba,Desktop,Premium,6,48,499.44,100.0,5,42.5,14.0,0.251,48.0,0
user_003350,56+,Córdoba,Móvil,Free,317,34,310.33,81.0,17,107.8,17.9,0.916,3.22,0
user_003351,26-35,Buenos Aires,Desktop,Free,322,14,23.72,40.0,16,18.9,10.0,0.326,1.3,1
user_003352,46-55,Buenos Aires,Tablet,Basic,210,48,277.87,97.0,11,53.7,9.1,0.793,6.86,0
user_003353,36-45,Rosario,Móvil,Free,66,47,398.94,15.0,16,50.7,17.2,,21.36,1
user_003354,26-35,Buenos Aires,Desktop,Free,91,24,34.76,174.0,16,99.1,18.9,0.175,7.91,1
user_003355,36-45,,Móvil,Free,355,38,397.8,163.0,9,48.0,18.7,0.664,3.21,1
user_003356,26-35,Córdoba,Móvil,Premium,164,18,199.85,26.0,15,,8.5,0.892,3.29,0
user_003357,46-55,Buenos Aires,,Premium,102,19,308.25,131.0,26,97.4,15.9,0.667,5.59,1
user_003358,36-45,Rosario,,Enterprise,221,16,428.08,56.0,27,119.7,1.7,0.943,,0
user_003359,36-45,Rosario,Móvil,Free,334,24,221.45,36.0,16,33.6,16.9,0.306,2.16,0
user_003360,46-55,Córdoba,Móvil,Basic,217,24,84.61,147.0,11,10.0,16.9,,3.32,1
user_003361,26-35,Córdoba,Móvil,Premium,104,49,213.14,11.0,23,79.5,2.1,0.866,14.13,1
user_003362,26-35,Rosario,,Basic,362,39,333.46,51.0,16,99.7,12.9,,3.23,0
user_003363,46-55,Buenos Aires,Móvil,Free,171,1,214.04,160.0,15,,6.5,,0.18,0
user_003364,46-55,Buenos Aires,Móvil,Free,252,11,456.48,70.0,4,107.7,15.7,0.572,1.31,1
user_003365,26-35,Buenos Aires,Desktop,Basic,188,4,324.7,3.0,21,56.2,4.3,,0.64,0
user_003366,18-25,Rosario,Móvil,Free,353,47,24.91,108.0,13,53.9,5.8,0.34,3.99,1
user_003367,36-45,Mendoza,Móvil,Free,252,29,291.71,81.0,11,31.4,16.4,0.171,3.45,1
user_003368,36-45,Buenos Aires,,Free,83,0,412.14,999.0,5,61.4,13.8,,0.0,1
user_003369,46-55,Buenos Aires,Móvil,Premium,183,43,183.57,28.0,27,53.4,8.5,0.004,,0
user_003370,26-35,Córdoba,Móvil,Free,285,20,382.03,122.0,23,28.1,14.5,0.279,2.11,1
user_003371,18-25,La Plata,Móvil,Free,58,44,377.7,93.0,1,89.3,4.2,0.251,22.76,1
user_003372,46-55,Mendoza,Móvil,Free,162,18,154.89,173.0,26,28.6,13.2,0.355,3.33,1
user_003373,36-45,,Móvil,Premium,258,48,184.62,134.0,0,23.7,19.7,0.523,5.58,0
user_003374,26-35,Buenos Aires,Móvil,Basic,38,8,299.48,11.0,16,39.0,1.4,0.975,,0
user_003375,56+,Córdoba,Móvil,Free,226,37,23.59,80.0,3,,18.3,,4.91,0
user_003376,18-25,Rosario,Móvil,Free,278,30,290.47,59.0,18,,2.4,0.125,3.24,0
user_003377,46-55,Buenos Aires,Móvil,Free,237,25,268.66,129.0,22,34.0,19.0,0.396,3.16,1
user_003378,56+,Mendoza,Móvil,Premium,20,38,195.4,96.0,30,1.6,3.6,0.394,,1
user_003379,46-55,La Plata,Desktop,Free,336,9,13.27,27.0,17,,9.3,0.594,0.8,0
user_003380,36-45,Córdoba,Desktop,Premium,109,43,472.62,160.0,9,1.6,5.1,0.247,11.83,1
user_003381,18-25,Buenos Aires,Móvil,Premium,179,21,246.74,,11,16.8,18.4,0.419,3.52,0
user_003382,56+,Otros,Móvil,Premium,217,27,106.19,120.0,16,9.3,7.0,0.262,3.73,0
user_003383,,Buenos Aires,Móvil,Free,34,17,86.8,131.0,7,90.9,5.2,0.209,15.0,1
user_003384,46-55,Córdoba,Móvil,Free,46,44,442.41,101.0,1,63.1,11.2,0.346,28.7,1
user_003385,,Rosario,Móvil,Free,273,45,433.89,23.0,2,31.2,16.4,0.489,4.95,0
user_003386,26-35,Buenos Aires,Desktop,Free,210,41,230.27,118.0,1,,12.2,0.616,5.86,0
user_003387,56+,Córdoba,Móvil,Free,71,50,200.79,86.0,18,58.0,9.6,0.61,21.13,1
user_003388,46-55,Buenos Aires,Móvil,Basic,317,1,178.13,52.0,29,107.7,11.3,0.849,,0
user_003389,,Buenos Aires,Desktop,Free,68,7,355.82,127.0,30,106.2,9.2,0.639,3.09,1
user_003390,18-25,La Plata,Tablet,Premium,256,43,256.4,129.0,14,79.7,16.2,0.677,5.04,0
user_003391,56+,Rosario,Móvil,Free,148,29,98.71,105.0,7,37.7,2.3,0.032,,1
user_003392,46-55,Córdoba,Móvil,Premium,90,28,467.19,28.0,30,18.3,7.2,0.477,9.33,1
user_003393,36-45,Buenos Aires,Tablet,Premium,284,37,421.63,42.0,27,59.4,11.7,0.641,3.91,1
user_003394,36-45,Otros,Móvil,Basic,92,43,295.42,159.0,28,49.1,13.1,0.292,14.02,1
user_003395,26-35,Otros,Desktop,Premium,9,12,237.95,58.0,1,85.0,6.3,0.456,,0
user_003396,26-35,Córdoba,Móvil,Basic,152,31,20.68,31.0,13,90.4,16.9,0.255,6.12,0
user_003397,56+,Buenos Aires,Desktop,Free,2,3,375.71,69.0,1,94.3,8.0,0.045,3.0,1
user_003398,46-55,Otros,Móvil,Basic,243,49,29.77,155.0,15,19.9,8.8,0.741,6.05,0
user_003399,36-45,Córdoba,Desktop,Premium,275,19,85.4,52.0,23,32.8,19.9,0.711,,1
user_003400,46-55,,Desktop,Free,71,41,460.65,122.0,22,24.2,8.8,0.631,17.32,0
user_003401,56+,Córdoba,Tablet,Basic,201,29,419.79,179.0,30,80.4,14.8,,4.33,0
user_003402,56+,Otros,Desktop,Free,118,37,374.98,36.0,11,78.1,12.2,0.796,9.41,1
user_003403,46-55,Córdoba,Móvil,Free,11,25,10.99,162.0,3,,18.6,0.701,,0
user_003404,18-25,Otros,Móvil,Enterprise,234,3,32.9,30.0,6,108.1,8.8,0.397,0.38,0
user_003405,26-35,Buenos Aires,Desktop,Free,112,7,495.4,114.0,18,119.2,15.0,0.469,1.88,1
user_003406,26-35,Mendoza,Móvil,Basic,141,50,382.93,45.0,22,55.6,11.8,,10.64,1
user_003407,36-45,Buenos Aires,Móvil,Free,353,46,209.53,101.0,4,112.0,4.2,0.884,3.91,1
user_003408,18-25,Buenos Aires,Móvil,Free,348,40,492.17,59.0,18,8.9,10.7,0.996,,1
user_003409,46-55,Buenos Aires,Móvil,Premium,226,24,405.38,131.0,5,117.7,1.9,0.204,3.19,1
user_003410,,Rosario,Móvil,Premium,48,44,181.95,169.0,26,23.0,18.3,0.238,27.5,1
user_003411,36-45,La Plata,Móvil,Free,350,8,85.82,172.0,1,98.0,14.5,0.384,0.69,0
user_003412,26-35,Buenos Aires,Desktop,Free,143,47,321.11,71.0,5,,13.4,0.692,9.86,1
user_003413,,Buenos Aires,Móvil,Premium,155,32,375.25,18.0,14,66.5,1.2,0.554,6.19,1
user_003414,26-35,Otros,Móvil,Free,331,14,101.53,57.0,12,93.3,9.4,0.558,,0
user_003415,36-45,Buenos Aires,Móvil,Free,31,26,64.0,30.0,0,53.4,19.9,,25.16,0
user_003416,56+,Buenos Aires,Tablet,Free,178,23,27.7,102.0,17,59.6,16.2,0.289,3.88,0
user_003417,46-55,Buenos Aires,Desktop,Basic,301,44,277.62,111.0,20,21.6,18.7,0.561,,1
user_003418,18-25,Córdoba,Móvil,Free,60,24,327.6,85.0,21,42.2,8.0,,,1
user_003419,46-55,Córdoba,Tablet,Free,65,37,108.37,133.0,8,,5.1,,17.08,1
user_003420,,Buenos Aires,Desktop,Free,277,21,269.68,5.0,21,8.9,19.9,0.423,,0
user_003421,18-25,Otros,Móvil,Free,284,17,344.79,19.0,10,18.7,14.3,0.916,1.8,0
user_003422,26-35,La Plata,Móvil,Basic,194,16,452.44,115.0,1,89.2,10.7,0.98,2.47,0
user_003423,18-25,Córdoba,Móvil,Basic,364,28,45.43,142.0,17,33.4,15.7,,2.31,0
user_003424,,Córdoba,Desktop,Free,28,42,384.51,165.0,23,98.4,17.8,0.809,,0
user_003425,36-45,Córdoba,Tablet,Free,160,46,16.96,4.0,10,62.3,16.3,0.608,8.62,0
user_003426,26-35,Rosario,Tablet,Free,359,7,141.21,49.0,6,34.6,16.9,0.34,0.58,0
user_003427,36-45,Mendoza,Desktop,Premium,348,21,194.56,56.0,10,114.9,10.8,0.824,1.81,1
user_003428,46-55,Rosario,Móvil,Free,144,6,391.17,17.0,3,49.9,8.9,0.303,1.25,0
user_003429,46-55,Otros,Móvil,Premium,354,18,453.8,114.0,26,51.2,5.9,0.506,1.53,0
user_003430,36-45,Mendoza,Móvil,Basic,289,12,204.3,40.0,1,,16.4,0.622,1.25,0
user_003431,46-55,Buenos Aires,Tablet,Premium,79,38,46.68,44.0,12,,12.0,0.0,14.43,0
user_003432,18-25,La Plata,Desktop,Free,251,43,183.44,30.0,24,,7.7,0.851,5.14,0
user_003433,36-45,Buenos Aires,Móvil,Basic,103,22,426.19,77.0,7,111.3,11.8,,6.41,1
user_003434,36-45,Córdoba,Móvil,Basic,217,9,439.06,180.0,29,68.1,7.1,0.794,,0
user_003435,46-55,La Plata,Móvil,Enterprise,299,17,447.74,141.0,29,59.2,5.8,,1.71,1
user_003436,18-25,Buenos Aires,Desktop,Free,154,49,187.89,64.0,10,65.7,3.3,0.746,,1
user_003437,26-35,Córdoba,Móvil,Free,13,2,263.86,94.0,8,76.4,18.6,0.84,,1
user_003438,36-45,Córdoba,Móvil,Basic,20,32,71.24,44.0,0,52.6,8.3,0.381,32.0,0
user_003439,18-25,Rosario,Móvil,Premium,265,29,223.44,41.0,4,29.6,11.2,0.083,3.28,1
user_003440,26-35,Buenos Aires,Móvil,Basic,276,39,372.37,180.0,24,119.9,19.3,0.635,4.24,0
user_003441,46-55,La Plata,Desktop,Free,125,50,464.87,34.0,28,62.2,2.7,0.454,12.0,1
user_003442,36-45,Buenos Aires,Móvil,Free,324,1,75.42,98.0,21,91.2,6.4,,,0
user_003443,36-45,Buenos Aires,Tablet,Premium,179,18,351.29,159.0,2,4.6,5.1,0.95,3.02,1
user_003444,18-25,Córdoba,Desktop,Premium,7,29,429.81,163.0,1,,9.0,0.486,29.0,0
user_003445,26-35,Rosario,Móvil,Free,234,6,48.94,15.0,9,1.2,5.4,0.25,0.77,1
user_003446,46-55,Buenos Aires,Móvil,Free,126,34,229.01,121.0,25,74.9,7.6,0.222,8.1,0
user_003447,18-25,Buenos Aires,Móvil,Premium,221,8,75.63,32.0,11,106.3,10.4,0.451,1.09,0
user_003448,26-35,Buenos Aires,Móvil,Free,273,10,497.61,168.0,25,63.0,17.7,0.187,1.1,0
user_003449,56+,Buenos Aires,Móvil,Enterprise,314,14,358.38,48.0,16,28.4,16.7,,,0
user_003450,26-35,La Plata,Desktop,Free,92,50,17.75,170.0,9,,18.1,0.626,16.3,1
user_003451,46-55,Buenos Aires,Desktop,Premium,65,19,229.07,121.0,1,105.8,11.9,,8.77,1
user_003452,36-45,Buenos Aires,Móvil,Free,240,40,36.74,81.0,9,49.5,17.2,0.713,5.0,0
user_003453,36-45,Rosario,,Premium,5,28,325.97,134.0,21,95.4,10.9,0.762,28.0,1
user_003454,46-55,Buenos Aires,Móvil,Premium,101,14,436.17,83.0,19,86.5,15.8,0.328,4.16,1
user_003455,18-25,Otros,Móvil,Basic,66,47,224.73,58.0,30,,19.3,0.052,21.36,0
user_003456,26-35,Buenos Aires,Móvil,Basic,49,25,340.6,129.0,29,94.1,8.2,0.831,15.31,0
user_003457,46-55,,Desktop,Basic,216,29,289.39,122.0,17,,3.9,0.865,4.03,0
user_003458,18-25,Rosario,Desktop,Free,296,1,57.73,65.0,5,61.0,8.7,,0.1,1
user_003459,26-35,Buenos Aires,Móvil,Free,336,21,62.76,149.0,24,90.8,1.8,0.699,1.88,1
user_003460,18-25,Rosario,Desktop,Premium,138,42,260.51,0.0,22,32.6,18.9,0.515,9.13,1
user_003461,56+,Buenos Aires,Desktop,Basic,118,43,450.91,75.0,28,117.1,14.2,0.959,10.93,1
user_003462,26-35,Rosario,Desktop,Premium,149,12,428.21,88.0,3,55.3,12.1,0.155,2.42,1
user_003463,18-25,Rosario,Desktop,Free,196,48,472.07,83.0,7,113.4,9.8,0.676,,1
user_003464,26-35,Córdoba,Móvil,Premium,17,8,200.12,85.0,17,102.7,7.1,0.207,,0
user_003465,18-25,Mendoza,Móvil,Basic,330,16,10.49,122.0,2,75.9,14.0,0.182,1.45,0
user_003466,18-25,Mendoza,Móvil,Basic,104,36,302.2,123.0,26,32.4,8.5,,10.38,0
user_003467,36-45,Córdoba,Desktop,Basic,154,50,423.9,23.0,14,15.2,18.8,0.29,9.74,1
user_003468,26-35,Córdoba,Desktop,Free,248,47,34.7,39.0,11,91.1,8.4,0.989,5.69,1
user_003469,26-35,Buenos Aires,Móvil,Basic,72,46,370.6,97.0,15,25.6,14.9,0.475,19.17,1
user_003470,46-55,Mendoza,Desktop,Free,79,44,119.76,152.0,9,97.6,17.0,0.268,16.71,1
user_003471,,Otros,Móvil,Basic,153,5,137.55,178.0,20,94.9,4.9,0.405,0.98,0
user_003472,18-25,Rosario,Móvil,Enterprise,244,28,173.54,178.0,9,31.4,12.0,0.762,3.44,1
user_003473,26-35,Rosario,Desktop,Free,67,25,116.68,4.0,1,78.6,4.8,0.145,11.19,0
user_003474,46-55,Buenos Aires,Desktop,Free,305,3,228.21,118.0,27,89.2,19.2,0.712,0.3,1
user_003475,18-25,Buenos Aires,Tablet,Free,34,13,373.04,93.0,24,103.8,15.3,0.874,,0
user_003476,36-45,,Tablet,Basic,13,38,213.65,40.0,15,110.7,17.8,0.765,38.0,0
user_003477,26-35,Mendoza,Móvil,Basic,61,44,39.98,92.0,9,62.5,12.1,0.77,,0
user_003478,18-25,Buenos Aires,Móvil,Basic,123,38,385.13,24.0,10,35.8,11.4,,,1
user_003479,18-25,Rosario,Móvil,Free,121,44,414.43,54.0,4,47.5,11.9,0.471,10.91,1
user_003480,26-35,Buenos Aires,Móvil,Premium,231,34,150.69,92.0,15,58.4,14.2,0.742,4.42,1
user_003481,36-45,Buenos Aires,Desktop,Free,331,46,299.31,105.0,24,11.1,9.3,0.988,4.17,0
user_003482,26-35,,Móvil,Basic,179,23,442.63,176.0,17,39.5,10.3,0.026,3.85,1
user_003483,18-25,Mendoza,Móvil,Free,142,49,436.19,45.0,19,,16.2,,,1
user_003484,36-45,Córdoba,Desktop,Free,292,46,447.95,89.0,25,108.7,13.3,0.3,,0
user_003485,26-35,Rosario,Desktop,Basic,285,26,145.72,92.0,10,5.0,14.0,0.897,2.74,0
user_003486,18-25,Buenos Aires,Tablet,Enterprise,240,22,365.73,12.0,16,66.0,18.8,0.48,2.75,1
user_003487,36-45,La Plata,Tablet,Premium,159,47,342.05,138.0,3,78.4,7.1,0.011,8.87,0
user_003488,36-45,Rosario,Desktop,Premium,365,31,301.32,66.0,8,60.4,2.5,0.212,2.55,0
user_003489,,Mendoza,Tablet,Free,93,24,395.04,75.0,12,91.8,5.6,0.219,7.74,0
user_003490,46-55,Córdoba,Desktop,Basic,212,14,107.33,122.0,18,107.4,3.8,,1.98,0
user_003491,26-35,La Plata,Móvil,,11,4,179.01,46.0,6,58.7,4.9,0.886,4.0,0
user_003492,26-35,Otros,Móvil,Enterprise,110,7,304.14,2.0,10,109.1,1.1,0.473,1.91,1
user_003493,18-25,Córdoba,Tablet,Basic,152,10,301.63,69.0,11,114.0,10.2,0.236,1.97,1
user_003494,26-35,Rosario,Desktop,Premium,156,37,66.28,142.0,2,53.3,6.7,0.977,7.12,0
user_003495,26-35,Córdoba,Desktop,Basic,247,33,181.54,115.0,25,36.6,15.2,0.683,4.01,0
user_003496,56+,La Plata,Móvil,Free,188,40,309.92,64.0,30,32.2,19.2,0.723,6.38,1
user_003497,18-25,Córdoba,Desktop,Free,166,21,244.66,122.0,15,58.5,5.5,0.64,3.8,0
user_003498,18-25,Córdoba,Móvil,Basic,325,24,452.21,18.0,25,103.0,12.8,0.928,2.22,0
user_003499,46-55,Córdoba,Móvil,Basic,77,42,273.55,56.0,4,,16.5,0.04,16.36,0
user_003500,56+,Buenos Aires,Móvil,Free,351,47,65.52,58.0,12,39.3,7.9,,4.02,1
user_003501,18-25,Buenos Aires,Móvil,Free,75,26,71.59,168.0,23,104.5,3.0,0.135,10.4,0
user_003502,26-35,Otros,Tablet,Premium,53,48,209.15,60.0,6,45.3,16.0,,27.17,0
user_003503,36-45,Córdoba,Tablet,Premium,177,42,275.43,146.0,12,119.7,4.0,0.186,7.12,1
user_003504,,Córdoba,Móvil,Basic,5,31,384.31,83.0,20,57.0,13.4,,31.0,0
user_003505,46-55,Otros,Móvil,Premium,6,15,33.23,120.0,14,27.1,13.2,0.515,15.0,0
user_003506,46-55,La Plata,Móvil,Basic,239,42,289.0,127.0,16,97.4,18.7,0.976,5.27,0
user_003507,36-45,Buenos Aires,Tablet,Basic,337,28,355.09,153.0,12,19.7,12.6,0.973,2.49,1
user_003508,36-45,Buenos Aires,Móvil,Free,352,11,347.97,37.0,12,43.3,9.5,0.158,0.94,0
user_003509,26-35,Buenos Aires,Desktop,Basic,217,47,182.1,127.0,3,9.1,9.4,0.203,6.5,1
user_003510,46-55,Otros,Tablet,Basic,83,17,402.76,80.0,17,11.8,17.7,,,1
user_003511,26-35,Buenos Aires,Móvil,Basic,82,0,252.47,999.0,22,38.5,4.8,0.551,0.0,1
user_003512,26-35,Mendoza,Móvil,Basic,364,9,224.32,55.0,27,74.7,8.0,0.769,0.74,0
user_003513,56+,Buenos Aires,Desktop,Premium,8,26,306.94,114.0,5,8.7,3.4,,,0
user_003514,36-45,Rosario,Desktop,Premium,167,11,246.92,133.0,29,40.7,9.5,0.877,1.98,0
user_003515,46-55,Buenos Aires,Tablet,Premium,80,10,161.99,,15,13.3,5.6,0.871,,0
user_003516,36-45,Rosario,Desktop,Basic,147,33,115.72,104.0,17,32.0,18.5,,6.73,1
user_003517,46-55,Mendoza,Tablet,Basic,148,10,107.49,101.0,13,,8.9,0.934,2.03,0
user_003518,26-35,Otros,Móvil,Free,122,50,129.32,83.0,9,,1.1,0.943,12.3,1
user_003519,36-45,Córdoba,Tablet,Free,38,0,153.9,999.0,5,40.1,16.7,0.749,0.0,0
user_003520,36-45,Córdoba,Móvil,Basic,32,20,404.9,135.0,14,,7.5,,18.75,1
user_003521,46-55,Rosario,Móvil,Free,181,18,471.19,4.0,25,35.1,8.0,0.789,2.98,1
user_003522,36-45,Buenos Aires,Móvil,Basic,210,7,219.78,174.0,26,14.6,7.5,,1.0,0
user_003523,56+,Buenos Aires,Desktop,Free,170,17,225.82,167.0,11,6.4,1.8,0.829,3.0,0
user_003524,36-45,Buenos Aires,Desktop,Basic,194,8,316.83,5.0,12,105.0,11.8,,,0
user_003525,26-35,Rosario,Móvil,Free,32,27,328.07,178.0,27,107.6,16.7,0.945,25.31,1
user_003526,26-35,Rosario,Móvil,Free,18,18,248.75,42.0,9,44.2,15.7,0.916,18.0,1
user_003527,26-35,Córdoba,Móvil,Free,316,50,383.96,75.0,27,77.5,4.5,0.272,4.75,1
user_003528,46-55,Rosario,Desktop,Basic,40,44,131.41,155.0,1,92.7,14.9,,33.0,0
user_003529,36-45,Otros,Móvil,Free,257,46,279.57,139.0,25,88.7,10.4,0.166,5.37,0
user_003530,18-25,Buenos Aires,Móvil,Free,204,28,34.96,148.0,16,113.5,5.0,0.498,,0
user_003531,56+,Córdoba,,Free,358,26,480.03,143.0,3,27.5,1.3,0.858,2.18,1
user_003532,26-35,Rosario,Desktop,Basic,86,23,36.78,97.0,8,,18.6,0.385,8.02,1
user_003533,26-35,Buenos Aires,Móvil,Free,287,26,62.92,112.0,12,71.6,9.6,0.172,,1
user_003534,46-55,Otros,Móvil,Premium,283,50,375.35,149.0,30,37.8,6.3,0.037,5.3,0
user_003535,36-45,Rosario,Desktop,Basic,335,29,452.83,166.0,7,11.7,7.4,0.496,2.6,0
user_003536,18-25,Buenos Aires,Móvil,Premium,148,5,139.88,64.0,14,11.4,8.9,,1.01,1
user_003537,26-35,Buenos Aires,Móvil,Free,230,22,344.27,128.0,23,,12.4,,2.87,0
user_003538,26-35,Otros,Móvil,Basic,60,36,401.1,29.0,26,27.1,14.9,,18.0,0
user_003539,26-35,Córdoba,,Free,343,38,102.78,140.0,25,23.9,5.7,0.392,3.32,0
user_003540,36-45,Buenos Aires,Móvil,Basic,199,26,11.19,124.0,9,79.5,3.3,0.437,3.92,1
user_003541,18-25,Buenos Aires,Desktop,Free,227,12,148.38,83.0,11,,2.6,0.197,1.59,1
user_003542,36-45,La Plata,Móvil,Free,145,7,432.91,92.0,11,9.6,1.2,0.667,1.45,0
user_003543,56+,La Plata,Desktop,Premium,226,30,176.24,94.0,12,108.4,10.6,0.062,3.98,0
user_003544,36-45,Córdoba,Móvil,Free,225,10,240.7,38.0,12,23.4,6.8,0.692,,0
user_003545,36-45,Buenos Aires,Móvil,Free,271,50,131.63,104.0,15,19.8,5.7,0.155,,1
user_003546,18-25,Córdoba,Desktop,Basic,156,27,442.22,85.0,29,61.3,10.7,0.124,5.19,1
user_003547,46-55,Mendoza,Móvil,Basic,41,45,234.32,75.0,18,82.6,19.5,,32.93,0
user_003548,36-45,Mendoza,Móvil,Basic,55,40,443.56,40.0,27,99.7,15.3,0.403,21.82,1
user_003549,26-35,La Plata,Tablet,Free,107,43,171.86,103.0,20,,9.3,0.501,12.06,0
user_003550,18-25,Buenos Aires,Móvil,Premium,270,49,111.13,27.0,15,54.6,1.3,0.243,5.44,1
user_003551,56+,Rosario,Móvil,Free,344,6,330.55,170.0,30,,2.8,0.016,0.52,0
user_003552,26-35,Córdoba,Móvil,Free,162,8,273.5,30.0,27,,10.5,0.837,1.48,0
user_003553,36-45,Córdoba,Móvil,Free,51,17,389.7,171.0,28,,10.2,0.909,,1
user_003554,26-35,Buenos Aires,Móvil,Free,181,5,20.53,96.0,24,51.7,10.5,0.846,0.83,0
user_003555,36-45,Córdoba,Móvil,Free,245,9,211.1,167.0,5,97.4,6.9,0.952,1.1,1
user_003556,36-45,Buenos Aires,Tablet,Enterprise,83,6,322.78,140.0,22,18.4,19.2,0.426,2.17,0
user_003557,18-25,Mendoza,Móvil,Free,37,26,71.43,15.0,16,35.4,2.5,0.866,21.08,0
user_003558,46-55,Córdoba,Desktop,Free,51,45,311.41,134.0,2,,20.0,,26.47,1
user_003559,18-25,Otros,Móvil,Basic,184,23,34.31,136.0,6,50.8,2.8,0.391,3.75,0
user_003560,56+,Buenos Aires,Móvil,Enterprise,21,30,492.96,13.0,16,82.6,9.6,0.924,30.0,0
user_003561,36-45,Buenos Aires,Móvil,Premium,264,9,22.82,13.0,10,101.6,15.0,0.391,1.02,1
user_003562,46-55,Córdoba,Desktop,Enterprise,162,18,251.29,131.0,26,,13.4,0.624,,0
user_003563,46-55,Rosario,Móvil,Free,92,14,271.15,84.0,30,21.7,12.3,0.826,4.57,1
user_003564,18-25,Córdoba,Desktop,Enterprise,277,20,135.4,28.0,9,71.5,17.2,0.249,2.17,0
user_003565,56+,La Plata,Móvil,Premium,15,18,125.01,21.0,16,64.9,16.0,0.361,18.0,0
user_003566,26-35,Buenos Aires,Móvil,Basic,228,36,95.11,69.0,24,52.0,8.6,0.987,,0
user_003567,26-35,La Plata,Móvil,Basic,98,23,327.68,71.0,26,110.3,11.3,0.54,7.04,1
user_003568,18-25,La Plata,Móvil,Basic,181,2,312.37,13.0,23,23.4,9.4,0.145,0.33,1
user_003569,46-55,Mendoza,Desktop,Enterprise,43,45,255.16,72.0,6,25.9,3.1,0.757,31.4,0
user_003570,26-35,Córdoba,Móvil,Free,21,19,208.8,23.0,28,74.6,4.8,0.921,19.0,1
user_003571,26-35,Buenos Aires,Tablet,Free,259,11,406.63,98.0,1,82.7,4.9,,1.27,1
user_003572,18-25,,Desktop,Free,224,7,195.78,74.0,1,108.6,19.1,0.19,,0
user_003573,18-25,Buenos Aires,Móvil,Basic,362,37,154.6,119.0,29,88.9,1.9,0.762,,1
user_003574,36-45,Rosario,Móvil,Free,56,45,15.69,85.0,13,,16.2,0.233,24.11,1
user_003575,18-25,Córdoba,Móvil,Basic,182,5,241.2,110.0,7,44.0,6.0,0.24,,0
user_003576,18-25,Buenos Aires,Tablet,Basic,351,48,194.42,25.0,1,48.2,7.2,0.423,4.1,1
user_003577,26-35,Buenos Aires,Móvil,Premium,279,28,227.46,20.0,21,36.8,1.8,0.471,,1
user_003578,26-35,Buenos Aires,Desktop,Premium,110,39,465.68,126.0,22,95.3,15.6,0.163,10.64,0
user_003579,26-35,Córdoba,Tablet,Basic,303,33,301.44,29.0,12,98.1,11.5,,3.27,1
user_003580,56+,Buenos Aires,Tablet,Free,121,16,89.62,67.0,3,19.7,14.3,,3.97,1
user_003581,46-55,Otros,Móvil,Free,179,43,468.26,113.0,2,110.8,9.9,0.842,7.21,1
user_003582,26-35,Rosario,Tablet,Basic,0,25,302.58,79.0,28,113.3,13.4,0.543,,1
user_003583,36-45,Buenos Aires,Móvil,Premium,122,41,490.43,23.0,29,59.7,17.8,,10.08,1
user_003584,26-35,Buenos Aires,Desktop,Free,351,43,71.6,54.0,17,27.4,2.7,0.952,3.68,1
user_003585,46-55,Buenos Aires,Móvil,Premium,42,20,240.36,97.0,11,,9.0,0.012,14.29,0
user_003586,36-45,,Desktop,Premium,333,20,152.48,33.0,24,48.5,2.1,0.894,,0
user_003587,36-45,Otros,Desktop,Free,141,26,436.33,52.0,8,91.7,4.3,,5.53,1
user_003588,56+,Buenos Aires,Móvil,Premium,3,30,165.38,,21,48.1,9.3,,30.0,1
user_003589,18-25,,Desktop,Basic,95,18,71.89,18.0,25,,18.5,,5.68,1
user_003590,26-35,La Plata,Tablet,Premium,337,6,317.68,86.0,19,18.7,6.3,0.689,,0
user_003591,26-35,Buenos Aires,Desktop,Free,165,16,169.13,59.0,3,113.6,15.3,,2.91,0
user_003592,18-25,Buenos Aires,Móvil,Premium,204,6,57.1,54.0,15,,18.6,,0.88,1
user_003593,36-45,Buenos Aires,Móvil,Premium,251,15,320.04,175.0,0,113.6,11.3,0.848,1.79,0
user_003594,36-45,Córdoba,Móvil,Basic,342,20,231.91,96.0,1,14.3,16.2,0.527,1.75,0
user_003595,26-35,Rosario,Móvil,Premium,358,17,322.98,125.0,9,100.7,5.6,0.267,1.42,1
user_003596,26-35,Rosario,Desktop,Basic,251,15,221.69,154.0,15,5.1,13.6,0.502,,0
user_003597,18-25,Otros,,Free,181,44,247.01,81.0,1,31.2,1.1,0.564,,0
user_003598,18-25,Otros,Móvil,Free,123,25,282.93,178.0,14,33.0,1.3,0.62,,0
user_003599,36-45,Buenos Aires,Desktop,Premium,279,2,303.49,123.0,29,68.9,10.5,0.531,0.22,0
user_003600,36-45,Córdoba,Móvil,Free,137,13,373.1,155.0,19,76.6,4.3,,2.85,0
user_003601,18-25,Rosario,Desktop,Free,40,44,363.32,162.0,26,111.7,8.2,0.74,33.0,0
user_003602,36-45,La Plata,Móvil,Enterprise,103,47,375.11,13.0,12,60.8,4.8,0.762,,0
user_003603,56+,La Plata,Móvil,Basic,289,38,78.38,141.0,4,93.6,17.7,0.21,3.94,0
user_003604,18-25,Córdoba,Móvil,Free,324,44,357.14,54.0,16,102.3,18.9,,,1
user_003605,26-35,,Desktop,Enterprise,302,16,55.05,71.0,25,21.8,13.4,0.495,1.59,1
user_003606,26-35,Rosario,Móvil,Basic,292,16,98.15,25.0,21,107.6,14.7,0.012,1.64,0
user_003607,18-25,Córdoba,Móvil,Basic,236,7,191.11,130.0,14,8.8,14.5,0.287,,1
user_003608,18-25,La Plata,Móvil,Basic,190,42,480.04,84.0,7,114.3,18.2,0.807,6.63,1
user_003609,46-55,Rosario,Móvil,Premium,364,43,278.22,126.0,19,96.3,14.4,0.224,3.54,0
user_003610,36-45,Buenos Aires,Móvil,Basic,214,29,82.99,133.0,23,,9.0,,4.07,1
user_003611,18-25,Buenos Aires,,Free,329,42,445.19,18.0,7,79.0,2.0,,3.83,1
user_003612,18-25,Otros,Desktop,Free,197,16,208.45,147.0,8,114.6,16.8,0.813,2.44,1
user_003613,36-45,Buenos Aires,Móvil,Premium,1,8,98.87,43.0,29,5.0,10.2,0.249,8.0,0
user_003614,46-55,La Plata,Móvil,Premium,201,48,384.42,,9,25.7,16.8,0.105,7.16,0
user_003615,18-25,Córdoba,Móvil,Premium,120,33,110.5,158.0,5,15.7,19.0,,8.25,1
user_003616,18-25,Córdoba,Móvil,Free,82,38,112.48,17.0,11,13.7,5.4,0.925,13.9,1
user_003617,26-35,Mendoza,Móvil,Premium,87,15,274.75,50.0,14,76.9,19.7,,5.17,1
user_003618,36-45,Buenos Aires,Desktop,Basic,247,42,132.6,68.0,12,21.1,17.0,0.313,5.1,1
user_003619,26-35,,Tablet,Free,350,14,459.93,82.0,20,,10.9,0.854,1.2,1
user_003620,36-45,Buenos Aires,Móvil,Basic,230,42,282.15,45.0,18,78.6,5.4,0.992,5.48,0
user_003621,46-55,Buenos Aires,Tablet,Free,336,30,299.86,141.0,24,20.8,7.5,0.486,,0
user_003622,26-35,Buenos Aires,Móvil,Premium,184,6,167.35,60.0,6,89.5,9.5,0.016,,1
user_003623,26-35,La Plata,Móvil,,155,44,206.78,59.0,2,,16.0,0.069,8.52,1
user_003624,36-45,Otros,Tablet,Basic,145,21,374.35,6.0,19,30.1,4.9,0.114,4.34,0
user_003625,26-35,Buenos Aires,Móvil,Basic,268,29,14.13,55.0,15,69.1,13.4,0.027,3.25,0
user_003626,46-55,Rosario,Desktop,Premium,316,18,492.63,94.0,16,16.4,10.1,,1.71,1
user_003627,,Buenos Aires,Tablet,Free,165,19,221.48,69.0,29,57.9,3.8,0.879,3.45,1
user_003628,18-25,Córdoba,Móvil,Free,201,42,306.89,85.0,22,,8.3,0.915,,1
user_003629,36-45,Buenos Aires,Móvil,Basic,140,10,454.2,8.0,19,42.1,11.4,,2.14,0
user_003630,18-25,Buenos Aires,Desktop,Premium,56,0,460.99,999.0,17,12.7,12.5,0.802,0.0,1
user_003631,36-45,La Plata,Tablet,,153,20,223.36,180.0,14,,15.1,0.719,3.92,1
user_003632,46-55,Córdoba,Móvil,Free,325,20,137.55,162.0,11,108.6,19.5,,1.85,0
user_003633,36-45,Córdoba,Desktop,Free,12,36,395.66,12.0,3,87.8,13.3,0.799,,0
user_003634,36-45,Rosario,Móvil,Enterprise,58,4,119.8,65.0,27,75.7,6.8,,2.07,0
user_003635,36-45,Córdoba,Móvil,Basic,43,16,393.88,69.0,30,52.6,6.9,0.257,11.16,1
user_003636,18-25,La Plata,Móvil,Free,340,26,134.89,91.0,8,75.2,8.3,0.792,2.29,1
user_003637,36-45,Córdoba,Móvil,Free,214,26,19.27,141.0,18,73.0,17.3,0.396,3.64,1
user_003638,,Córdoba,Móvil,Free,297,2,351.37,154.0,10,88.9,2.7,0.507,,0
user_003639,36-45,Buenos Aires,Desktop,Free,278,43,332.36,15.0,17,81.3,8.0,0.33,,0
user_003640,26-35,Buenos Aires,Tablet,Basic,354,4,390.18,65.0,2,76.2,14.0,0.481,,1
user_003641,46-55,Otros,Desktop,Premium,118,49,418.24,25.0,20,5.7,19.3,0.229,,0
user_003642,36-45,Buenos Aires,Móvil,Basic,285,10,187.49,96.0,3,50.2,5.8,0.293,1.05,1
user_003643,36-45,Buenos Aires,Desktop,Basic,171,38,452.26,46.0,8,82.3,2.6,,6.67,0
user_003644,18-25,La Plata,Móvil,Free,249,50,128.62,113.0,20,16.1,18.9,0.683,,0
user_003645,46-55,Otros,Móvil,Premium,223,49,293.36,83.0,18,12.0,17.3,,6.59,1
user_003646,56+,Otros,Móvil,Free,212,0,291.47,999.0,9,46.8,17.2,0.864,0.0,1
user_003647,46-55,Buenos Aires,Tablet,Basic,235,41,376.9,143.0,23,101.3,10.6,0.56,,0
user_003648,56+,Mendoza,Móvil,Basic,36,43,404.72,107.0,25,31.3,11.9,0.925,35.83,1
user_003649,36-45,Buenos Aires,Móvil,Free,134,7,285.82,137.0,14,15.6,3.4,,1.57,1
user_003650,26-35,Córdoba,Móvil,Basic,137,25,379.24,177.0,19,10.7,3.3,,5.47,1
user_003651,18-25,La Plata,Móvil,Basic,179,41,309.49,28.0,14,52.8,12.0,,6.87,1
user_003652,36-45,Córdoba,Desktop,Basic,358,36,67.22,160.0,11,101.6,9.3,,,0
user_003653,36-45,,Móvil,Free,63,19,429.3,114.0,15,116.0,18.4,0.994,9.05,1
user_003654,18-25,La Plata,Desktop,Basic,226,3,76.04,93.0,30,,14.2,0.36,0.4,1
user_003655,,Buenos Aires,Desktop,Premium,221,44,315.26,137.0,10,55.5,7.2,0.37,5.97,0
user_003656,26-35,Buenos Aires,Tablet,Premium,43,35,141.85,86.0,23,41.1,13.7,0.473,24.42,1
user_003657,26-35,Buenos Aires,Móvil,Free,21,11,11.58,85.0,0,120.0,18.1,0.952,11.0,1
user_003658,36-45,Buenos Aires,Tablet,Basic,360,33,316.26,178.0,24,18.0,8.4,,2.75,0
user_003659,46-55,Córdoba,Tablet,Basic,106,17,422.33,40.0,23,105.9,19.7,0.817,4.81,0
user_003660,26-35,Otros,Desktop,Basic,354,50,321.75,118.0,13,82.1,6.8,0.541,4.24,1
user_003661,56+,Rosario,Desktop,Enterprise,37,12,349.06,11.0,1,115.3,12.5,,9.73,0
user_003662,26-35,Buenos Aires,Móvil,Premium,313,43,267.5,35.0,8,59.4,9.0,0.288,4.12,1
user_003663,36-45,Córdoba,Tablet,Basic,332,21,20.64,175.0,15,96.5,7.5,0.176,1.9,0
user_003664,,Rosario,Móvil,Basic,347,33,40.37,159.0,16,,2.0,0.67,2.85,0
user_003665,36-45,Buenos Aires,Desktop,Premium,355,47,293.96,36.0,6,113.7,10.1,,3.97,0
user_003666,36-45,Mendoza,Desktop,Free,144,18,57.86,0.0,2,,13.8,,,1
user_003667,36-45,Buenos Aires,Desktop,Basic,53,19,216.06,67.0,1,30.4,19.8,,10.75,0
user_003668,26-35,Rosario,Móvil,Basic,82,22,299.16,24.0,2,78.8,1.5,,,1
user_003669,,Otros,,Enterprise,247,38,476.5,110.0,21,52.5,12.0,0.154,,0
user_003670,56+,Buenos Aires,Móvil,Basic,72,46,246.02,173.0,23,106.3,6.5,0.159,19.17,1
user_003671,26-35,Buenos Aires,Desktop,Free,109,40,279.45,83.0,1,88.5,1.2,0.981,11.01,1
user_003672,,,Móvil,Premium,274,29,291.97,19.0,12,19.8,1.9,0.841,3.18,0
user_003673,18-25,Córdoba,Desktop,Free,185,41,320.51,172.0,24,84.7,5.7,0.466,6.65,1
user_003674,56+,Mendoza,Desktop,Basic,163,15,369.56,170.0,16,,6.1,0.595,2.76,1
user_003675,46-55,Otros,Móvil,Basic,278,30,135.98,137.0,12,110.4,2.6,0.295,3.24,1
user_003676,26-35,La Plata,Desktop,Basic,139,39,479.03,97.0,10,,15.2,0.1,8.42,1
user_003677,26-35,Buenos Aires,Móvil,Free,203,18,19.89,19.0,22,107.6,9.7,,2.66,0
user_003678,18-25,Mendoza,Móvil,Premium,330,15,233.63,46.0,13,44.4,11.1,0.1,1.36,0
user_003679,26-35,La Plata,Móvil,Free,48,13,191.32,16.0,21,,17.8,0.719,8.12,1
user_003680,26-35,Córdoba,Desktop,Enterprise,104,5,408.18,122.0,1,83.6,14.8,0.716,1.44,1
user_003681,36-45,Buenos Aires,Móvil,Premium,25,28,186.14,7.0,25,60.5,5.4,0.185,28.0,0
user_003682,36-45,Mendoza,Tablet,Enterprise,312,13,232.04,60.0,26,71.9,16.4,,,0
user_003683,46-55,La Plata,Móvil,Premium,323,18,287.18,105.0,5,10.1,16.2,0.552,,0
user_003684,56+,Buenos Aires,Desktop,Premium,285,0,491.58,999.0,13,10.2,11.0,0.335,0.0,0
user_003685,36-45,Otros,Móvil,Premium,11,20,429.03,69.0,7,41.6,14.7,0.835,20.0,1
user_003686,18-25,La Plata,Desktop,Free,124,50,25.95,77.0,10,7.3,18.0,0.746,,1
user_003687,36-45,Rosario,Móvil,Enterprise,330,40,209.16,38.0,15,49.3,15.8,0.799,3.64,0
user_003688,46-55,Mendoza,Tablet,Basic,6,31,307.41,106.0,1,101.8,5.9,0.502,31.0,0
user_003689,26-35,Buenos Aires,Móvil,Premium,195,10,97.94,102.0,27,32.1,2.1,0.591,1.54,0
user_003690,,Rosario,Móvil,Free,231,46,382.44,86.0,27,31.7,3.0,0.518,5.97,1
user_003691,46-55,Buenos Aires,Móvil,Basic,110,50,57.6,14.0,11,,1.4,,,0
user_003692,36-45,La Plata,Móvil,Basic,110,35,93.5,125.0,23,66.3,17.2,0.326,9.55,0
user_003693,26-35,Mendoza,Móvil,Free,342,17,375.83,159.0,29,,3.8,0.404,1.49,1
user_003694,18-25,Córdoba,Desktop,Premium,43,4,170.92,31.0,7,53.2,10.7,0.415,2.79,1
user_003695,26-35,Buenos Aires,Desktop,Enterprise,275,2,153.72,65.0,2,49.9,11.7,0.505,0.22,0
user_003696,,Otros,Móvil,Enterprise,215,42,274.1,112.0,20,2.3,9.2,0.078,,1
user_003697,26-35,Córdoba,Móvil,Basic,230,14,302.02,166.0,25,56.6,8.8,0.105,1.83,0
user_003698,26-35,Buenos Aires,Móvil,Free,341,2,24.36,126.0,13,2.7,14.1,0.871,0.18,0
user_003699,46-55,Buenos Aires,Desktop,Premium,187,0,450.57,999.0,29,57.3,5.8,,0.0,1
user_003700,26-35,Córdoba,Móvil,Basic,177,30,246.29,11.0,13,51.9,3.5,,5.08,1
user_003701,46-55,Buenos Aires,Desktop,Free,284,7,136.88,2.0,30,76.6,16.1,0.111,0.74,1
user_003702,26-35,Buenos Aires,Móvil,Basic,284,14,106.18,118.0,29,116.8,15.9,0.054,1.48,0
user_003703,36-45,Buenos Aires,Desktop,Free,97,37,296.16,68.0,25,,9.8,0.878,11.44,1
user_003704,36-45,La Plata,Tablet,Basic,165,5,96.42,42.0,10,90.9,16.2,0.061,,1
user_003705,26-35,Mendoza,Desktop,Basic,255,9,185.26,168.0,1,,17.1,0.875,1.06,0
user_003706,36-45,Mendoza,Móvil,Free,279,3,120.98,95.0,29,41.1,7.7,,0.32,0
user_003707,26-35,Córdoba,Desktop,Premium,311,27,355.59,,18,49.3,16.3,,2.6,0
user_003708,56+,Mendoza,Móvil,Enterprise,162,8,392.47,62.0,27,45.7,10.3,0.926,1.48,0
user_003709,36-45,Buenos Aires,Desktop,Free,334,35,497.14,5.0,12,74.1,1.3,0.439,3.14,1
user_003710,46-55,La Plata,Tablet,Premium,128,31,456.57,137.0,29,24.8,17.9,0.892,7.27,1
user_003711,,Rosario,Móvil,Free,337,18,262.48,61.0,27,85.7,16.4,0.564,,0
user_003712,46-55,Buenos Aires,Móvil,Premium,352,20,419.91,106.0,0,85.4,12.6,0.853,1.7,1
user_003713,26-35,Buenos Aires,Móvil,Premium,44,43,130.04,95.0,19,95.8,6.4,0.467,29.32,1
user_003714,56+,Rosario,Tablet,Premium,53,15,38.27,120.0,0,16.1,13.4,0.577,8.49,0
user_003715,46-55,Córdoba,Móvil,Enterprise,284,0,345.96,999.0,24,6.7,18.5,0.795,0.0,0
user_003716,46-55,Córdoba,Tablet,Premium,305,21,156.4,53.0,28,65.5,15.7,0.542,,0
user_003717,26-35,Buenos Aires,Móvil,Free,273,20,394.19,113.0,5,,5.3,,2.2,1
user_003718,18-25,Córdoba,Móvil,Premium,10,3,67.36,84.0,5,31.1,2.5,0.801,3.0,0
user_003719,36-45,Rosario,Tablet,Free,82,46,187.11,53.0,27,75.1,14.1,0.877,16.83,1
user_003720,26-35,Córdoba,Móvil,Free,40,18,59.9,5.0,30,85.9,16.7,0.493,13.5,1
user_003721,56+,Otros,Desktop,Free,42,21,219.63,154.0,29,,5.1,,15.0,1
user_003722,26-35,Rosario,Desktop,Free,123,36,447.71,149.0,8,54.3,10.7,0.837,8.78,0
user_003723,18-25,Otros,Desktop,Free,262,13,305.34,96.0,1,44.7,4.8,0.811,1.49,1
user_003724,18-25,Buenos Aires,Desktop,Free,141,30,110.54,76.0,19,11.3,13.3,0.535,,1
user_003725,36-45,La Plata,Móvil,Free,330,12,221.03,53.0,30,51.9,13.9,0.195,1.09,0
user_003726,26-35,Mendoza,Móvil,Enterprise,29,50,147.17,107.0,17,91.5,8.0,0.754,,1
user_003727,26-35,Buenos Aires,Móvil,,67,50,330.01,27.0,17,54.3,11.5,0.479,22.39,0
user_003728,46-55,Buenos Aires,Desktop,Free,155,12,13.84,39.0,25,99.1,5.6,0.222,,1
user_003729,36-45,Mendoza,Móvil,Basic,100,0,386.57,999.0,10,4.2,14.8,,0.0,1
user_003730,18-25,Buenos Aires,Desktop,Free,112,34,459.28,97.0,13,62.3,9.9,0.812,9.11,0
user_003731,18-25,Buenos Aires,Móvil,Free,32,46,258.06,107.0,30,51.8,8.9,0.029,43.12,0
user_003732,56+,Córdoba,Móvil,Premium,260,49,267.67,37.0,6,23.6,17.2,0.564,,1
user_003733,18-25,Mendoza,Móvil,Free,350,29,254.99,161.0,21,56.5,2.9,0.692,2.49,1
user_003734,18-25,Buenos Aires,Móvil,Basic,163,50,331.51,105.0,26,23.4,9.7,,9.2,0
user_003735,18-25,Rosario,Móvil,Basic,14,36,199.73,3.0,12,93.2,18.1,0.854,,1
user_003736,36-45,Córdoba,Desktop,Free,107,37,33.01,41.0,11,21.5,13.8,0.377,10.37,1
user_003737,56+,Córdoba,Desktop,Basic,108,38,75.74,161.0,9,13.0,12.6,0.786,10.56,1
user_003738,26-35,Buenos Aires,Móvil,Free,56,13,139.56,1.0,19,66.0,17.2,0.885,6.96,1
user_003739,26-35,Córdoba,Móvil,Basic,233,17,449.72,136.0,7,23.9,8.9,0.796,2.19,0
user_003740,26-35,Rosario,Tablet,Basic,89,24,39.34,,6,9.4,19.9,0.688,8.09,0
user_003741,36-45,Mendoza,Móvil,Free,149,40,306.86,147.0,15,76.6,6.8,,8.05,1
user_003742,26-35,Rosario,Desktop,Free,94,33,94.76,164.0,24,40.8,18.5,0.241,,1
user_003743,18-25,Mendoza,Desktop,Basic,311,1,150.79,20.0,10,94.6,7.1,0.541,,0
user_003744,18-25,Rosario,Móvil,Premium,40,18,411.09,30.0,26,57.9,7.4,0.982,13.5,0
user_003745,,Rosario,Tablet,Free,227,12,419.18,127.0,17,19.9,5.3,0.807,1.59,0
user_003746,36-45,Rosario,Móvil,Free,185,33,161.36,3.0,29,,10.9,0.715,5.35,0
user_003747,26-35,Buenos Aires,Móvil,Basic,160,18,209.08,98.0,4,14.9,12.7,0.486,3.38,0
user_003748,26-35,Córdoba,Desktop,Free,26,21,335.35,76.0,4,32.3,11.7,0.422,21.0,1
user_003749,18-25,Buenos Aires,Desktop,Enterprise,133,10,76.28,107.0,15,74.3,1.8,0.666,2.26,0
user_003750,26-35,Mendoza,Móvil,Basic,315,28,361.46,59.0,17,49.5,11.2,,2.67,0
user_003751,36-45,La Plata,Desktop,Basic,244,38,267.12,35.0,4,43.6,17.7,0.423,4.67,0
user_003752,36-45,Buenos Aires,Móvil,Basic,109,5,39.59,92.0,12,45.4,6.1,0.555,1.38,1
user_003753,56+,Buenos Aires,Desktop,Free,79,19,417.89,148.0,5,49.8,10.1,0.627,7.22,0
user_003754,36-45,Buenos Aires,Desktop,Free,363,27,212.17,73.0,27,47.5,16.7,0.585,,1
user_003755,18-25,Rosario,Móvil,Premium,143,5,13.11,152.0,3,52.1,7.8,0.666,1.05,0
user_003756,26-35,Otros,Tablet,Free,200,3,57.08,132.0,27,33.0,8.6,,0.45,0
user_003757,36-45,La Plata,Desktop,Free,114,0,456.55,999.0,10,,14.6,0.34,0.0,1
user_003758,36-45,Córdoba,Desktop,Basic,20,12,37.68,50.0,5,14.0,19.8,0.374,12.0,1
user_003759,36-45,Buenos Aires,Desktop,Free,161,34,342.59,103.0,24,109.0,17.4,0.814,6.34,0
user_003760,26-35,Otros,Móvil,Free,318,2,475.73,104.0,8,22.0,19.6,0.994,,1
user_003761,26-35,,Desktop,Premium,234,26,175.83,110.0,21,82.6,7.8,0.847,,0
user_003762,26-35,La Plata,Desktop,Free,267,5,498.02,3.0,5,61.5,14.3,0.877,0.56,0
user_003763,36-45,Otros,Tablet,Basic,267,31,178.25,153.0,20,108.1,10.4,0.316,3.48,1
user_003764,18-25,Mendoza,Desktop,Premium,270,10,481.51,135.0,23,94.4,18.4,0.763,1.11,0
user_003765,46-55,Buenos Aires,Tablet,Free,340,14,20.03,168.0,7,75.6,19.9,0.603,1.24,1
user_003766,26-35,Buenos Aires,Desktop,Free,112,14,390.1,37.0,18,,7.6,,,1
user_003767,56+,Otros,Desktop,Premium,146,45,36.36,120.0,30,55.1,6.0,,9.25,0
user_003768,36-45,Otros,Móvil,Premium,164,50,371.99,130.0,6,79.7,6.6,0.563,9.15,1
user_003769,26-35,Rosario,Desktop,Premium,360,1,25.77,146.0,14,67.5,6.5,0.174,0.08,1
user_003770,18-25,Rosario,Móvil,Basic,105,8,69.34,128.0,4,51.4,10.6,0.96,2.29,0
user_003771,56+,Buenos Aires,Tablet,Premium,125,18,262.7,18.0,0,41.7,7.9,0.564,4.32,1
user_003772,18-25,Mendoza,Desktop,Premium,75,14,139.6,89.0,28,46.1,19.3,0.651,5.6,0
user_003773,26-35,Otros,Móvil,Premium,251,29,348.97,131.0,24,3.4,17.2,,3.47,0
user_003774,36-45,Rosario,Móvil,Free,243,28,274.54,167.0,29,33.1,7.2,0.021,3.46,0
user_003775,26-35,Rosario,Desktop,Free,124,10,45.93,25.0,25,9.5,8.5,0.637,2.42,1
user_003776,56+,Córdoba,Móvil,Free,317,31,487.59,129.0,18,26.9,9.8,,,1
user_003777,26-35,Córdoba,Móvil,Free,339,23,474.03,5.0,20,48.9,3.5,0.669,,0
user_003778,26-35,Buenos Aires,Móvil,Basic,271,48,439.93,51.0,4,51.9,9.6,0.003,5.31,0
user_003779,36-45,Buenos Aires,Desktop,Free,112,32,314.54,164.0,7,53.5,18.6,0.499,8.57,0
user_003780,26-35,Mendoza,Desktop,Basic,26,39,222.98,49.0,12,68.3,3.1,0.519,39.0,1
user_003781,26-35,Buenos Aires,Desktop,Basic,180,43,120.02,129.0,29,44.1,19.5,0.89,,0
user_003782,36-45,,Móvil,Basic,287,6,215.51,90.0,3,38.6,14.7,0.314,0.63,1
user_003783,,Córdoba,Desktop,Premium,119,31,479.29,92.0,20,40.4,5.3,,7.82,0
user_003784,56+,Córdoba,Tablet,Free,329,50,335.92,164.0,9,98.3,7.3,0.383,4.56,1
user_003785,36-45,Córdoba,Móvil,Basic,333,23,318.92,36.0,3,96.5,16.2,0.786,,0
user_003786,26-35,Córdoba,Desktop,Premium,278,22,445.02,133.0,21,,17.5,0.464,2.37,0
user_003787,26-35,Rosario,Tablet,Free,363,41,36.17,166.0,25,51.2,2.8,0.7,,1
user_003788,56+,La Plata,Desktop,Free,196,38,112.02,142.0,14,76.4,18.2,0.684,5.82,1
user_003789,46-55,Otros,Móvil,Premium,3,24,389.61,45.0,12,109.4,13.9,0.476,24.0,0
user_003790,18-25,Mendoza,Móvil,Basic,266,48,398.67,137.0,15,,13.5,0.444,5.41,1
user_003791,36-45,Mendoza,Móvil,Basic,137,16,330.53,68.0,25,94.2,3.2,0.706,3.5,1
user_003792,36-45,Buenos Aires,Desktop,Enterprise,173,48,383.8,98.0,5,76.3,13.7,0.553,,0
user_003793,56+,Otros,Desktop,Free,362,31,228.91,170.0,2,101.4,9.6,0.923,2.57,0
user_003794,36-45,Córdoba,Móvil,Basic,25,20,340.21,138.0,4,42.6,13.3,0.119,20.0,1
user_003795,,Buenos Aires,Móvil,Basic,350,1,243.66,148.0,3,33.6,16.7,0.373,0.09,1
user_003796,56+,Buenos Aires,Móvil,Basic,146,29,346.29,2.0,30,12.0,7.3,0.716,5.96,0
user_003797,26-35,Buenos Aires,Móvil,Enterprise,245,25,330.48,87.0,14,46.0,6.8,0.37,3.06,1
user_003798,46-55,La Plata,Móvil,Premium,37,12,365.31,150.0,20,57.7,19.5,0.084,,0
user_003799,26-35,Córdoba,Móvil,Free,335,48,402.86,38.0,7,30.0,12.6,,4.3,0
user_003800,46-55,Buenos Aires,Móvil,Basic,147,1,433.27,25.0,26,45.6,16.8,0.22,0.2,0
user_003801,26-35,La Plata,Móvil,Free,129,18,90.81,152.0,0,114.2,14.5,0.07,4.19,1
user_003802,18-25,,Tablet,Premium,152,24,64.6,14.0,15,14.3,17.0,0.432,4.74,1
user_003803,26-35,Buenos Aires,Móvil,Premium,303,3,172.51,15.0,8,15.1,9.7,0.84,0.3,1
user_003804,46-55,Córdoba,Desktop,Basic,38,6,301.27,72.0,13,53.7,11.8,0.622,,0
user_003805,18-25,Córdoba,Desktop,Premium,21,9,83.29,130.0,7,3.2,13.7,,9.0,0
user_003806,26-35,Córdoba,Desktop,Basic,101,32,85.03,55.0,14,42.4,8.7,0.531,,1
user_003807,36-45,Córdoba,Móvil,Enterprise,165,32,101.82,178.0,7,2.5,15.8,0.036,5.82,1
user_003808,26-35,La Plata,Móvil,Premium,0,37,494.12,4.0,3,97.7,4.7,0.761,37.0,1
user_003809,26-35,La Plata,Desktop,Free,255,20,197.11,133.0,30,8.9,1.3,0.159,,1
user_003810,18-25,Buenos Aires,Desktop,Free,92,38,324.85,30.0,20,29.6,2.5,,,0
user_003811,36-45,Rosario,Móvil,Premium,337,13,333.72,95.0,29,68.8,13.1,0.469,1.16,0
user_003812,18-25,,Desktop,Premium,90,4,188.64,131.0,23,9.9,5.6,0.807,1.33,0
user_003813,18-25,Otros,Móvil,Free,354,46,159.59,153.0,8,,7.6,0.805,3.9,0
user_003814,26-35,Rosario,Móvil,Free,332,9,252.31,144.0,28,,17.4,,0.81,0
user_003815,36-45,Rosario,Móvil,Premium,328,38,36.63,159.0,16,101.4,9.1,0.678,3.48,1
user_003816,26-35,Otros,Móvil,Enterprise,38,18,161.07,20.0,13,107.7,9.1,0.723,,1
user_003817,18-25,Mendoza,Desktop,Premium,316,17,89.96,0.0,13,106.7,9.9,,,1
user_003818,26-35,Córdoba,Tablet,Basic,350,17,499.48,2.0,8,75.1,10.1,0.712,1.46,1
user_003819,56+,Buenos Aires,Móvil,Free,64,0,26.41,999.0,1,24.5,7.9,0.746,0.0,1
user_003820,46-55,Buenos Aires,Móvil,Basic,99,27,97.26,38.0,21,37.9,6.8,0.93,8.18,0
user_003821,26-35,Otros,Desktop,Basic,151,22,433.28,54.0,5,119.5,2.4,0.573,4.37,1
user_003822,18-25,La Plata,Desktop,Free,323,16,466.81,34.0,4,,15.3,0.697,,0
user_003823,18-25,Buenos Aires,Móvil,Basic,123,27,258.02,60.0,19,79.4,7.8,0.371,6.59,1
user_003824,36-45,Buenos Aires,Desktop,Free,264,33,320.46,30.0,3,38.3,17.3,0.477,3.75,0
user_003825,26-35,Buenos Aires,Tablet,Premium,57,6,113.25,139.0,24,107.3,19.7,0.806,3.16,0
user_003826,18-25,Otros,Móvil,Free,238,48,115.7,126.0,7,15.0,7.1,,6.05,0
user_003827,18-25,Otros,Móvil,Free,202,16,352.35,24.0,23,25.3,7.6,0.742,2.38,1
user_003828,46-55,Buenos Aires,Móvil,Basic,71,31,106.67,57.0,11,3.3,9.0,,13.1,0
user_003829,26-35,Buenos Aires,Móvil,Enterprise,12,19,393.14,43.0,19,107.2,1.8,0.858,19.0,1
user_003830,18-25,Córdoba,Móvil,Free,88,28,376.76,147.0,6,104.2,15.2,0.023,9.55,0
user_003831,46-55,Buenos Aires,Desktop,Premium,146,29,364.73,97.0,0,,8.0,0.538,5.96,1
user_003832,18-25,Buenos Aires,Móvil,Premium,19,5,486.26,117.0,11,102.1,2.2,,5.0,0
user_003833,36-45,Córdoba,Móvil,Premium,296,19,385.82,73.0,29,,10.1,0.337,1.93,1
user_003834,46-55,Córdoba,Desktop,Basic,171,47,248.9,,14,118.5,12.2,0.473,8.25,0
user_003835,18-25,La Plata,Tablet,Free,97,32,100.31,149.0,17,,2.4,,,1
user_003836,36-45,Mendoza,Tablet,Premium,289,24,402.52,84.0,14,82.9,7.9,,,1
user_003837,26-35,Mendoza,Móvil,Free,35,7,87.68,83.0,29,46.6,18.8,,6.0,1
user_003838,56+,Rosario,Desktop,Premium,88,16,341.54,33.0,18,,14.9,0.122,5.45,0
user_003839,18-25,Buenos Aires,Desktop,Premium,100,2,458.76,110.0,18,71.5,13.4,,0.6,1
user_003840,26-35,Buenos Aires,Móvil,Premium,231,12,264.16,38.0,19,17.8,8.2,,,1
user_003841,56+,Córdoba,Móvil,Free,101,32,192.9,126.0,25,96.1,15.3,,9.5,1
user_003842,,Buenos Aires,Móvil,Free,32,41,380.24,45.0,10,75.6,14.0,0.383,38.44,0
user_003843,18-25,Buenos Aires,Móvil,Basic,212,39,295.39,0.0,21,116.0,11.4,0.514,,1
user_003844,56+,Mendoza,Móvil,Free,100,0,235.59,999.0,9,71.9,4.3,0.959,0.0,1
user_003845,26-35,Buenos Aires,Tablet,Basic,5,32,328.58,142.0,21,61.2,6.0,0.77,32.0,0
user_003846,46-55,Córdoba,Desktop,Premium,258,11,221.45,126.0,15,102.6,5.0,0.559,,0
user_003847,46-55,Buenos Aires,Móvil,Basic,251,32,36.86,77.0,7,62.0,6.6,0.241,3.82,1
user_003848,56+,Rosario,Móvil,Enterprise,63,24,261.18,66.0,5,15.0,3.3,0.759,11.43,0
user_003849,18-25,Córdoba,Desktop,Free,349,10,303.21,177.0,28,28.2,3.3,0.965,0.86,0
user_003850,36-45,Córdoba,Móvil,Free,183,8,346.16,27.0,4,9.6,11.0,0.448,,1
user_003851,26-35,Mendoza,Desktop,Basic,357,20,267.68,141.0,2,104.9,11.1,0.611,1.68,1
user_003852,18-25,Buenos Aires,Desktop,Free,280,22,73.84,116.0,5,105.3,2.7,0.888,2.36,1
user_003853,18-25,Buenos Aires,Móvil,Free,313,4,235.24,168.0,26,22.5,7.2,0.226,0.38,0
user_003854,18-25,Buenos Aires,Desktop,Free,39,42,229.9,8.0,5,4.6,11.7,0.887,32.31,1
user_003855,46-55,Buenos Aires,Móvil,Premium,319,17,200.2,99.0,2,104.0,5.5,0.403,1.6,0
user_003856,26-35,La Plata,Móvil,Basic,127,18,188.59,178.0,22,69.0,11.5,0.434,4.25,1
user_003857,36-45,La Plata,Móvil,Free,261,13,187.59,28.0,30,48.9,4.6,,1.49,0
user_003858,18-25,La Plata,Móvil,Free,331,7,247.82,9.0,28,107.4,13.6,0.81,0.63,1
user_003859,18-25,Buenos Aires,Móvil,Basic,192,28,109.48,150.0,26,112.5,16.1,0.293,4.38,1
user_003860,26-35,Buenos Aires,Desktop,Free,365,40,343.33,106.0,10,29.4,11.7,0.222,,1
user_003861,26-35,Otros,,Free,169,17,108.3,154.0,3,71.0,17.6,,3.02,0
user_003862,18-25,Rosario,Móvil,Free,360,24,249.19,11.0,2,85.9,9.2,0.241,2.0,0
user_003863,26-35,Córdoba,Tablet,Premium,303,14,293.0,162.0,28,118.3,17.5,0.361,,1
user_003864,36-45,Otros,Móvil,Premium,20,41,89.05,25.0,16,13.6,13.3,0.598,,0
user_003865,26-35,Buenos Aires,Móvil,Free,294,38,265.93,154.0,0,49.3,1.3,0.594,3.88,1
user_003866,46-55,Buenos Aires,Tablet,Free,116,47,293.4,41.0,12,98.0,9.8,0.634,12.16,0
user_003867,26-35,Buenos Aires,Móvil,Free,355,9,340.08,131.0,20,113.6,19.8,,0.76,0
user_003868,26-35,Córdoba,Desktop,Premium,20,35,417.5,163.0,15,94.4,4.1,0.142,35.0,1
user_003869,26-35,Otros,Móvil,Basic,364,1,415.92,98.0,25,81.2,5.3,,0.08,0
user_003870,18-25,Buenos Aires,Móvil,Enterprise,214,47,239.82,175.0,29,70.3,9.3,,6.59,1
user_003871,18-25,Buenos Aires,Móvil,Free,254,35,480.86,12.0,4,,18.1,0.98,4.13,0
user_003872,26-35,Córdoba,Tablet,Basic,67,16,76.26,114.0,22,17.5,5.8,0.413,7.16,1
user_003873,18-25,Mendoza,Móvil,Basic,318,10,137.92,14.0,20,63.1,6.0,0.431,0.94,0
user_003874,26-35,Buenos Aires,Móvil,Free,213,18,65.05,15.0,25,51.9,4.2,0.363,2.54,1
user_003875,,Otros,Desktop,Free,194,16,374.07,115.0,13,23.2,4.5,0.028,2.47,1
user_003876,26-35,Otros,Móvil,Free,71,2,57.15,63.0,14,74.1,7.7,0.549,,1
user_003877,18-25,Buenos Aires,Móvil,Free,82,48,425.43,103.0,19,76.0,3.0,0.761,17.56,1
user_003878,18-25,Rosario,Desktop,Enterprise,87,27,476.59,34.0,25,8.2,17.0,,9.31,1
user_003879,26-35,Córdoba,Tablet,Basic,168,16,237.13,91.0,12,21.2,18.1,0.555,2.86,1
user_003880,18-25,Rosario,Desktop,Enterprise,185,19,131.43,146.0,18,68.2,7.8,0.883,3.08,1
user_003881,36-45,Buenos Aires,Móvil,Free,68,33,178.73,85.0,24,100.1,5.8,0.529,14.56,1
user_003882,26-35,Buenos Aires,Móvil,Free,287,43,435.82,138.0,24,49.7,16.8,0.118,,1
user_003883,46-55,Rosario,Desktop,Free,303,22,100.98,52.0,25,73.0,20.0,0.043,,0
user_003884,18-25,Otros,Móvil,Premium,192,46,338.66,57.0,25,7.3,11.7,0.527,7.19,1
user_003885,18-25,Córdoba,Móvil,Premium,356,37,79.74,176.0,27,,17.4,0.123,3.12,0
user_003886,26-35,La Plata,Desktop,Basic,357,2,304.92,124.0,9,116.6,15.4,0.348,0.17,0
user_003887,26-35,La Plata,Móvil,Enterprise,4,7,445.92,63.0,16,55.1,9.2,,7.0,0
user_003888,26-35,,Desktop,Basic,36,47,402.48,105.0,15,,7.0,0.915,39.17,0
user_003889,18-25,Córdoba,Desktop,Free,46,45,243.18,42.0,30,32.5,5.3,0.756,29.35,0
user_003890,36-45,Rosario,Móvil,Basic,268,2,169.97,103.0,24,39.2,16.3,0.109,0.22,1
user_003891,18-25,Buenos Aires,Móvil,Premium,230,25,264.0,59.0,4,114.0,15.8,0.444,3.26,1
user_003892,36-45,Rosario,Desktop,Free,10,22,407.07,160.0,2,70.4,9.9,0.007,22.0,0
user_003893,26-35,La Plata,Móvil,Free,17,16,367.15,55.0,14,30.7,1.9,0.218,16.0,1
user_003894,36-45,Buenos Aires,Móvil,Free,327,43,245.96,30.0,25,53.1,11.7,0.414,3.94,0
user_003895,18-25,Otros,Móvil,Premium,332,10,22.33,52.0,8,55.9,10.1,0.791,,0
user_003896,36-45,Buenos Aires,Móvil,Enterprise,248,22,398.82,106.0,27,37.3,18.2,0.99,2.66,1
user_003897,36-45,Mendoza,Móvil,Free,333,11,208.22,59.0,15,76.8,1.4,0.545,,0
user_003898,36-45,Rosario,Móvil,Free,34,7,156.12,170.0,11,57.4,15.0,0.89,6.18,0
user_003899,26-35,Córdoba,Móvil,Enterprise,158,43,398.18,67.0,28,9.2,14.0,0.038,,0
user_003900,18-25,Buenos Aires,Móvil,Premium,22,35,268.16,43.0,13,8.8,4.9,0.692,35.0,1
user_003901,56+,La Plata,Móvil,Premium,348,27,418.9,20.0,8,68.1,14.1,0.516,2.33,1
user_003902,26-35,Buenos Aires,Móvil,Premium,268,33,374.77,1.0,9,41.4,13.3,0.003,,1
user_003903,36-45,Mendoza,Móvil,Free,37,5,206.9,125.0,13,31.4,4.5,0.477,4.05,0
user_003904,36-45,Córdoba,Desktop,Free,78,14,463.66,121.0,20,16.6,14.3,0.636,5.38,0
user_003905,46-55,Buenos Aires,Móvil,Free,9,13,332.99,47.0,11,82.9,11.2,0.034,,0
user_003906,18-25,Córdoba,Móvil,Free,276,15,129.73,79.0,2,109.8,10.0,0.521,1.63,0
user_003907,18-25,Córdoba,Móvil,Enterprise,159,30,88.33,176.0,21,,10.7,,,0
user_003908,18-25,Rosario,Móvil,Basic,10,11,270.23,171.0,7,53.9,13.0,0.602,11.0,0
user_003909,26-35,Rosario,Móvil,Premium,89,3,390.78,39.0,30,115.2,4.5,0.448,,0
user_003910,18-25,Córdoba,Móvil,Basic,101,15,415.49,107.0,18,62.5,3.8,0.946,4.46,0
user_003911,,Buenos Aires,Móvil,Basic,276,6,431.31,21.0,10,52.4,17.9,0.831,0.65,1
user_003912,26-35,Buenos Aires,Desktop,Basic,284,1,41.61,147.0,8,46.9,1.7,,,0
user_003913,,La Plata,Móvil,Enterprise,5,16,154.48,26.0,28,103.8,1.7,0.562,16.0,0
user_003914,18-25,Córdoba,Móvil,Free,151,11,114.89,114.0,17,77.9,11.6,0.703,2.19,1
user_003915,56+,La Plata,Móvil,Basic,120,26,22.41,106.0,24,,17.6,,6.5,0
user_003916,18-25,Buenos Aires,Móvil,Premium,38,3,219.06,121.0,9,9.9,8.8,0.549,2.37,1
user_003917,26-35,La Plata,Móvil,Premium,36,43,130.83,95.0,13,93.9,18.2,0.507,35.83,0
user_003918,26-35,Córdoba,Móvil,Basic,184,33,187.47,35.0,22,73.5,19.3,0.505,5.38,0
user_003919,18-25,Otros,Tablet,Basic,154,44,104.01,74.0,9,65.4,11.7,0.166,8.57,1
user_003920,46-55,Córdoba,Móvil,Free,48,20,12.13,89.0,26,101.8,10.4,,12.5,0
user_003921,56+,La Plata,Móvil,Free,304,37,282.14,18.0,29,,3.1,0.003,3.65,1
user_003922,26-35,Córdoba,Desktop,Basic,246,0,119.17,999.0,25,61.4,16.6,0.957,,1
user_003923,26-35,Buenos Aires,Desktop,Basic,210,35,469.53,131.0,23,45.7,7.1,0.12,5.0,0
user_003924,26-35,La Plata,Desktop,Basic,97,0,434.65,999.0,27,87.3,10.5,0.625,,1
user_003925,36-45,Buenos Aires,Desktop,Free,260,43,240.76,93.0,18,35.6,7.8,,4.96,0
user_003926,,Córdoba,Móvil,Free,159,24,113.97,38.0,17,,1.2,0.907,4.53,1
user_003927,36-45,Mendoza,Desktop,Free,112,21,495.46,122.0,6,63.3,12.9,,5.62,1
user_003928,18-25,Rosario,Móvil,Free,220,27,464.77,29.0,13,,16.3,0.861,3.68,1
user_003929,26-35,Otros,Móvil,Basic,28,44,90.62,74.0,22,45.6,12.4,0.702,,1
user_003930,36-45,Buenos Aires,Móvil,Basic,319,24,434.74,115.0,10,55.5,17.1,0.362,2.26,1
user_003931,46-55,Córdoba,Móvil,Premium,164,11,214.78,95.0,6,29.0,11.0,0.157,,1
user_003932,26-35,Mendoza,Tablet,Basic,43,24,365.71,139.0,22,94.0,18.8,,16.74,0
user_003933,36-45,Mendoza,Móvil,Free,306,6,151.67,5.0,6,50.9,5.2,0.306,0.59,0
user_003934,26-35,Buenos Aires,Desktop,Free,138,36,441.12,115.0,19,7.7,4.1,,,1
user_003935,26-35,Buenos Aires,Desktop,Free,55,13,472.44,17.0,21,20.4,16.0,0.275,7.09,0
user_003936,26-35,La Plata,Desktop,Basic,0,2,242.98,87.0,12,,17.2,0.756,2.0,1
user_003937,18-25,Buenos Aires,Móvil,Free,117,26,180.74,134.0,6,53.6,2.4,0.681,,1
user_003938,56+,Buenos Aires,Móvil,Free,310,29,246.81,97.0,15,73.1,16.3,0.656,2.81,0
user_003939,26-35,Buenos Aires,Tablet,Free,36,38,197.68,55.0,14,10.5,9.0,0.314,31.67,0
user_003940,36-45,Buenos Aires,Móvil,Premium,134,19,173.9,171.0,0,110.8,11.2,0.625,,1
user_003941,26-35,Buenos Aires,Móvil,Premium,13,8,194.76,150.0,14,49.0,6.3,0.121,8.0,1
user_003942,26-35,Córdoba,Desktop,Basic,20,32,306.12,149.0,12,72.7,1.2,0.766,32.0,1
user_003943,26-35,Rosario,Móvil,Enterprise,100,7,274.22,61.0,10,70.5,15.2,0.899,2.1,0
user_003944,36-45,Rosario,Desktop,Free,219,17,101.27,13.0,14,17.4,6.7,,2.33,1
user_003945,26-35,Córdoba,Móvil,Free,288,29,415.34,41.0,17,57.6,18.2,0.456,3.02,0
user_003946,,Buenos Aires,Móvil,Free,319,0,127.22,999.0,17,,11.6,0.882,0.0,1
user_003947,26-35,Córdoba,Móvil,Basic,249,43,452.99,143.0,20,78.0,11.2,0.48,5.18,0
user_003948,46-55,Córdoba,Móvil,Free,365,41,339.45,55.0,26,96.5,12.9,0.985,,0
user_003949,56+,Córdoba,Desktop,Enterprise,164,30,348.89,77.0,24,81.5,8.5,,5.49,0
user_003950,46-55,Buenos Aires,Móvil,Basic,120,46,225.42,135.0,13,9.3,18.1,,11.5,1
user_003951,,Mendoza,Móvil,Free,78,12,79.78,104.0,4,37.1,16.6,0.516,4.62,1
user_003952,18-25,Buenos Aires,Móvil,Premium,210,17,287.84,115.0,0,93.6,5.3,,2.43,1
user_003953,46-55,Otros,Desktop,Free,238,8,63.38,119.0,12,21.3,18.2,0.652,,1
user_003954,36-45,La Plata,Desktop,Premium,326,32,90.12,2.0,29,3.8,13.8,,,1
user_003955,26-35,La Plata,Móvil,Free,356,22,205.7,109.0,19,50.8,1.7,0.927,,1
user_003956,18-25,Buenos Aires,Móvil,Premium,58,8,405.01,3.0,30,33.4,19.1,0.928,4.14,0
user_003957,26-35,Córdoba,Móvil,Premium,39,29,217.35,106.0,27,,16.4,0.48,22.31,0
user_003958,36-45,Buenos Aires,Móvil,Free,73,21,223.59,157.0,9,108.6,1.4,,8.63,1
user_003959,46-55,Córdoba,Tablet,Free,234,45,337.56,44.0,28,,16.8,0.715,5.77,1
user_003960,,Córdoba,Móvil,Free,179,34,160.39,162.0,20,112.6,19.8,0.888,,1
user_003961,18-25,Córdoba,Desktop,Free,23,40,499.59,94.0,22,107.3,7.9,0.429,,1
user_003962,18-25,Rosario,Móvil,Premium,333,34,147.42,105.0,14,,9.3,0.303,3.06,0
user_003963,,Rosario,Desktop,Basic,339,11,355.63,130.0,28,72.6,18.0,0.68,0.97,0
user_003964,56+,Buenos Aires,Desktop,Free,195,11,178.0,110.0,4,99.7,11.1,0.863,1.69,0
user_003965,,Rosario,Móvil,Premium,34,15,393.26,129.0,9,116.3,9.6,0.333,,1
user_003966,26-35,Mendoza,Desktop,Basic,328,17,313.03,128.0,27,88.5,1.4,0.699,1.55,0
user_003967,46-55,Buenos Aires,Móvil,Premium,91,42,467.55,68.0,13,85.8,2.5,0.059,13.85,0
user_003968,,Rosario,Móvil,Free,50,50,363.79,151.0,14,27.0,9.4,0.328,30.0,0
user_003969,26-35,Buenos Aires,Móvil,Free,365,48,302.01,64.0,8,107.2,15.4,0.547,3.95,0
user_003970,26-35,Rosario,Móvil,Enterprise,13,49,456.4,53.0,3,69.4,18.7,0.048,49.0,1
user_003971,36-45,Buenos Aires,Desktop,Free,124,12,295.1,9.0,7,91.3,13.0,0.764,2.9,1
user_003972,56+,Mendoza,Móvil,Free,258,1,447.87,174.0,11,92.5,8.0,0.346,,1
user_003973,46-55,La Plata,Móvil,Basic,170,24,400.36,113.0,17,83.3,16.9,0.81,4.24,0
user_003974,26-35,Rosario,Móvil,Free,61,37,344.2,20.0,17,61.0,7.7,0.445,18.2,1
user_003975,36-45,Buenos Aires,Desktop,Premium,140,0,342.64,999.0,18,41.5,4.4,,0.0,0
user_003976,26-35,Córdoba,Móvil,Basic,105,4,284.82,143.0,13,97.8,13.0,,1.14,0
user_003977,36-45,Córdoba,Desktop,Basic,17,1,417.96,74.0,10,104.4,4.0,0.319,,0
user_003978,36-45,Buenos Aires,Móvil,Free,172,6,470.25,163.0,16,54.2,10.9,,,1
user_003979,46-55,,Móvil,Free,338,31,177.29,169.0,29,16.1,5.8,0.793,2.75,0
user_003980,56+,La Plata,Tablet,Free,66,1,320.07,66.0,29,64.4,10.1,0.495,0.45,0
user_003981,18-25,Buenos Aires,Desktop,Free,51,49,141.77,174.0,15,29.0,2.9,0.484,28.82,0
user_003982,36-45,Mendoza,Móvil,Free,88,3,381.07,101.0,15,109.3,12.6,,1.02,0
user_003983,36-45,Rosario,Desktop,Premium,329,27,50.45,163.0,24,117.8,8.9,0.42,2.46,0
user_003984,18-25,Buenos Aires,Desktop,Free,118,11,227.05,107.0,11,17.1,14.3,0.025,,1
user_003985,18-25,Rosario,Desktop,Premium,239,0,329.2,999.0,2,88.6,2.5,0.866,0.0,0
user_003986,18-25,Buenos Aires,Tablet,Premium,252,3,421.17,126.0,9,9.3,15.0,,0.36,0
user_003987,36-45,,Móvil,Free,1,18,82.7,169.0,7,12.5,10.3,0.212,18.0,1
user_003988,26-35,Mendoza,Tablet,Basic,212,2,196.58,100.0,1,52.2,19.2,0.237,0.28,1
user_003989,36-45,La Plata,Móvil,Free,133,34,67.76,15.0,14,20.2,12.6,0.504,7.67,0
user_003990,26-35,La Plata,Desktop,Premium,234,46,61.32,24.0,14,,7.6,0.391,5.9,1
user_003991,36-45,Rosario,Desktop,Basic,127,23,232.73,93.0,14,71.5,17.8,0.806,5.43,0
user_003992,26-35,Córdoba,Desktop,Basic,250,48,366.68,71.0,24,59.2,12.5,0.083,,1
user_003993,46-55,Mendoza,Desktop,Basic,355,40,116.55,123.0,16,,14.6,0.402,3.38,0
user_003994,26-35,Buenos Aires,Móvil,Free,282,13,104.86,54.0,0,,16.5,0.174,1.38,0
user_003995,46-55,Buenos Aires,Móvil,Enterprise,128,29,181.26,67.0,14,,16.4,0.776,,1
user_003996,46-55,Mendoza,Móvil,Basic,143,33,78.36,20.0,3,57.1,16.6,,,0
user_003997,26-35,Buenos Aires,Desktop,Basic,41,5,242.6,44.0,12,114.8,14.0,0.866,3.66,1
user_003998,46-55,Buenos Aires,Tablet,Premium,87,35,467.28,163.0,20,2.5,17.9,0.516,,1
user_003999,46-55,Buenos Aires,Móvil,Free,146,1,158.27,179.0,28,28.6,8.6,0.319,0.21,0
user_004000,56+,Buenos Aires,Móvil,Basic,128,44,208.29,27.0,0,68.2,18.1,0.965,10.31,1
user_004001,46-55,Otros,Tablet,Enterprise,28,23,73.06,85.0,4,,10.2,,23.0,1
user_004002,18-25,Buenos Aires,Desktop,Premium,134,34,211.1,165.0,13,33.6,19.8,,7.61,0
user_004003,26-35,La Plata,Móvil,Basic,314,19,219.59,145.0,10,23.8,9.9,0.977,1.82,1
user_004004,18-25,Córdoba,Tablet,Basic,190,36,323.64,125.0,22,58.4,15.3,0.681,5.68,1
user_004005,26-35,Córdoba,Tablet,Free,72,46,88.93,171.0,20,30.6,10.1,,19.17,0
user_004006,26-35,Mendoza,Desktop,Free,314,41,483.46,173.0,14,95.7,16.4,,3.92,1
user_004007,36-45,Otros,Desktop,Basic,316,14,79.01,14.0,20,37.5,18.3,0.151,1.33,0
user_004008,26-35,Mendoza,Móvil,Enterprise,63,38,488.57,88.0,21,82.5,17.3,0.23,18.1,1
user_004009,46-55,Buenos Aires,Móvil,Premium,107,43,410.0,174.0,29,108.3,1.3,0.185,12.06,0
user_004010,18-25,Mendoza,Desktop,Free,105,42,415.89,49.0,0,116.5,11.9,0.058,12.0,0
user_004011,,Buenos Aires,Tablet,Free,323,36,110.37,63.0,10,52.8,2.2,0.996,3.34,1
user_004012,26-35,Rosario,Tablet,Enterprise,98,15,149.34,37.0,9,108.4,6.0,0.704,4.59,1
user_004013,26-35,Buenos Aires,,Premium,128,15,20.09,104.0,9,60.5,3.5,,3.52,1
user_004014,26-35,Buenos Aires,Móvil,Basic,294,38,362.42,163.0,5,,7.4,0.421,3.88,1
user_004015,36-45,Rosario,Móvil,Free,279,33,396.91,96.0,4,53.1,18.2,0.223,3.55,0
user_004016,26-35,Buenos Aires,Desktop,Enterprise,270,35,456.65,100.0,12,27.5,1.1,0.797,3.89,1
user_004017,26-35,La Plata,Móvil,Premium,47,29,218.41,46.0,27,92.5,6.8,0.845,18.51,0
user_004018,36-45,,Desktop,Basic,160,11,42.6,94.0,2,55.9,5.7,,2.06,0
user_004019,36-45,Buenos Aires,Móvil,Basic,292,45,316.83,83.0,0,75.4,7.7,0.885,,0
user_004020,36-45,Mendoza,Tablet,Basic,232,26,163.08,117.0,16,36.5,5.3,0.666,3.36,0
user_004021,18-25,Córdoba,Móvil,Premium,305,12,181.57,73.0,17,22.0,18.4,0.781,1.18,1
user_004022,26-35,Buenos Aires,Tablet,Premium,234,34,68.16,3.0,21,23.5,7.9,0.248,4.36,1
user_004023,26-35,Mendoza,Móvil,Basic,310,16,58.37,165.0,24,69.9,3.1,0.654,1.55,1
user_004024,36-45,Córdoba,Móvil,Basic,216,43,444.52,161.0,5,99.6,10.6,0.652,5.97,0
user_004025,36-45,Buenos Aires,Tablet,Premium,205,43,58.54,117.0,15,9.7,17.8,0.98,,0
user_004026,18-25,Buenos Aires,Desktop,Enterprise,8,12,415.52,154.0,0,100.1,2.8,0.451,12.0,1
user_004027,26-35,Otros,Móvil,Premium,227,0,331.94,999.0,0,95.4,19.4,,0.0,1
user_004028,36-45,,Desktop,Premium,61,16,415.78,154.0,19,91.9,7.2,0.749,7.87,1
user_004029,18-25,Rosario,Móvil,Free,349,8,412.5,163.0,10,67.1,19.4,,0.69,1
user_004030,26-35,La Plata,Móvil,Free,279,26,31.44,3.0,17,2.0,12.0,,,0
user_004031,46-55,Mendoza,Móvil,Free,304,15,10.02,85.0,29,24.2,11.2,,1.48,0
user_004032,46-55,Mendoza,Desktop,Premium,162,41,425.04,39.0,1,109.1,20.0,,7.59,0
user_004033,18-25,La Plata,Móvil,Premium,329,36,371.59,42.0,6,104.9,12.2,0.378,,1
user_004034,26-35,Buenos Aires,Móvil,,34,44,43.2,148.0,17,8.1,1.0,0.779,38.82,1
user_004035,26-35,Buenos Aires,Desktop,Premium,301,44,301.23,39.0,21,67.5,5.1,0.538,4.39,0
user_004036,26-35,Buenos Aires,Desktop,Free,244,37,387.97,163.0,26,65.3,13.3,,,0
user_004037,26-35,Buenos Aires,Desktop,Premium,200,47,122.55,61.0,11,44.2,11.0,0.348,,0
user_004038,46-55,Rosario,Móvil,Basic,289,41,262.66,155.0,3,106.6,2.6,,4.26,0
user_004039,26-35,Otros,Móvil,Free,186,44,321.76,150.0,13,11.3,14.7,0.601,,0
user_004040,56+,La Plata,Desktop,Premium,336,19,41.6,119.0,18,40.0,13.5,0.652,,0
user_004041,26-35,,Móvil,Basic,270,44,56.98,84.0,27,32.3,11.3,0.81,4.89,0
user_004042,56+,Otros,Móvil,Free,78,17,175.22,132.0,9,64.8,10.2,,6.54,0
user_004043,46-55,Rosario,Móvil,Free,344,49,263.21,101.0,11,88.5,17.0,0.98,4.27,1
user_004044,36-45,Otros,Desktop,Basic,113,42,21.03,116.0,25,3.5,11.8,0.498,11.15,0
user_004045,56+,Rosario,Tablet,Basic,258,43,81.96,157.0,4,40.3,19.9,0.905,5.0,1
user_004046,46-55,Córdoba,Móvil,Basic,174,17,217.93,153.0,23,2.6,3.0,0.695,2.93,0
user_004047,18-25,Mendoza,Móvil,Free,78,45,101.74,158.0,20,117.8,6.4,0.483,17.31,1
user_004048,18-25,Otros,Móvil,Basic,346,2,202.64,166.0,14,108.6,6.9,0.269,,0
user_004049,18-25,Otros,Desktop,,148,31,449.79,73.0,17,58.0,6.5,0.386,,0
user_004050,56+,,Móvil,Free,338,34,305.58,158.0,3,103.2,13.8,0.037,3.02,0
user_004051,46-55,Buenos Aires,Desktop,Free,12,49,340.67,129.0,0,98.6,17.9,0.135,49.0,0
user_004052,18-25,Buenos Aires,Móvil,Premium,18,30,439.06,116.0,7,26.6,15.8,0.433,30.0,1
user_004053,46-55,Mendoza,Tablet,Premium,81,24,178.67,115.0,11,87.6,7.6,0.332,8.89,0
user_004054,36-45,Otros,Desktop,Free,154,46,478.68,98.0,8,118.3,10.5,0.525,,0
user_004055,26-35,La Plata,Móvil,Free,29,2,35.12,44.0,10,42.9,8.7,0.265,,1
user_004056,,Córdoba,Móvil,Free,238,16,321.36,130.0,9,35.3,1.1,0.818,2.02,1
user_004057,36-45,Córdoba,Móvil,Premium,13,13,384.92,123.0,1,51.9,18.3,0.649,13.0,1
user_004058,,Rosario,Desktop,Free,332,41,226.03,93.0,20,74.4,7.2,0.279,3.7,1
user_004059,36-45,Otros,Desktop,Free,274,41,84.36,19.0,19,80.5,9.7,0.962,4.49,1
user_004060,36-45,Buenos Aires,Móvil,Free,129,44,194.94,178.0,25,55.8,18.9,0.194,10.23,1
user_004061,46-55,Córdoba,Tablet,Premium,339,33,172.6,39.0,14,12.8,5.9,,,1
user_004062,46-55,Córdoba,Tablet,Free,72,40,159.83,122.0,12,,10.8,0.582,16.67,0
user_004063,26-35,Córdoba,Desktop,Premium,107,33,336.0,117.0,12,37.5,14.8,,9.25,1
user_004064,36-45,Buenos Aires,Desktop,Basic,337,20,89.66,17.0,28,,16.9,,1.78,0
user_004065,46-55,La Plata,Móvil,Free,38,26,19.72,81.0,22,101.7,6.7,0.14,20.53,1
user_004066,56+,Córdoba,Tablet,Premium,44,39,190.0,113.0,13,,8.1,0.871,26.59,1
user_004067,36-45,Córdoba,Móvil,Free,317,33,128.47,,3,94.0,14.2,0.242,3.12,0
user_004068,56+,Buenos Aires,Desktop,Premium,68,16,170.61,44.0,6,22.0,8.0,0.516,7.06,1
user_004069,26-35,Buenos Aires,Móvil,Premium,273,49,197.77,45.0,25,84.2,6.1,0.208,,1
user_004070,56+,Buenos Aires,Móvil,Premium,313,12,75.56,179.0,1,19.3,2.9,0.256,1.15,0
user_004071,18-25,Mendoza,Móvil,Free,348,49,319.35,124.0,12,28.7,6.6,0.208,4.22,0
user_004072,36-45,Buenos Aires,Desktop,Enterprise,222,47,193.93,53.0,7,87.2,8.6,,6.35,1
user_004073,36-45,Rosario,Móvil,Premium,159,2,407.65,84.0,4,12.3,14.7,0.876,,1
user_004074,36-45,Otros,Móvil,Free,228,6,242.68,166.0,6,80.6,18.5,0.366,0.79,1
user_004075,36-45,Mendoza,Móvil,Free,231,24,35.13,36.0,26,87.0,5.7,0.287,3.12,0
user_004076,18-25,Buenos Aires,Móvil,Free,125,46,467.07,60.0,1,91.9,18.0,,11.04,0
user_004077,36-45,Buenos Aires,Móvil,Basic,250,38,76.25,93.0,27,76.5,4.7,0.052,,1
user_004078,18-25,Córdoba,Móvil,Premium,114,42,120.48,85.0,11,114.1,8.6,0.509,11.05,0
user_004079,36-45,Córdoba,Móvil,Free,63,13,310.14,112.0,9,64.1,8.4,,,0
user_004080,46-55,Mendoza,Móvil,Enterprise,343,12,454.65,0.0,14,75.2,15.0,0.126,1.05,1
user_004081,26-35,Rosario,Móvil,Free,43,29,443.39,94.0,0,,16.3,0.016,20.23,0
user_004082,36-45,Córdoba,Desktop,Basic,154,48,309.85,9.0,20,48.3,11.2,0.397,9.35,0
user_004083,26-35,Mendoza,Desktop,Free,63,12,92.93,46.0,1,31.0,1.3,0.399,5.71,0
user_004084,18-25,Buenos Aires,Móvil,Basic,12,36,239.97,25.0,23,101.9,8.3,0.242,36.0,1
user_004085,18-25,Rosario,Desktop,Premium,63,45,82.02,12.0,26,19.3,8.6,0.134,21.43,0
user_004086,26-35,Rosario,Desktop,Premium,292,48,69.1,0.0,22,92.8,13.1,0.93,4.93,1
user_004087,18-25,Buenos Aires,Móvil,Free,213,15,20.96,59.0,22,16.6,14.3,0.015,,0
user_004088,18-25,Córdoba,Tablet,Free,316,42,339.32,67.0,21,29.1,2.2,0.586,3.99,0
user_004089,36-45,,Móvil,Free,115,10,306.04,97.0,3,76.7,10.2,0.411,,0
user_004090,,Mendoza,Móvil,Basic,64,31,401.92,73.0,1,108.1,11.2,0.967,14.53,0
user_004091,46-55,Córdoba,Tablet,Free,60,4,453.5,0.0,17,23.5,13.2,,2.0,0
user_004092,26-35,La Plata,Móvil,Free,338,31,474.72,31.0,23,116.4,9.0,0.84,2.75,0
user_004093,26-35,Córdoba,Tablet,Premium,282,27,101.64,37.0,9,39.2,12.4,0.545,2.87,1
user_004094,36-45,La Plata,Móvil,Premium,125,11,348.69,49.0,30,60.8,2.2,,2.64,0
user_004095,18-25,Buenos Aires,Móvil,Basic,61,14,106.43,21.0,6,60.5,18.6,0.177,6.89,0
user_004096,26-35,Rosario,Móvil,Free,282,43,23.43,148.0,27,84.9,18.5,0.818,,1
user_004097,,Rosario,Tablet,Free,344,10,162.63,41.0,5,71.2,3.9,,0.87,0
user_004098,26-35,Buenos Aires,Desktop,Basic,167,14,291.89,58.0,28,105.1,13.2,,2.51,1
user_004099,56+,Rosario,Desktop,Free,153,41,477.68,71.0,3,42.9,4.7,,8.04,1
user_004100,,Córdoba,Móvil,Premium,246,23,396.0,20.0,23,108.8,18.6,0.022,,1
user_004101,46-55,Rosario,Desktop,Free,241,30,187.09,88.0,1,61.5,19.8,0.345,3.73,0
user_004102,18-25,Buenos Aires,Desktop,Free,121,0,246.21,999.0,17,51.1,17.9,0.558,0.0,0
user_004103,46-55,Córdoba,Móvil,Basic,57,18,238.53,161.0,24,42.7,15.1,0.098,9.47,0
user_004104,26-35,Córdoba,Desktop,Premium,85,2,282.44,97.0,18,17.2,16.9,,0.71,1
user_004105,18-25,Buenos Aires,Desktop,Basic,27,23,403.4,162.0,21,85.1,18.0,0.103,23.0,0
user_004106,36-45,Buenos Aires,Desktop,Free,309,47,211.14,167.0,9,117.4,3.7,0.66,,0
user_004107,26-35,Rosario,Móvil,Basic,137,36,415.43,12.0,23,,8.6,0.484,7.88,0
user_004108,26-35,La Plata,Móvil,Free,238,49,169.21,50.0,22,19.6,9.2,0.271,6.18,0
user_004109,18-25,Córdoba,,Enterprise,250,19,435.55,178.0,21,108.8,17.0,0.995,,1
user_004110,26-35,Buenos Aires,Desktop,Premium,259,12,399.49,11.0,19,8.7,13.8,,,1
user_004111,26-35,Otros,Desktop,Premium,92,23,127.98,19.0,23,118.5,4.1,,7.5,1
user_004112,26-35,Córdoba,Móvil,Basic,160,27,224.78,160.0,21,46.4,6.4,0.506,5.06,1
user_004113,56+,Buenos Aires,Móvil,Basic,44,1,235.5,20.0,23,5.7,2.3,0.037,0.68,1
user_004114,26-35,La Plata,Móvil,Premium,296,23,201.95,163.0,9,113.2,3.0,,2.33,0
user_004115,26-35,Rosario,Móvil,Free,119,37,44.09,13.0,21,116.3,14.7,0.439,9.33,0
user_004116,18-25,Buenos Aires,Desktop,Free,8,36,94.76,7.0,9,68.6,5.0,0.713,36.0,0
user_004117,26-35,La Plata,Móvil,Free,153,29,29.65,70.0,21,116.2,2.4,0.801,5.69,0
user_004118,46-55,Buenos Aires,Móvil,Basic,176,29,279.32,9.0,12,50.4,15.6,,4.94,1
user_004119,36-45,Buenos Aires,Móvil,Free,182,4,172.74,5.0,18,42.8,6.1,0.132,0.66,1
user_004120,26-35,Rosario,Móvil,Premium,131,34,200.26,26.0,30,40.9,3.2,0.907,7.79,0
user_004121,18-25,Mendoza,Desktop,Free,143,48,191.19,49.0,8,14.3,8.5,0.647,10.07,1
user_004122,56+,Buenos Aires,Móvil,Basic,150,31,101.52,81.0,11,26.6,17.1,0.036,6.2,1
user_004123,26-35,Buenos Aires,Móvil,Basic,263,20,369.49,139.0,20,118.6,7.1,,2.28,1
user_004124,26-35,Buenos Aires,Móvil,Premium,275,2,372.45,109.0,21,71.6,7.0,0.945,,0
user_004125,26-35,Buenos Aires,Móvil,Premium,245,47,330.9,147.0,7,94.1,16.8,0.591,5.76,0
user_004126,56+,Mendoza,Móvil,Free,315,38,309.47,129.0,3,20.6,14.7,0.624,3.62,0
user_004127,18-25,Mendoza,Móvil,Premium,3,50,325.01,132.0,16,54.2,18.1,,50.0,1
user_004128,36-45,La Plata,,Free,194,22,139.7,49.0,9,85.2,16.6,0.149,3.4,0
user_004129,26-35,Buenos Aires,Móvil,Premium,147,27,316.42,100.0,26,53.0,6.3,,5.51,0
user_004130,,Buenos Aires,Desktop,Basic,323,46,76.48,119.0,4,,4.6,0.736,4.27,1
user_004131,26-35,,Móvil,Free,113,29,258.72,2.0,15,1.4,14.1,0.135,7.7,0
user_004132,36-45,Mendoza,Desktop,Free,338,44,432.01,56.0,6,89.3,2.8,0.355,3.91,0
user_004133,18-25,Rosario,Desktop,Premium,70,24,51.11,99.0,20,20.5,2.6,0.826,,1
user_004134,36-45,Otros,Desktop,Basic,288,24,325.76,102.0,1,105.9,11.7,0.863,2.5,0
user_004135,26-35,Buenos Aires,Móvil,Enterprise,65,35,142.73,172.0,7,,15.1,,16.15,0
user_004136,,Otros,Móvil,Basic,30,48,211.87,135.0,13,28.2,16.3,0.219,48.0,0
user_004137,36-45,Otros,Móvil,Free,67,25,324.96,126.0,13,2.0,14.6,0.354,11.19,0
user_004138,36-45,Rosario,Móvil,Premium,96,43,308.12,140.0,6,6.1,12.9,,13.44,1
user_004139,36-45,Rosario,Móvil,Free,341,23,446.66,75.0,9,96.2,12.1,0.749,2.02,0
user_004140,46-55,Buenos Aires,Móvil,Free,331,23,16.3,46.0,19,76.6,19.1,0.61,2.08,1
user_004141,26-35,Buenos Aires,Móvil,Basic,344,7,373.57,79.0,19,105.4,5.0,,0.61,1
user_004142,36-45,Buenos Aires,Desktop,Free,231,28,146.75,178.0,2,116.9,15.6,0.435,3.64,1
user_004143,26-35,Otros,Tablet,Premium,195,17,102.25,126.0,10,77.4,4.8,,2.62,1
user_004144,46-55,Córdoba,Tablet,Premium,195,11,314.19,13.0,22,65.1,16.6,,1.69,1
user_004145,56+,Buenos Aires,Móvil,Free,264,27,226.63,92.0,28,48.1,19.1,,3.07,1
user_004146,56+,La Plata,Móvil,,199,31,149.38,153.0,29,,1.0,0.105,4.67,0
user_004147,26-35,Buenos Aires,Desktop,Free,336,31,274.49,0.0,3,1.4,13.0,0.802,2.77,0
user_004148,36-45,La Plata,Móvil,Free,363,49,208.46,152.0,21,74.1,12.0,,,1
user_004149,36-45,La Plata,Móvil,Premium,5,25,51.34,4.0,15,105.7,6.0,0.266,25.0,0
user_004150,18-25,Buenos Aires,Móvil,Premium,59,45,447.03,102.0,22,9.9,19.2,,22.88,1
user_004151,18-25,Córdoba,Desktop,Basic,12,27,61.28,87.0,8,93.9,16.0,0.947,27.0,0
user_004152,,Buenos Aires,Desktop,Basic,279,19,427.2,105.0,11,,12.1,0.903,2.04,0
user_004153,36-45,Buenos Aires,Móvil,Premium,3,16,438.04,159.0,18,107.8,17.1,0.669,16.0,1
user_004154,56+,Córdoba,Desktop,Enterprise,135,34,30.9,59.0,17,36.0,9.4,0.084,7.56,0
user_004155,26-35,Buenos Aires,Desktop,Premium,38,42,341.17,112.0,28,28.6,15.7,0.646,33.16,0
user_004156,,Buenos Aires,Móvil,Free,48,49,371.7,154.0,9,53.7,15.3,,,1
user_004157,36-45,Buenos Aires,Móvil,Free,254,18,466.92,42.0,20,59.0,18.8,0.342,2.13,0
user_004158,26-35,Mendoza,Desktop,Free,262,50,488.49,40.0,3,90.9,9.1,0.403,5.73,1
user_004159,46-55,Otros,Móvil,Free,363,24,473.26,109.0,27,38.8,17.8,0.446,1.98,0
user_004160,18-25,,Desktop,Premium,19,23,280.66,147.0,6,67.3,7.3,,23.0,0
user_004161,36-45,Buenos Aires,Móvil,Free,344,44,123.96,147.0,17,48.5,11.0,0.905,3.84,0
user_004162,26-35,Otros,Móvil,Premium,236,33,68.7,65.0,9,73.3,8.4,0.044,,1
user_004163,36-45,Mendoza,Tablet,Free,56,35,357.74,57.0,27,10.1,13.6,0.201,18.75,0
user_004164,18-25,La Plata,Desktop,Free,120,2,400.01,180.0,16,83.8,10.8,0.944,0.5,0
user_004165,26-35,Córdoba,Desktop,Premium,327,15,465.65,70.0,25,38.9,4.4,0.528,1.38,0
user_004166,56+,Mendoza,Móvil,Premium,57,32,112.28,127.0,17,63.0,6.8,,16.84,1
user_004167,26-35,La Plata,Móvil,Premium,3,19,118.96,34.0,1,98.7,12.3,,19.0,0
user_004168,36-45,La Plata,Móvil,Basic,335,28,434.91,85.0,0,5.1,7.1,0.972,,1
user_004169,26-35,Otros,Desktop,Premium,202,24,359.36,166.0,7,47.7,9.6,,3.56,1
user_004170,18-25,Buenos Aires,Móvil,Free,166,22,384.6,23.0,26,,5.3,0.616,3.98,0
user_004171,26-35,Buenos Aires,Móvil,Premium,142,50,399.77,40.0,30,,13.4,0.417,10.56,1
user_004172,26-35,Córdoba,Móvil,Basic,86,23,374.84,121.0,6,8.2,8.3,0.26,8.02,1
user_004173,18-25,Córdoba,Móvil,Free,165,24,160.22,15.0,1,99.2,12.2,0.327,,0
user_004174,36-45,Buenos Aires,Desktop,Free,19,38,330.84,109.0,26,16.0,10.9,0.626,38.0,1
user_004175,26-35,Córdoba,Móvil,Free,80,14,155.85,120.0,24,15.4,7.5,0.886,5.25,0
user_004176,26-35,La Plata,Desktop,Basic,134,50,90.06,91.0,25,97.8,15.7,0.964,11.19,1
user_004177,36-45,Otros,Móvil,Free,273,11,232.59,64.0,10,81.2,5.9,0.234,,1
user_004178,36-45,Otros,Desktop,Enterprise,209,15,306.48,92.0,19,,5.5,0.657,2.15,0
user_004179,56+,Buenos Aires,Móvil,Basic,44,28,26.48,65.0,28,31.9,17.4,0.358,19.09,0
user_004180,36-45,Rosario,Tablet,Premium,3,0,43.35,999.0,17,87.7,9.9,0.773,,1
user_004181,18-25,Córdoba,Móvil,Free,55,34,172.27,37.0,27,104.6,9.6,0.851,,0
user_004182,46-55,Córdoba,Móvil,Enterprise,185,49,140.59,6.0,4,98.9,12.8,0.662,,1
user_004183,36-45,Buenos Aires,Desktop,Free,243,17,39.74,157.0,28,,5.9,0.888,2.1,0
user_004184,26-35,Córdoba,Móvil,Premium,362,40,313.85,142.0,20,,11.2,,3.31,0
user_004185,46-55,La Plata,Tablet,Free,263,10,160.6,119.0,3,14.3,9.5,0.456,1.14,1
user_004186,46-55,Córdoba,Móvil,Basic,120,25,86.86,,6,46.0,10.0,,6.25,0
user_004187,36-45,Buenos Aires,Móvil,Basic,95,13,453.84,145.0,22,101.4,8.6,,4.11,0
user_004188,26-35,Buenos Aires,Desktop,Free,304,46,277.31,147.0,20,88.1,10.1,0.923,4.54,0
user_004189,56+,Buenos Aires,Móvil,Free,277,36,487.09,161.0,5,,10.4,0.652,3.9,0
user_004190,26-35,Buenos Aires,Desktop,Free,83,28,55.08,68.0,16,80.2,7.8,0.61,10.12,0
user_004191,26-35,Córdoba,Móvil,Enterprise,195,9,302.85,14.0,0,94.4,4.6,0.758,1.38,0
user_004192,46-55,Buenos Aires,Móvil,Free,251,18,244.38,24.0,30,8.8,17.6,0.518,2.15,1
user_004193,46-55,Otros,Móvil,Premium,270,21,51.28,23.0,25,72.8,1.0,0.823,2.33,0
user_004194,26-35,Rosario,Tablet,Basic,143,7,112.67,100.0,28,,6.9,0.554,1.47,1
user_004195,26-35,Buenos Aires,Móvil,Enterprise,267,14,480.89,62.0,7,83.6,15.0,0.724,1.57,1
user_004196,46-55,Buenos Aires,Móvil,Free,276,19,352.07,115.0,10,92.5,12.3,0.292,2.07,1
user_004197,,Córdoba,Móvil,Premium,64,28,240.9,59.0,3,84.6,10.1,0.36,13.12,1
user_004198,36-45,Buenos Aires,Móvil,Free,93,4,450.5,55.0,10,,8.4,0.914,1.29,0
user_004199,46-55,La Plata,Desktop,Basic,267,14,224.1,110.0,7,50.9,17.2,0.3,1.57,1
user_004200,26-35,Buenos Aires,Móvil,Premium,23,1,334.23,49.0,24,16.7,8.8,0.448,,1
user_004201,36-45,Rosario,Móvil,Premium,267,1,144.63,148.0,9,18.5,12.6,0.14,0.11,1
user_004202,18-25,La Plata,Móvil,Free,326,13,324.73,161.0,10,7.0,12.4,0.483,1.2,1
user_004203,18-25,Rosario,Móvil,Basic,279,7,56.26,4.0,6,61.9,14.7,0.615,0.75,1
user_004204,36-45,La Plata,Móvil,Premium,267,2,61.38,0.0,24,80.3,15.8,0.976,,0
user_004205,26-35,Buenos Aires,Tablet,Free,47,35,493.93,15.0,23,75.7,8.4,0.034,22.34,0
user_004206,18-25,Mendoza,Desktop,Free,244,20,344.25,178.0,8,104.6,10.9,,2.46,0
user_004207,46-55,Buenos Aires,Desktop,Free,7,15,213.98,91.0,15,32.2,4.5,0.735,15.0,0
user_004208,18-25,Otros,Móvil,Free,310,40,372.18,165.0,19,16.5,2.6,0.683,3.87,0
user_004209,36-45,Buenos Aires,Móvil,Enterprise,61,39,401.67,12.0,19,103.8,5.5,,,1
user_004210,36-45,,Desktop,Free,115,23,489.35,77.0,17,,15.9,,6.0,0
user_004211,56+,La Plata,Tablet,Basic,74,33,16.66,21.0,10,107.4,16.7,0.217,13.38,1
user_004212,18-25,Córdoba,Móvil,Free,152,40,423.87,50.0,20,32.7,12.5,0.208,7.89,1
user_004213,18-25,Rosario,Móvil,Free,335,12,174.04,161.0,25,4.4,5.2,,1.07,0
user_004214,56+,Mendoza,Tablet,Basic,189,35,277.93,143.0,20,116.0,16.6,,,0
user_004215,56+,Córdoba,Móvil,Free,212,44,171.93,91.0,3,82.3,11.8,0.21,6.23,1
user_004216,18-25,Buenos Aires,Desktop,Premium,221,48,398.49,74.0,3,10.6,13.2,,6.52,1
user_004217,,Rosario,Móvil,Basic,264,37,46.06,101.0,26,92.5,10.5,0.687,4.2,1
user_004218,46-55,Otros,Móvil,Enterprise,46,21,341.46,96.0,16,105.2,1.8,,13.7,0
user_004219,36-45,Buenos Aires,Móvil,Enterprise,269,32,341.68,135.0,18,118.5,7.2,0.912,3.57,1
user_004220,46-55,Buenos Aires,Móvil,Free,89,45,411.26,139.0,1,23.8,1.5,,15.17,0
user_004221,46-55,Buenos Aires,Móvil,Basic,260,35,210.66,164.0,22,37.4,7.7,0.692,,0
user_004222,26-35,Córdoba,Móvil,Premium,132,16,487.78,151.0,11,83.3,3.2,,,0
user_004223,18-25,Buenos Aires,Móvil,Premium,202,45,199.28,126.0,28,5.0,1.7,0.276,6.68,0
user_004224,26-35,Rosario,Desktop,Premium,182,47,76.23,49.0,21,30.8,18.6,0.008,,0
user_004225,26-35,Buenos Aires,Móvil,Premium,67,44,290.37,37.0,10,,9.2,0.272,19.7,1
user_004226,56+,Rosario,Desktop,Basic,314,46,488.98,138.0,14,,18.3,,4.39,1
user_004227,36-45,Buenos Aires,Móvil,Free,268,31,405.09,28.0,3,12.5,17.2,0.515,,1
user_004228,18-25,,Móvil,Basic,246,21,464.76,34.0,29,81.5,16.5,0.132,,0
user_004229,46-55,,Desktop,Free,167,5,459.27,163.0,1,1.2,2.2,0.71,0.9,0
user_004230,56+,Buenos Aires,Móvil,Basic,253,24,175.26,94.0,20,118.4,13.4,0.906,2.85,0
user_004231,26-35,Mendoza,Desktop,Enterprise,270,24,257.42,25.0,9,29.7,6.3,,2.67,0
user_004232,46-55,Buenos Aires,Móvil,Basic,276,41,37.33,51.0,16,,17.3,0.571,,0
user_004233,18-25,Mendoza,Móvil,Basic,37,46,485.36,41.0,16,77.3,9.3,,,1
user_004234,26-35,Córdoba,Móvil,Free,287,32,250.33,119.0,9,114.5,3.3,0.05,3.34,0
user_004235,,Otros,Tablet,Premium,175,36,259.38,21.0,11,,2.7,0.312,6.17,1
user_004236,36-45,Mendoza,Móvil,Basic,183,15,317.19,35.0,4,12.4,4.8,,2.46,0
user_004237,26-35,Córdoba,Tablet,Basic,293,36,272.02,169.0,5,3.7,3.9,0.076,3.69,0
user_004238,56+,Córdoba,Desktop,Basic,131,15,362.31,37.0,1,38.2,7.4,0.491,3.44,0
user_004239,56+,Buenos Aires,Móvil,Enterprise,309,24,77.22,95.0,7,8.2,2.1,,2.33,1
user_004240,26-35,Buenos Aires,Móvil,Free,332,27,158.16,78.0,5,11.0,5.7,0.642,2.44,0
user_004241,36-45,Rosario,Tablet,Free,108,42,455.09,35.0,23,16.8,10.1,,11.67,1
user_004242,18-25,Buenos Aires,Móvil,Basic,27,39,468.17,121.0,19,70.5,19.4,0.937,39.0,1
user_004243,18-25,Córdoba,Móvil,Basic,9,19,48.15,54.0,11,2.8,9.5,0.434,19.0,0
user_004244,36-45,Córdoba,Móvil,Basic,217,25,103.1,144.0,13,61.2,19.0,0.443,3.46,1
user_004245,36-45,Buenos Aires,Móvil,Basic,311,49,184.53,47.0,4,6.4,2.3,0.884,4.73,0
user_004246,46-55,Otros,Desktop,Free,118,44,190.98,145.0,23,27.6,13.3,0.91,11.19,0
user_004247,46-55,Buenos Aires,Móvil,Free,258,26,448.54,19.0,13,118.2,15.0,0.621,3.02,1
user_004248,26-35,Rosario,Tablet,Basic,25,31,29.44,29.0,3,72.8,11.0,0.718,31.0,0
user_004249,46-55,Mendoza,Móvil,Basic,196,29,72.91,149.0,1,109.7,10.4,0.322,4.44,0
user_004250,56+,Córdoba,Móvil,Basic,177,8,113.01,45.0,23,101.0,7.4,,,1
user_004251,36-45,Mendoza,Desktop,Basic,219,17,236.23,141.0,15,42.2,1.5,,2.33,0
user_004252,36-45,Córdoba,Móvil,Premium,183,31,269.02,161.0,9,34.2,2.1,0.733,5.08,1
user_004253,46-55,Rosario,Móvil,Free,232,14,226.36,52.0,12,47.4,19.2,0.287,1.81,1
user_004254,46-55,Mendoza,Desktop,Free,90,34,266.77,104.0,2,,15.1,0.717,11.33,0
user_004255,26-35,La Plata,Móvil,Basic,35,28,486.47,74.0,11,84.3,9.8,0.235,,1
user_004256,36-45,Rosario,Desktop,Premium,241,33,61.23,106.0,15,39.9,6.4,0.819,4.11,0
user_004257,26-35,Mendoza,Desktop,Free,194,28,302.61,163.0,25,4.6,9.7,,,1
user_004258,26-35,Córdoba,Móvil,Free,334,40,192.91,53.0,0,118.9,2.4,0.196,3.59,1
user_004259,18-25,Córdoba,Tablet,Basic,231,6,322.77,147.0,20,67.0,8.3,0.691,0.78,0
user_004260,18-25,Córdoba,Desktop,Premium,233,10,169.99,26.0,15,56.8,13.1,0.355,1.29,1
user_004261,18-25,Rosario,Móvil,Free,201,47,142.13,112.0,9,19.4,15.1,0.782,7.01,0
user_004262,18-25,Buenos Aires,Móvil,Basic,353,36,208.85,117.0,5,45.7,4.0,0.062,3.06,1
user_004263,18-25,Buenos Aires,Móvil,Free,14,26,231.19,59.0,14,21.3,1.6,0.574,26.0,0
user_004264,56+,Mendoza,Móvil,Premium,283,39,105.61,45.0,1,,1.0,0.728,4.13,0
user_004265,26-35,Rosario,Tablet,Free,344,46,386.35,85.0,29,65.4,5.8,0.669,4.01,1
user_004266,26-35,Buenos Aires,Tablet,Free,301,47,23.35,8.0,25,,4.2,0.538,4.68,0
user_004267,26-35,Mendoza,Móvil,Premium,173,26,80.45,47.0,3,100.5,3.3,0.963,4.51,1
user_004268,26-35,Rosario,Móvil,Premium,127,36,209.79,86.0,16,52.2,5.5,0.949,8.5,0
user_004269,46-55,Buenos Aires,Móvil,Free,18,2,452.02,55.0,2,95.0,1.9,0.455,,1
user_004270,18-25,Rosario,Móvil,Premium,279,38,436.48,129.0,18,23.9,8.6,,4.09,0
user_004271,36-45,Córdoba,Móvil,Premium,281,44,324.16,170.0,27,64.0,19.2,0.906,,1
user_004272,18-25,Buenos Aires,Desktop,Free,101,22,94.34,148.0,4,113.5,11.1,0.364,6.53,1
user_004273,18-25,Córdoba,Móvil,Free,281,50,266.9,7.0,12,78.7,13.0,0.264,5.34,0
user_004274,36-45,Córdoba,Móvil,Free,84,7,463.87,43.0,13,13.5,14.8,0.366,,0
user_004275,26-35,Córdoba,Móvil,Basic,42,36,239.73,33.0,3,106.7,6.7,,25.71,1
user_004276,36-45,Mendoza,Móvil,Basic,168,24,45.7,38.0,30,73.7,9.1,,4.29,0
user_004277,56+,Buenos Aires,Móvil,Premium,33,48,400.14,50.0,15,56.3,1.6,0.618,43.64,0
user_004278,26-35,La Plata,Móvil,Free,153,26,391.47,43.0,7,114.0,16.5,0.98,5.1,1
user_004279,26-35,Buenos Aires,Móvil,Enterprise,225,25,14.71,137.0,24,107.8,7.8,0.086,,0
user_004280,36-45,Otros,Móvil,Free,66,15,96.21,47.0,21,49.1,12.5,0.761,6.82,1
user_004281,46-55,Córdoba,Móvil,Free,326,45,93.97,116.0,5,,12.1,0.405,4.14,0
user_004282,56+,Mendoza,Móvil,Premium,216,9,462.79,63.0,17,31.6,11.5,0.33,1.25,1
user_004283,56+,Córdoba,Móvil,Free,121,31,89.28,,8,103.7,18.7,0.841,7.69,1
user_004284,56+,La Plata,Móvil,Free,99,37,284.22,60.0,21,,10.8,0.733,,1
user_004285,26-35,Buenos Aires,Desktop,Free,266,40,292.39,99.0,13,63.2,8.3,0.518,,1
user_004286,56+,Córdoba,Móvil,Free,88,3,22.37,47.0,25,18.0,20.0,0.014,1.02,1
user_004287,36-45,Rosario,Móvil,Basic,262,0,313.21,999.0,17,5.2,18.0,0.453,,1
user_004288,26-35,Rosario,Móvil,Basic,321,28,413.77,127.0,26,68.7,12.0,0.631,,0
user_004289,26-35,Mendoza,Móvil,Free,15,36,170.59,40.0,15,99.0,15.1,0.126,,1
user_004290,36-45,Mendoza,Tablet,Premium,239,32,114.99,,0,81.8,4.3,0.917,4.02,1
user_004291,46-55,Rosario,Móvil,Basic,322,40,455.89,106.0,29,10.0,10.5,,,0
user_004292,46-55,,Móvil,Premium,106,16,19.51,53.0,7,47.9,4.4,0.147,4.53,1
user_004293,46-55,Buenos Aires,Móvil,Basic,228,38,136.91,99.0,15,28.7,3.5,,5.0,0
user_004294,26-35,Buenos Aires,Móvil,Premium,4,22,126.68,81.0,1,93.5,8.5,0.865,22.0,0
user_004295,46-55,Buenos Aires,Tablet,Basic,269,23,57.34,180.0,21,48.0,16.5,0.989,2.57,1
user_004296,26-35,Córdoba,Móvil,Enterprise,330,37,393.8,27.0,7,24.7,9.1,0.813,3.36,1
user_004297,56+,Otros,Desktop,Free,363,9,324.29,103.0,12,89.5,18.2,0.479,,1
user_004298,18-25,,Tablet,Free,17,0,232.2,999.0,6,88.7,3.3,0.71,0.0,1
user_004299,26-35,Córdoba,Tablet,Premium,90,49,211.29,55.0,13,,13.6,0.509,16.33,0
user_004300,56+,Córdoba,Desktop,Basic,333,23,184.05,158.0,30,,2.4,,2.07,1
user_004301,56+,Córdoba,Móvil,Free,171,11,77.58,96.0,8,118.0,11.9,,,0
user_004302,36-45,La Plata,Móvil,Basic,188,47,141.77,174.0,8,116.9,6.6,0.104,,1
user_004303,18-25,Buenos Aires,Móvil,Basic,151,17,357.02,69.0,4,22.6,2.9,0.186,,0
user_004304,18-25,Rosario,,Premium,211,30,103.98,131.0,2,80.5,17.6,0.682,4.27,1
user_004305,56+,Buenos Aires,Móvil,Basic,351,6,25.31,45.0,18,111.4,11.3,0.729,,1
user_004306,18-25,Mendoza,Móvil,Basic,198,1,156.23,53.0,23,114.8,2.7,0.218,,0
user_004307,26-35,Buenos Aires,Desktop,Free,33,14,42.06,112.0,30,10.3,13.8,0.633,,1
user_004308,46-55,Córdoba,Tablet,Free,332,22,137.98,160.0,2,84.5,17.6,,1.99,1
user_004309,26-35,Rosario,Móvil,Premium,257,20,158.32,124.0,25,49.8,11.9,0.141,,1
user_004310,18-25,Córdoba,Móvil,Basic,20,41,300.02,65.0,10,92.9,14.1,0.174,41.0,0
user_004311,56+,Buenos Aires,Móvil,Basic,103,36,477.53,25.0,24,68.1,13.2,0.972,10.49,0
user_004312,36-45,Córdoba,Móvil,Basic,147,6,460.94,82.0,7,87.8,7.4,0.2,1.22,0
user_004313,56+,Buenos Aires,Móvil,Basic,101,18,425.86,20.0,13,,16.7,0.319,5.35,0
user_004314,26-35,Rosario,Móvil,Basic,242,44,417.3,97.0,15,10.3,10.5,,5.45,1
user_004315,26-35,Mendoza,Desktop,Enterprise,363,4,95.3,116.0,25,63.9,15.6,0.303,0.33,1
user_004316,36-45,Córdoba,Desktop,Free,365,38,218.83,36.0,27,,2.7,,3.12,1
user_004317,18-25,Rosario,Tablet,Basic,52,28,280.46,161.0,14,38.3,14.1,,,0
user_004318,,Otros,Móvil,Premium,12,7,307.69,36.0,20,44.3,5.7,,7.0,1
user_004319,26-35,Buenos Aires,Móvil,Free,194,7,154.53,59.0,17,101.6,18.1,0.272,,1
user_004320,36-45,Córdoba,Desktop,Basic,249,18,179.39,107.0,26,71.1,2.1,0.294,2.17,1
user_004321,18-25,Otros,Desktop,Basic,233,25,106.34,173.0,23,7.7,10.7,0.646,3.22,1
user_004322,36-45,,Móvil,,283,9,312.69,109.0,15,61.9,18.0,0.86,0.95,1
user_004323,56+,Córdoba,Desktop,Free,262,37,62.95,155.0,14,106.0,9.9,0.247,4.24,0
user_004324,36-45,Córdoba,Desktop,Basic,180,9,173.71,165.0,22,118.6,5.3,0.692,1.5,1
user_004325,26-35,Buenos Aires,Móvil,Free,265,7,482.88,111.0,11,103.5,19.3,0.342,0.79,1
user_004326,26-35,Buenos Aires,Móvil,Free,195,3,218.25,145.0,16,,10.5,0.657,,0
user_004327,,Córdoba,Desktop,Free,55,36,368.2,180.0,4,,7.2,0.628,19.64,0
user_004328,26-35,Buenos Aires,Desktop,Basic,303,14,51.72,144.0,22,15.1,4.0,0.071,1.39,1
user_004329,26-35,La Plata,Desktop,Basic,236,29,422.89,37.0,9,109.3,11.5,0.952,3.69,0
user_004330,26-35,Buenos Aires,Tablet,Free,112,47,338.17,124.0,20,83.2,19.8,0.79,12.59,1
user_004331,26-35,Otros,Móvil,Premium,263,14,34.5,115.0,25,,17.7,0.57,1.6,0
user_004332,26-35,Buenos Aires,Desktop,Basic,54,25,354.96,90.0,24,98.2,18.3,,,0
user_004333,18-25,Buenos Aires,Desktop,Free,221,26,60.25,10.0,8,15.1,15.1,0.499,,1
user_004334,18-25,Buenos Aires,Móvil,Free,103,20,53.14,179.0,6,74.6,1.1,0.585,5.83,0
user_004335,18-25,Mendoza,Móvil,Basic,183,43,416.19,114.0,5,74.4,2.0,0.347,7.05,0
user_004336,26-35,Buenos Aires,Móvil,Basic,176,1,133.7,126.0,11,58.1,15.6,0.313,0.17,0
user_004337,26-35,Buenos Aires,Móvil,Free,87,15,390.65,162.0,17,65.7,6.8,0.73,5.17,1
user_004338,26-35,Rosario,Móvil,Premium,153,35,107.92,13.0,17,17.4,2.7,0.041,6.86,1
user_004339,46-55,Córdoba,Desktop,Free,149,47,138.84,148.0,1,25.0,13.1,0.566,9.46,0
user_004340,56+,Buenos Aires,Móvil,Basic,217,40,490.59,52.0,9,86.5,13.4,0.935,,1
user_004341,36-45,Otros,Desktop,,3,29,64.41,38.0,26,117.2,12.9,0.531,29.0,1
user_004342,,Rosario,Desktop,Basic,318,36,90.83,56.0,2,63.8,8.1,0.991,3.4,0
user_004343,36-45,Rosario,Desktop,Premium,25,34,403.19,15.0,4,111.1,5.5,,34.0,1
user_004344,46-55,Otros,Desktop,Premium,242,49,341.12,171.0,25,,12.6,0.316,6.07,0
user_004345,26-35,Buenos Aires,Móvil,Free,182,41,343.98,89.0,9,109.3,9.6,0.185,,1
user_004346,26-35,Otros,Desktop,Free,165,1,335.15,59.0,16,84.6,19.4,0.144,0.18,1
user_004347,18-25,Rosario,Desktop,Free,250,0,307.53,999.0,19,77.5,13.4,0.622,0.0,0
user_004348,46-55,Buenos Aires,Desktop,Basic,179,39,176.6,147.0,30,77.1,18.9,0.832,6.54,0
user_004349,26-35,Mendoza,Móvil,Free,353,33,100.31,98.0,10,98.6,19.0,0.295,2.8,1
user_004350,18-25,Buenos Aires,Móvil,Free,23,33,311.71,180.0,5,29.0,11.6,0.548,33.0,0
user_004351,36-45,Buenos Aires,Móvil,Premium,196,40,352.69,177.0,29,97.6,7.9,,6.12,0
user_004352,36-45,Buenos Aires,Móvil,Free,208,17,37.9,26.0,25,87.6,14.1,0.855,2.45,1
user_004353,18-25,Buenos Aires,Móvil,Free,127,41,231.51,84.0,19,73.9,3.5,0.777,9.69,0
user_004354,36-45,Otros,Móvil,,44,13,96.21,176.0,8,13.6,2.0,,8.86,1
user_004355,36-45,Buenos Aires,Tablet,Premium,298,38,232.4,152.0,10,98.3,9.5,0.994,,1
user_004356,18-25,Buenos Aires,Móvil,Free,307,48,307.55,167.0,23,26.2,14.3,0.797,4.69,1
user_004357,26-35,Córdoba,Móvil,Premium,284,39,309.47,30.0,28,,6.4,,4.12,1
user_004358,26-35,Córdoba,Desktop,Free,259,11,323.1,94.0,30,48.3,7.7,0.16,1.27,0
user_004359,56+,Rosario,Desktop,Premium,69,2,295.9,145.0,9,105.1,2.4,0.299,0.87,0
user_004360,56+,Mendoza,Móvil,Free,179,28,382.81,44.0,11,115.4,18.8,0.77,4.69,1
user_004361,36-45,Otros,Tablet,Basic,184,37,185.47,169.0,10,81.6,10.2,0.004,6.03,0
user_004362,36-45,La Plata,Tablet,Free,305,29,303.55,148.0,13,110.9,17.4,0.067,2.85,1
user_004363,36-45,Buenos Aires,Desktop,Premium,174,21,212.29,116.0,0,37.9,4.1,0.262,,1
user_004364,26-35,Córdoba,Desktop,Basic,53,50,390.56,176.0,12,49.5,1.1,0.952,28.3,1
user_004365,26-35,Mendoza,Desktop,Free,166,23,25.51,75.0,3,50.7,15.5,0.33,,1
user_004366,36-45,Buenos Aires,Desktop,Free,43,11,63.85,57.0,17,,12.0,0.672,7.67,1
user_004367,26-35,La Plata,Tablet,Premium,221,8,450.03,96.0,7,39.6,14.7,0.887,1.09,0
user_004368,36-45,Buenos Aires,Desktop,Basic,215,20,338.48,33.0,21,72.1,7.2,0.37,2.79,0
user_004369,36-45,Mendoza,Móvil,Free,79,40,495.06,58.0,10,60.5,13.6,0.57,,0
user_004370,46-55,Rosario,Desktop,Free,44,37,180.25,89.0,29,91.7,13.3,0.712,25.23,1
user_004371,18-25,Mendoza,Desktop,Free,292,8,495.8,146.0,22,6.3,11.4,,0.82,1
user_004372,46-55,Córdoba,Desktop,Free,211,18,447.91,108.0,7,26.0,17.2,0.565,2.56,0
user_004373,36-45,Otros,Móvil,Basic,53,18,339.55,82.0,19,90.5,13.1,0.102,10.19,0
user_004374,26-35,Rosario,Móvil,Free,30,45,187.45,125.0,11,93.4,5.0,0.911,45.0,0
user_004375,26-35,Mendoza,Móvil,Free,217,19,89.83,173.0,16,108.7,16.5,0.876,2.63,0
user_004376,36-45,Otros,Móvil,Free,270,2,418.25,140.0,14,21.7,7.3,0.706,0.22,0
user_004377,18-25,Otros,Móvil,Free,206,13,234.42,114.0,24,56.4,1.0,,1.89,1
user_004378,46-55,Rosario,Móvil,Premium,139,43,206.94,171.0,13,70.8,3.1,0.76,9.28,0
user_004379,18-25,Córdoba,,Basic,314,24,425.44,80.0,24,94.4,12.2,0.364,2.29,0
user_004380,26-35,Mendoza,Desktop,Basic,284,8,444.24,106.0,19,,3.1,0.375,0.85,1
user_004381,36-45,La Plata,Móvil,Basic,77,1,426.95,165.0,5,60.2,3.4,0.011,0.39,0
user_004382,26-35,La Plata,Desktop,Free,1,39,383.77,66.0,11,119.1,14.5,0.384,39.0,0
user_004383,26-35,Mendoza,Móvil,Free,309,16,441.6,143.0,11,111.3,13.5,,1.55,1
user_004384,26-35,La Plata,Desktop,Free,121,44,51.66,138.0,23,57.4,14.4,0.498,10.91,0
user_004385,18-25,Córdoba,Desktop,Basic,364,45,343.58,30.0,23,28.4,16.1,0.61,3.71,1
user_004386,56+,Buenos Aires,Móvil,Free,23,17,49.95,113.0,0,80.6,17.7,0.762,17.0,0
user_004387,26-35,Córdoba,Desktop,Free,291,47,259.85,157.0,20,5.9,10.7,0.069,4.85,1
user_004388,,Buenos Aires,Móvil,Basic,20,9,98.71,13.0,9,34.5,6.6,0.814,9.0,1
user_004389,46-55,Buenos Aires,Móvil,Premium,243,49,285.27,106.0,28,31.4,7.7,0.111,6.05,0
user_004390,,Otros,Desktop,Free,348,39,299.69,3.0,22,94.0,13.0,,3.36,0
user_004391,18-25,,Móvil,Premium,281,34,402.35,167.0,26,113.6,5.2,0.627,3.63,1
user_004392,26-35,Córdoba,Móvil,Free,317,14,493.61,15.0,26,41.6,13.7,,1.32,1
user_004393,36-45,Rosario,Móvil,Free,195,22,265.07,59.0,13,60.6,15.4,0.047,3.38,0
user_004394,,La Plata,Desktop,Premium,44,31,311.97,141.0,11,119.9,8.7,0.081,,0
user_004395,56+,Buenos Aires,Móvil,Free,168,32,77.08,27.0,26,16.8,1.2,0.84,,1
user_004396,26-35,Buenos Aires,,Free,29,13,200.55,147.0,4,,14.2,,13.0,1
user_004397,18-25,La Plata,Móvil,Free,195,38,194.72,176.0,28,98.6,7.2,0.59,5.85,1
user_004398,18-25,La Plata,Móvil,Premium,77,37,135.72,69.0,21,109.5,12.1,0.735,14.42,0
user_004399,18-25,Buenos Aires,Desktop,Basic,141,48,36.98,125.0,8,94.6,6.8,0.126,10.21,0
user_004400,26-35,Córdoba,Móvil,Free,310,0,471.25,999.0,26,46.7,2.9,,0.0,1
user_004401,26-35,Rosario,Móvil,Free,233,4,401.12,81.0,5,38.7,14.4,,,0
user_004402,36-45,Mendoza,Móvil,Free,104,1,443.54,156.0,7,107.5,5.8,0.981,0.29,1
user_004403,56+,Buenos Aires,Móvil,Premium,122,6,119.67,111.0,22,73.5,19.0,,1.48,1
user_004404,26-35,Buenos Aires,Móvil,Premium,96,8,376.72,112.0,23,15.5,7.9,,,1
user_004405,26-35,Buenos Aires,Móvil,Premium,282,50,10.74,52.0,27,63.7,5.0,0.757,5.32,0
user_004406,26-35,,Móvil,Premium,270,29,457.74,11.0,14,36.4,2.3,0.483,3.22,1
user_004407,46-55,Buenos Aires,Desktop,Premium,255,15,88.99,152.0,29,111.0,11.6,0.627,1.76,0
user_004408,56+,Buenos Aires,Tablet,Free,115,0,270.18,999.0,29,64.0,19.4,0.46,0.0,1
user_004409,36-45,Córdoba,Desktop,Free,183,26,472.65,40.0,30,,12.5,0.8,,0
user_004410,46-55,Mendoza,Móvil,Free,176,32,286.32,176.0,18,62.4,14.5,0.093,5.45,1
user_004411,56+,Mendoza,Desktop,Free,303,35,68.85,143.0,7,35.0,15.8,0.002,3.47,1
user_004412,,Rosario,Móvil,Basic,235,20,176.31,79.0,6,23.3,11.7,0.454,2.55,1
user_004413,46-55,Córdoba,Desktop,Free,315,36,340.74,55.0,5,35.6,6.3,,3.43,1
user_004414,56+,La Plata,Móvil,Free,45,41,49.71,117.0,7,14.3,4.7,0.134,27.33,0
user_004415,26-35,Rosario,Desktop,Basic,34,48,480.76,78.0,8,58.1,5.5,0.573,,1
user_004416,56+,Buenos Aires,Móvil,Premium,351,10,189.24,158.0,25,65.2,12.2,0.935,,0
user_004417,18-25,Buenos Aires,Móvil,Enterprise,326,42,97.79,41.0,8,35.6,12.8,0.176,,1
user_004418,,Rosario,Desktop,Free,346,9,409.9,138.0,6,11.1,18.7,0.565,0.78,0
user_004419,36-45,Córdoba,Móvil,Free,113,3,466.3,136.0,1,,6.2,0.973,0.8,1
user_004420,26-35,Córdoba,Móvil,Premium,292,14,57.68,35.0,10,101.4,8.0,0.025,1.44,1
user_004421,18-25,Córdoba,Móvil,Basic,348,30,431.86,61.0,18,93.7,19.7,,2.59,0
user_004422,36-45,La Plata,Móvil,Basic,244,50,54.63,177.0,17,33.1,18.3,0.503,6.15,0
user_004423,26-35,Buenos Aires,Móvil,Free,167,4,272.62,49.0,13,24.0,17.2,,0.72,1
user_004424,46-55,Buenos Aires,Móvil,Basic,196,2,374.53,52.0,30,90.8,2.6,0.154,0.31,1
user_004425,26-35,Buenos Aires,Móvil,Premium,287,43,154.46,44.0,21,42.7,17.4,0.152,,0
user_004426,26-35,La Plata,Desktop,Free,284,48,354.89,71.0,15,45.8,16.4,0.432,5.07,0
user_004427,26-35,Córdoba,Móvil,Premium,318,13,198.59,57.0,11,119.9,18.6,0.889,1.23,0
user_004428,46-55,Buenos Aires,Móvil,Enterprise,284,27,217.83,98.0,23,101.6,4.2,,2.85,0
user_004429,26-35,Córdoba,Desktop,Basic,119,17,404.33,85.0,30,20.8,3.7,,4.29,1
user_004430,36-45,Córdoba,Desktop,Free,278,9,189.45,154.0,14,64.4,8.1,0.229,0.97,0
user_004431,36-45,Otros,Desktop,Free,323,44,326.94,74.0,27,90.3,10.7,0.486,,1
user_004432,18-25,Córdoba,Móvil,Free,252,21,124.93,144.0,19,45.1,18.6,0.096,2.5,1
user_004433,36-45,,Móvil,Free,38,0,55.76,999.0,0,81.5,6.0,0.841,0.0,1
user_004434,36-45,Mendoza,Desktop,Basic,127,35,23.11,131.0,7,41.3,14.6,0.369,8.27,1
user_004435,56+,Rosario,Tablet,Basic,185,20,138.83,143.0,14,45.4,12.6,0.574,3.24,0
user_004436,26-35,Buenos Aires,Desktop,Premium,1,40,294.64,14.0,23,92.5,6.8,0.385,40.0,1
user_004437,46-55,Buenos Aires,Móvil,Basic,280,31,444.24,135.0,10,8.3,14.2,0.922,3.32,1
user_004438,46-55,La Plata,Tablet,Basic,98,11,383.85,59.0,1,91.4,3.0,0.53,3.37,1
user_004439,46-55,Otros,Móvil,Premium,87,38,138.15,27.0,3,101.7,18.0,,13.1,1
user_004440,56+,Buenos Aires,Móvil,Basic,18,41,359.81,144.0,19,71.6,9.8,0.171,41.0,1
user_004441,46-55,Buenos Aires,Móvil,Free,141,50,315.12,94.0,27,73.9,8.3,,10.64,0
user_004442,46-55,Córdoba,Móvil,Free,79,11,30.36,62.0,12,10.1,14.0,0.02,4.18,1
user_004443,26-35,Córdoba,Desktop,Free,218,30,87.28,144.0,26,116.4,6.5,0.658,4.13,0
user_004444,26-35,Buenos Aires,Tablet,Free,257,49,362.81,39.0,22,87.9,15.7,0.524,5.72,1
user_004445,26-35,Buenos Aires,Móvil,Free,63,12,443.48,63.0,30,85.1,1.5,0.46,,1
user_004446,26-35,La Plata,Móvil,Basic,95,30,401.85,59.0,15,26.7,13.1,,9.47,0
user_004447,46-55,Córdoba,Desktop,Basic,73,26,463.97,21.0,1,2.9,8.6,0.609,10.68,0
user_004448,46-55,Córdoba,Móvil,Basic,32,29,36.97,131.0,6,16.7,13.0,0.689,27.19,0
user_004449,26-35,La Plata,Móvil,Free,162,0,268.06,999.0,10,94.6,16.4,0.041,0.0,0
user_004450,18-25,Buenos Aires,Móvil,Free,110,8,74.88,29.0,5,84.6,11.6,0.218,2.18,0
user_004451,18-25,Buenos Aires,Desktop,Free,51,4,383.07,139.0,29,9.1,8.2,,2.35,1
user_004452,36-45,Buenos Aires,Desktop,Premium,228,27,311.84,122.0,26,8.7,16.9,0.11,,0
user_004453,26-35,Buenos Aires,Desktop,Premium,51,27,122.39,45.0,17,18.8,3.9,0.112,,0
user_004454,26-35,Buenos Aires,Tablet,Basic,170,21,258.37,98.0,3,52.5,3.8,0.063,3.71,1
user_004455,18-25,Mendoza,Desktop,Free,117,19,395.48,152.0,12,38.6,1.7,0.157,,0
user_004456,56+,Buenos Aires,Desktop,Premium,224,42,482.56,36.0,29,39.7,16.2,,5.62,0
user_004457,26-35,Córdoba,Móvil,Premium,340,21,10.97,43.0,9,17.9,5.8,0.767,1.85,0
user_004458,26-35,Otros,Móvil,Free,151,29,318.38,73.0,16,53.7,18.9,0.844,5.76,0
user_004459,18-25,Buenos Aires,,Basic,266,39,402.97,33.0,0,29.0,15.8,0.415,4.4,0
user_004460,46-55,Mendoza,Móvil,Free,148,10,97.16,125.0,17,2.3,18.3,0.615,2.03,1
user_004461,56+,La Plata,Desktop,Free,343,44,293.52,98.0,13,,9.5,0.837,,1
user_004462,36-45,Buenos Aires,Móvil,Premium,276,38,426.01,166.0,9,101.5,12.4,,4.13,0
user_004463,18-25,Mendoza,Móvil,Enterprise,39,19,412.65,152.0,10,103.9,19.8,,,0
user_004464,36-45,Buenos Aires,Móvil,Basic,39,29,236.29,30.0,7,,18.1,,22.31,1
user_004465,18-25,Buenos Aires,Móvil,Basic,189,40,422.74,133.0,29,102.0,15.6,0.146,6.35,0
user_004466,46-55,Mendoza,Móvil,Free,277,48,369.48,161.0,9,16.2,17.4,0.768,5.2,0
user_004467,56+,Rosario,Móvil,Free,217,3,102.66,7.0,23,4.3,13.2,0.85,0.41,1
user_004468,26-35,Buenos Aires,Desktop,Enterprise,246,18,185.96,51.0,17,118.8,4.3,0.979,2.2,0
user_004469,56+,Buenos Aires,Tablet,Premium,296,13,181.06,106.0,16,97.3,19.7,,1.32,0
user_004470,36-45,Mendoza,Móvil,Free,97,30,338.71,77.0,19,108.3,3.8,0.005,9.28,1
user_004471,46-55,Rosario,Móvil,Free,252,40,238.7,101.0,2,95.3,2.5,0.365,4.76,0
user_004472,26-35,Buenos Aires,Tablet,Premium,132,7,463.43,91.0,23,92.9,3.1,0.38,,1
user_004473,26-35,Córdoba,Desktop,Free,287,4,65.45,139.0,14,105.2,18.5,0.338,0.42,0
user_004474,46-55,Córdoba,Desktop,Basic,70,40,188.5,94.0,28,53.3,15.1,0.753,,1
user_004475,18-25,La Plata,Móvil,Basic,295,38,282.76,23.0,1,4.6,12.0,0.265,3.86,0
user_004476,18-25,Buenos Aires,Móvil,Free,252,0,341.89,999.0,10,48.2,6.5,,0.0,1
user_004477,36-45,Rosario,Desktop,Basic,154,24,433.12,42.0,27,47.8,9.5,0.737,,0
user_004478,36-45,Buenos Aires,Móvil,Premium,10,29,176.46,152.0,16,103.9,17.7,0.476,29.0,0
user_004479,26-35,Buenos Aires,Tablet,Free,325,46,448.63,34.0,18,27.3,16.1,0.67,4.25,0
user_004480,36-45,La Plata,Móvil,Free,234,46,108.87,129.0,27,89.8,8.8,0.3,5.9,0
user_004481,36-45,Mendoza,Desktop,Premium,297,3,184.32,72.0,21,57.5,5.7,,,0
user_004482,26-35,Buenos Aires,Desktop,Premium,216,30,402.55,41.0,20,37.3,16.5,0.458,,0
user_004483,36-45,,Móvil,Premium,77,18,176.53,177.0,9,,13.4,0.28,7.01,0
user_004484,18-25,Buenos Aires,Desktop,Basic,303,7,63.66,121.0,14,63.7,16.2,0.372,0.69,1
user_004485,36-45,Rosario,Desktop,Basic,76,39,277.73,98.0,29,16.2,15.1,0.595,,0
user_004486,26-35,Buenos Aires,Móvil,Premium,255,0,25.94,999.0,21,75.8,3.4,0.346,0.0,0
user_004487,,Rosario,Desktop,Free,186,40,190.92,177.0,6,55.1,16.6,0.668,,0
user_004488,18-25,La Plata,Móvil,Free,254,46,421.73,8.0,3,27.3,2.8,0.814,5.43,1
user_004489,26-35,Buenos Aires,Móvil,Free,333,35,106.1,36.0,28,,11.7,0.176,3.15,1
user_004490,18-25,Córdoba,Móvil,Free,193,31,444.09,121.0,2,55.5,2.3,0.324,4.82,0
user_004491,46-55,Buenos Aires,Desktop,Basic,15,43,296.39,14.0,29,42.6,16.6,0.539,43.0,0
user_004492,26-35,Buenos Aires,,Free,276,27,395.17,50.0,21,93.7,17.3,,2.93,1
user_004493,18-25,Rosario,Móvil,Basic,287,42,271.43,180.0,15,67.4,3.9,0.695,4.39,0
user_004494,26-35,Buenos Aires,Móvil,Basic,119,8,33.1,151.0,14,103.5,15.2,0.354,2.02,1
user_004495,26-35,Rosario,Desktop,Basic,169,46,277.8,101.0,16,40.2,17.4,0.291,8.17,1
user_004496,26-35,Rosario,Móvil,Premium,150,5,52.7,97.0,24,76.8,11.3,,1.0,0
user_004497,18-25,Mendoza,Móvil,Basic,351,25,361.12,168.0,25,2.2,5.7,0.977,,1
user_004498,18-25,Rosario,Desktop,Basic,238,10,80.86,168.0,2,51.9,7.7,0.093,1.26,0
user_004499,46-55,La Plata,Desktop,Free,10,39,262.62,112.0,2,78.1,6.5,0.289,39.0,1
user_004500,56+,Buenos Aires,Desktop,Free,201,29,326.41,86.0,26,81.4,18.1,0.451,4.33,1
user_004501,26-35,Buenos Aires,Desktop,Free,115,26,412.7,88.0,27,12.9,5.0,0.401,6.78,1
user_004502,46-55,La Plata,Móvil,Premium,263,15,355.84,50.0,1,40.6,15.0,0.463,1.71,1
user_004503,46-55,Córdoba,Móvil,Enterprise,107,11,415.37,86.0,0,55.3,19.8,0.428,3.08,1
user_004504,,Rosario,Desktop,Free,343,23,358.8,109.0,2,113.9,9.0,0.616,2.01,0
user_004505,26-35,La Plata,Móvil,Free,175,16,253.26,27.0,20,85.4,2.2,0.672,2.74,0
user_004506,36-45,La Plata,Móvil,Basic,358,18,262.25,53.0,10,70.4,15.7,0.05,1.51,0
user_004507,46-55,Rosario,Desktop,Free,363,32,249.25,99.0,20,26.8,17.9,0.122,2.64,0
user_004508,,Rosario,Desktop,Basic,255,36,56.59,151.0,18,97.0,11.6,0.856,4.24,1
user_004509,36-45,La Plata,Móvil,Basic,53,0,57.69,999.0,16,,9.8,0.362,0.0,1
user_004510,36-45,Buenos Aires,Móvil,Basic,150,45,225.37,81.0,23,15.9,8.8,0.306,9.0,1
user_004511,26-35,Rosario,Desktop,Free,321,6,454.42,103.0,27,52.9,16.1,0.08,0.56,0
user_004512,26-35,Buenos Aires,Desktop,Premium,115,29,451.43,145.0,7,14.8,7.2,0.713,7.57,1
user_004513,36-45,Córdoba,Móvil,Premium,115,21,312.26,125.0,13,79.4,2.2,0.861,5.48,1
user_004514,26-35,Mendoza,Móvil,Premium,300,7,197.85,152.0,3,,9.9,0.767,0.7,1
user_004515,36-45,Buenos Aires,Móvil,Free,237,47,493.58,49.0,9,15.5,15.9,,,1
user_004516,26-35,Buenos Aires,Móvil,Enterprise,262,26,424.32,129.0,14,39.8,6.7,0.745,2.98,0
user_004517,36-45,Buenos Aires,Móvil,Free,146,32,425.2,125.0,6,74.2,11.6,0.177,,1
user_004518,46-55,Otros,Móvil,Premium,300,30,146.95,10.0,28,93.7,2.1,0.77,3.0,1
user_004519,18-25,Buenos Aires,Desktop,Free,191,34,355.27,106.0,10,83.5,12.8,0.92,5.34,0
user_004520,,Córdoba,Desktop,Free,12,31,48.32,78.0,2,,15.1,0.641,31.0,1
user_004521,46-55,Otros,Desktop,Free,100,5,22.5,94.0,24,,18.0,0.611,1.5,0
user_004522,56+,Córdoba,Móvil,Basic,48,10,475.13,10.0,28,51.1,10.5,0.049,6.25,0
user_004523,46-55,Buenos Aires,Tablet,Basic,245,43,248.63,65.0,9,101.8,1.6,0.735,5.27,1
user_004524,36-45,Buenos Aires,Móvil,Free,15,49,383.34,133.0,5,118.4,2.0,0.012,49.0,0
user_004525,56+,Buenos Aires,Desktop,Free,22,47,380.1,46.0,15,88.6,3.2,0.883,47.0,1
user_004526,36-45,Otros,Desktop,Premium,264,13,49.07,2.0,13,48.3,6.3,0.436,1.48,0
user_004527,18-25,Otros,Tablet,Basic,181,50,259.02,164.0,19,,11.4,0.988,8.29,0
user_004528,46-55,Rosario,Desktop,Basic,186,22,237.97,148.0,15,11.2,6.6,,3.55,0
user_004529,56+,Rosario,Móvil,Free,131,39,36.54,96.0,18,85.3,18.9,0.8,,0
user_004530,36-45,La Plata,Móvil,Basic,39,41,481.74,52.0,30,16.8,10.4,0.517,31.54,0
user_004531,26-35,La Plata,Móvil,Basic,162,38,289.94,77.0,4,3.1,5.4,0.942,,1
user_004532,18-25,Buenos Aires,Móvil,Free,196,8,138.15,24.0,8,90.8,1.7,0.443,1.22,0
user_004533,26-35,Buenos Aires,Desktop,Free,157,11,421.19,72.0,19,45.5,9.3,0.249,2.1,0
user_004534,46-55,Córdoba,Desktop,Enterprise,43,34,142.53,161.0,21,68.5,15.3,0.591,23.72,1
user_004535,26-35,Buenos Aires,Móvil,Basic,338,28,205.23,36.0,22,,9.5,0.491,2.49,1
user_004536,18-25,Rosario,Desktop,Free,288,40,167.22,17.0,8,86.8,19.8,0.12,4.17,0
user_004537,56+,Otros,Desktop,Basic,264,19,283.65,164.0,18,,14.6,,,0
user_004538,18-25,Otros,Móvil,Basic,332,21,292.72,10.0,9,6.7,15.8,,1.9,0
user_004539,18-25,Rosario,Móvil,Basic,222,16,99.83,62.0,25,59.4,5.7,0.078,,1
user_004540,46-55,Buenos Aires,Móvil,Premium,212,28,70.72,131.0,18,,17.6,0.394,3.96,0
user_004541,46-55,Mendoza,Móvil,Premium,327,42,409.15,75.0,23,17.8,19.0,,3.85,1
user_004542,18-25,Buenos Aires,Móvil,Premium,315,34,385.81,20.0,22,41.5,2.7,0.48,,1
user_004543,56+,Mendoza,Móvil,Basic,193,15,49.29,36.0,8,82.8,13.6,0.727,2.33,1
user_004544,36-45,La Plata,Desktop,Basic,225,41,487.17,81.0,2,73.6,8.5,,5.47,1
user_004545,26-35,Buenos Aires,Móvil,Premium,224,34,451.85,110.0,24,61.4,4.1,0.77,4.55,1
user_004546,26-35,Córdoba,Desktop,Basic,256,43,443.29,118.0,3,22.2,11.9,0.571,5.04,0
user_004547,,Rosario,Desktop,Free,266,24,363.44,122.0,0,80.2,15.3,0.489,,0
user_004548,18-25,Buenos Aires,Móvil,Premium,360,49,88.8,70.0,9,41.1,9.4,0.99,,1
user_004549,56+,Buenos Aires,Tablet,Free,217,34,253.52,163.0,24,5.8,19.8,0.967,4.7,0
user_004550,46-55,Buenos Aires,Móvil,Premium,149,5,332.76,138.0,13,65.6,14.9,0.832,1.01,1
user_004551,36-45,Córdoba,,Premium,58,44,97.42,53.0,23,70.2,4.2,0.553,22.76,0
user_004552,,Buenos Aires,Desktop,Basic,159,23,485.35,125.0,17,44.8,17.3,0.328,4.34,0
user_004553,36-45,Córdoba,Móvil,Free,4,9,137.72,107.0,9,25.4,18.3,0.112,9.0,1
user_004554,18-25,Buenos Aires,Móvil,Free,299,4,77.68,107.0,12,37.4,5.5,0.798,0.4,1
user_004555,36-45,La Plata,Móvil,Enterprise,364,41,325.71,59.0,3,35.1,11.8,0.659,3.38,1
user_004556,26-35,Buenos Aires,Desktop,Basic,148,27,11.2,142.0,4,96.9,19.4,,5.47,0
user_004557,18-25,Buenos Aires,Móvil,Premium,330,45,268.81,109.0,8,14.5,9.7,,4.09,1
user_004558,36-45,Córdoba,Móvil,Free,59,48,392.9,163.0,7,90.9,12.6,0.203,24.41,1
user_004559,18-25,Buenos Aires,Móvil,Basic,107,32,113.02,102.0,16,70.1,11.1,0.345,8.97,0
user_004560,56+,Buenos Aires,Desktop,Basic,303,34,60.22,96.0,11,22.5,3.7,0.333,3.37,0
user_004561,46-55,Rosario,Desktop,Basic,114,15,245.16,125.0,7,88.2,7.8,0.114,3.95,0
user_004562,36-45,Córdoba,Móvil,Premium,56,38,207.9,170.0,6,,18.7,0.177,,1
user_004563,36-45,Buenos Aires,Móvil,Free,50,46,85.59,169.0,20,52.6,11.2,0.898,,1
user_004564,,Córdoba,Tablet,Premium,135,34,428.15,113.0,21,85.7,14.3,0.482,7.56,1
user_004565,56+,Otros,Móvil,Basic,93,28,139.74,110.0,16,114.0,11.9,0.569,9.03,1
user_004566,18-25,Buenos Aires,Móvil,Free,254,27,87.34,65.0,4,47.2,2.1,0.235,3.19,0
user_004567,26-35,Rosario,Móvil,Free,288,22,63.25,137.0,8,,3.1,,2.29,1
user_004568,46-55,Buenos Aires,Móvil,Free,156,25,126.73,93.0,15,22.7,9.9,0.848,4.81,1
user_004569,36-45,Córdoba,Móvil,Free,59,44,266.46,8.0,0,56.3,11.5,0.677,22.37,0
user_004570,46-55,Córdoba,Desktop,Free,212,49,437.81,2.0,0,,16.4,0.913,6.93,1
user_004571,26-35,Rosario,Desktop,Free,146,44,488.2,165.0,25,105.3,6.9,,9.04,0
user_004572,18-25,Buenos Aires,Móvil,Basic,198,29,376.34,88.0,23,73.3,8.1,,,0
user_004573,56+,Buenos Aires,Tablet,Premium,219,39,287.01,25.0,22,8.3,10.5,0.918,5.34,1
user_004574,36-45,Córdoba,Móvil,Free,56,27,160.66,96.0,23,81.3,15.4,0.324,14.46,0
user_004575,26-35,Buenos Aires,Móvil,Free,242,29,389.83,15.0,27,101.8,17.0,0.805,3.6,1
user_004576,26-35,La Plata,Móvil,Basic,52,34,349.02,81.0,3,31.0,5.6,0.554,19.62,0
user_004577,36-45,Buenos Aires,Tablet,Basic,33,4,85.92,9.0,15,41.7,1.1,0.025,3.64,0
user_004578,46-55,Otros,Desktop,Enterprise,52,23,269.57,88.0,29,68.6,17.5,0.894,13.27,0
user_004579,46-55,La Plata,Móvil,Free,285,27,175.97,54.0,5,16.1,6.8,,2.84,0
user_004580,26-35,Mendoza,Móvil,Premium,51,36,291.55,167.0,2,109.3,8.6,,21.18,0
user_004581,56+,Buenos Aires,Móvil,Basic,259,20,297.76,10.0,15,2.6,15.0,0.674,2.32,0
user_004582,36-45,Mendoza,Móvil,Basic,143,13,211.49,28.0,20,94.4,16.3,0.519,2.73,1
user_004583,26-35,Mendoza,Móvil,Free,117,29,415.45,6.0,21,45.7,16.1,0.229,7.44,0
user_004584,18-25,Buenos Aires,Móvil,Basic,94,33,295.67,148.0,28,68.2,3.6,0.576,10.53,0
user_004585,18-25,Rosario,Móvil,Free,245,9,46.61,91.0,1,39.1,17.4,,1.1,1
user_004586,36-45,Rosario,Móvil,Basic,268,16,353.83,139.0,11,89.6,11.0,0.421,1.79,1
user_004587,36-45,Rosario,Móvil,Free,231,0,301.18,999.0,7,65.7,18.9,0.428,0.0,1
user_004588,26-35,Rosario,Móvil,Basic,208,3,346.79,95.0,8,61.7,6.8,,0.43,1
user_004589,26-35,Buenos Aires,Móvil,Premium,193,46,33.18,95.0,12,119.6,12.1,0.999,,1
user_004590,36-45,La Plata,Móvil,Premium,226,8,421.63,172.0,24,87.4,18.4,0.053,1.06,1
user_004591,36-45,La Plata,Móvil,Free,163,23,24.26,89.0,19,3.5,10.7,,4.23,0
user_004592,36-45,Córdoba,Móvil,Premium,175,13,414.78,121.0,18,84.2,5.7,0.096,2.23,1
user_004593,26-35,Buenos Aires,Móvil,Premium,57,37,30.42,48.0,10,,2.6,0.791,,1
user_004594,36-45,Otros,Desktop,Free,75,7,23.18,116.0,13,108.9,6.2,0.071,2.8,0
user_004595,18-25,Rosario,Móvil,Free,208,4,408.57,148.0,1,16.6,13.3,0.762,0.58,0
user_004596,26-35,Córdoba,Tablet,Premium,297,6,393.57,63.0,0,73.8,19.7,0.243,0.61,0
user_004597,26-35,Buenos Aires,Móvil,Premium,231,50,16.4,79.0,12,26.8,4.7,,,0
user_004598,26-35,Rosario,Desktop,Basic,102,25,482.56,141.0,12,50.3,11.1,0.748,7.35,1
user_004599,56+,Buenos Aires,Móvil,Free,195,35,292.13,89.0,29,105.8,15.3,0.544,5.38,1
user_004600,26-35,Córdoba,Desktop,Premium,198,20,142.08,175.0,17,118.5,15.2,,3.03,1
user_004601,36-45,Rosario,Móvil,Basic,133,39,483.65,70.0,19,111.2,18.5,,8.8,1
user_004602,56+,La Plata,Móvil,Basic,94,40,491.47,29.0,30,36.1,9.1,0.093,,0
user_004603,36-45,Buenos Aires,Móvil,Free,60,0,435.16,999.0,13,110.3,8.9,0.142,0.0,0
user_004604,26-35,Córdoba,Móvil,Premium,163,20,336.85,60.0,24,105.0,14.0,0.22,3.68,1
user_004605,26-35,Córdoba,Desktop,Free,111,38,32.32,169.0,7,33.8,18.5,0.798,10.27,0
user_004606,46-55,Rosario,Desktop,Free,246,24,220.23,68.0,16,101.7,12.7,0.108,2.93,0
user_004607,26-35,Buenos Aires,Desktop,Basic,34,14,207.91,85.0,17,112.9,13.5,0.752,12.35,1
user_004608,18-25,Córdoba,Desktop,Free,263,12,179.3,29.0,26,14.0,9.4,0.005,1.37,1
user_004609,36-45,Córdoba,Móvil,Basic,117,36,396.47,114.0,5,90.0,5.3,0.621,9.23,1
user_004610,26-35,Córdoba,Desktop,Enterprise,309,26,283.21,43.0,11,63.1,7.5,0.947,,1
user_004611,36-45,Buenos Aires,Desktop,Premium,226,44,343.92,126.0,9,2.8,9.5,0.447,5.84,1
user_004612,46-55,Buenos Aires,Móvil,Basic,351,26,61.13,124.0,11,49.5,9.3,0.59,2.22,0
user_004613,26-35,Córdoba,Móvil,Free,337,9,171.11,22.0,16,5.5,7.0,0.334,,1
user_004614,36-45,Otros,Móvil,Free,326,8,261.8,110.0,7,38.0,5.8,0.067,0.74,0
user_004615,46-55,Buenos Aires,Móvil,Premium,147,41,337.07,64.0,19,109.3,6.8,0.325,,0
user_004616,26-35,Otros,Desktop,Free,240,23,196.77,24.0,8,52.8,13.8,0.38,2.88,0
user_004617,56+,Córdoba,Móvil,Free,213,27,448.83,132.0,8,1.9,12.8,0.202,3.8,0
user_004618,36-45,Córdoba,Móvil,Free,329,7,291.18,123.0,20,13.2,19.2,0.904,0.64,0
user_004619,26-35,Córdoba,Móvil,Premium,313,41,185.98,136.0,24,23.5,10.2,0.213,3.93,1
user_004620,18-25,La Plata,Móvil,Free,84,46,48.16,132.0,1,64.7,5.6,0.52,16.43,0
user_004621,26-35,Córdoba,Móvil,Premium,330,45,93.25,50.0,20,106.4,16.6,0.604,4.09,0
user_004622,56+,Mendoza,Desktop,Free,132,16,176.79,60.0,0,79.9,8.2,0.003,3.64,0
user_004623,36-45,Buenos Aires,Desktop,Free,182,5,420.93,122.0,7,26.1,1.5,0.493,,0
user_004624,26-35,Otros,Desktop,Basic,172,10,111.3,127.0,7,100.1,12.6,0.324,,0
user_004625,46-55,Buenos Aires,Desktop,Premium,231,21,296.72,66.0,14,28.8,5.0,0.843,2.73,1
user_004626,26-35,La Plata,Tablet,Free,281,13,35.69,,27,,19.2,0.468,1.39,0
user_004627,46-55,La Plata,Móvil,Basic,268,22,406.58,150.0,13,36.2,9.0,0.633,,0
user_004628,36-45,Rosario,Desktop,Basic,334,29,135.08,2.0,22,38.4,5.9,0.699,2.6,1
user_004629,56+,Córdoba,Móvil,Free,307,39,428.76,179.0,6,52.7,9.0,0.717,3.81,1
user_004630,56+,Buenos Aires,,Free,37,11,219.73,10.0,13,16.1,15.3,0.575,8.92,1
user_004631,18-25,Córdoba,Móvil,Premium,272,38,457.47,48.0,17,,7.1,0.573,4.19,1
user_004632,46-55,Rosario,Móvil,Free,177,41,246.47,124.0,10,21.9,6.1,0.445,6.95,0
user_004633,26-35,Buenos Aires,Móvil,Premium,184,32,339.86,158.0,21,,9.3,,5.22,1
user_004634,26-35,Córdoba,Desktop,Free,146,5,370.24,20.0,5,16.2,2.4,,1.03,0
user_004635,56+,Córdoba,Desktop,Basic,7,43,394.73,45.0,2,36.9,15.0,0.214,43.0,1
user_004636,26-35,Mendoza,Móvil,Premium,194,18,286.31,134.0,22,75.8,12.8,0.886,2.78,0
user_004637,36-45,Buenos Aires,Móvil,Premium,263,13,27.6,49.0,30,,5.7,0.756,1.48,1
user_004638,56+,Córdoba,Móvil,Basic,277,18,396.98,107.0,30,102.1,18.9,0.433,,1
user_004639,36-45,Rosario,Desktop,Premium,93,9,486.34,65.0,15,13.1,7.8,0.78,2.9,1
user_004640,46-55,Buenos Aires,Móvil,Premium,153,2,402.4,5.0,5,22.4,2.9,0.14,0.39,1
user_004641,26-35,Córdoba,Móvil,Premium,67,26,302.19,57.0,4,23.7,11.6,0.911,,0
user_004642,26-35,Buenos Aires,Móvil,Premium,315,40,75.2,32.0,3,,7.1,,,0
user_004643,26-35,Buenos Aires,Móvil,Premium,311,25,249.36,112.0,15,66.5,16.4,0.766,2.41,1
user_004644,36-45,Rosario,Desktop,Free,325,11,217.13,76.0,5,24.3,4.3,0.686,1.02,1
user_004645,26-35,Mendoza,Móvil,Basic,268,13,104.2,99.0,26,88.6,14.4,0.087,1.46,0
user_004646,26-35,Rosario,Móvil,Free,191,35,59.1,75.0,10,41.3,9.6,0.988,5.5,0
user_004647,36-45,Córdoba,Desktop,Basic,79,0,440.94,999.0,28,26.6,9.2,0.022,0.0,1
user_004648,36-45,Buenos Aires,Desktop,Basic,19,27,259.33,20.0,19,87.2,1.2,0.696,27.0,1
user_004649,26-35,Rosario,Móvil,Basic,142,36,116.49,134.0,30,13.9,11.8,0.646,7.61,0
user_004650,36-45,Rosario,Desktop,Basic,44,17,200.5,44.0,7,115.6,2.6,,,1
user_004651,18-25,Buenos Aires,Móvil,Free,361,20,264.66,101.0,28,26.9,18.5,0.453,1.66,0
user_004652,26-35,Buenos Aires,Móvil,Free,195,49,409.32,154.0,12,49.6,9.3,0.433,7.54,0
user_004653,26-35,Córdoba,Desktop,Free,93,5,198.75,17.0,1,,14.2,0.355,1.61,1
user_004654,26-35,Rosario,Desktop,Free,322,39,468.09,93.0,21,95.1,15.2,,3.63,1
user_004655,26-35,Córdoba,Desktop,Premium,191,43,36.97,169.0,24,18.1,7.3,,6.75,1
user_004656,56+,Córdoba,Móvil,Free,80,24,308.81,155.0,6,118.7,17.5,0.299,9.0,0
user_004657,56+,Buenos Aires,Móvil,Free,235,21,91.86,25.0,5,42.1,17.5,,2.68,0
user_004658,18-25,Buenos Aires,Tablet,Free,144,39,448.74,27.0,17,6.3,6.2,0.653,8.12,1
user_004659,36-45,Buenos Aires,Desktop,Free,49,6,152.99,91.0,25,8.1,7.6,,3.67,0
user_004660,26-35,Buenos Aires,Desktop,Premium,5,38,347.14,56.0,25,50.3,2.4,0.183,38.0,0
user_004661,26-35,Buenos Aires,Desktop,Basic,155,44,291.7,45.0,9,41.5,12.4,,8.52,0
user_004662,46-55,Buenos Aires,Móvil,Enterprise,359,29,148.76,161.0,8,,13.8,0.929,2.42,0
user_004663,36-45,Mendoza,Desktop,Basic,7,21,378.22,47.0,14,95.4,19.0,,,0
user_004664,18-25,Buenos Aires,Desktop,Free,275,9,160.26,98.0,12,15.6,5.9,,0.98,0
user_004665,18-25,La Plata,Móvil,Free,91,48,422.61,150.0,22,2.8,9.3,0.247,15.82,1
user_004666,46-55,Rosario,Desktop,Free,314,21,328.2,60.0,3,53.3,3.6,,2.01,1
user_004667,26-35,Rosario,Móvil,Free,261,19,450.08,60.0,14,91.8,18.5,,,1
user_004668,46-55,Buenos Aires,Móvil,Free,273,43,66.28,58.0,7,28.0,1.1,,4.73,0
user_004669,26-35,Córdoba,Tablet,Basic,270,28,384.11,17.0,6,111.0,5.5,,3.11,0
user_004670,18-25,Córdoba,Móvil,Free,183,34,377.78,177.0,9,19.8,8.8,0.432,,1
user_004671,26-35,La Plata,Móvil,Premium,321,39,24.38,52.0,20,115.6,18.9,0.691,,0
user_004672,26-35,Córdoba,Móvil,Free,305,45,195.79,127.0,2,25.7,6.8,0.882,,1
user_004673,18-25,Buenos Aires,Tablet,Free,4,11,262.37,163.0,4,26.3,17.7,0.687,,1
user_004674,36-45,Buenos Aires,Móvil,,207,28,383.5,145.0,6,85.7,12.3,,4.06,1
user_004675,26-35,Córdoba,Tablet,Free,141,11,68.45,155.0,15,,14.0,0.294,2.34,1
user_004676,26-35,Buenos Aires,Tablet,Premium,144,47,323.92,82.0,8,5.9,6.9,,9.79,1
user_004677,,La Plata,Móvil,Free,108,6,205.94,36.0,15,76.5,19.2,0.651,1.67,0
user_004678,18-25,Buenos Aires,Móvil,Free,73,24,474.79,160.0,12,24.9,18.6,,9.86,0
user_004679,26-35,Buenos Aires,Móvil,Premium,280,25,474.13,66.0,21,38.3,6.4,0.388,2.68,1
user_004680,36-45,Otros,Móvil,Enterprise,151,30,332.97,99.0,15,75.9,18.6,0.386,5.96,0
user_004681,26-35,Buenos Aires,Desktop,Free,102,14,111.0,33.0,15,74.2,11.7,0.802,,0
user_004682,56+,,Desktop,Free,84,41,475.5,170.0,27,58.6,12.5,0.385,14.64,1
user_004683,46-55,Buenos Aires,Móvil,Basic,214,7,161.02,117.0,11,51.3,3.3,0.416,0.98,0
user_004684,46-55,Córdoba,Móvil,Free,344,44,83.61,7.0,26,50.8,17.7,,3.84,1
user_004685,26-35,Buenos Aires,Móvil,Free,109,5,379.13,144.0,29,46.3,2.3,0.936,1.38,0
user_004686,18-25,La Plata,Móvil,Free,51,28,268.64,11.0,29,66.1,7.4,0.885,16.47,1
user_004687,36-45,Buenos Aires,Desktop,Premium,149,14,149.95,123.0,23,100.6,14.9,0.761,2.82,0
user_004688,,Buenos Aires,Móvil,Free,329,41,78.1,59.0,27,63.9,16.5,0.363,3.74,1
user_004689,46-55,Mendoza,Desktop,Basic,72,8,300.34,39.0,30,5.2,3.9,0.197,3.33,0
user_004690,26-35,Mendoza,Móvil,Free,261,34,312.47,91.0,2,13.6,3.3,0.241,3.91,1
user_004691,36-45,Mendoza,Móvil,Premium,48,34,413.62,117.0,19,19.7,11.5,0.468,21.25,0
user_004692,56+,La Plata,Móvil,Free,141,35,360.0,46.0,4,,8.3,0.873,,1
user_004693,26-35,Buenos Aires,Desktop,Premium,157,24,176.02,69.0,6,3.8,8.7,0.82,4.59,1
user_004694,36-45,Buenos Aires,Desktop,Premium,170,40,156.39,144.0,19,75.5,12.2,,7.06,1
user_004695,18-25,La Plata,Móvil,Free,293,0,382.01,999.0,16,33.3,18.5,0.218,0.0,0
user_004696,56+,La Plata,Móvil,Basic,304,48,495.06,179.0,30,76.3,12.2,,,0
user_004697,18-25,Buenos Aires,Móvil,Basic,266,17,290.02,86.0,1,104.3,6.4,0.847,1.92,0
user_004698,26-35,La Plata,Móvil,Basic,278,41,482.72,36.0,22,62.9,19.6,0.65,4.42,1
user_004699,46-55,Córdoba,Desktop,Basic,308,43,481.17,45.0,8,99.9,10.9,0.526,,1
user_004700,56+,Buenos Aires,Desktop,Basic,196,14,75.03,129.0,3,24.3,1.3,,,1
user_004701,26-35,Rosario,Móvil,,202,26,464.33,44.0,13,102.5,7.4,0.268,3.86,1
user_004702,18-25,,Desktop,Free,198,22,51.0,110.0,7,38.5,10.8,0.993,3.33,0
user_004703,26-35,Mendoza,Móvil,Basic,305,32,144.6,122.0,3,98.9,4.2,0.911,3.15,0
user_004704,46-55,Buenos Aires,Móvil,Free,335,38,327.95,86.0,16,92.9,18.6,0.674,3.4,1
user_004705,36-45,La Plata,Móvil,Basic,191,7,415.05,13.0,3,34.9,1.9,,1.1,0
user_004706,26-35,Buenos Aires,Desktop,Enterprise,176,32,89.87,151.0,0,12.6,6.1,0.048,5.45,1
user_004707,46-55,Rosario,Móvil,Free,307,5,205.56,97.0,12,6.8,9.6,0.397,0.49,1
user_004708,18-25,Córdoba,Desktop,Basic,67,29,261.17,175.0,25,55.7,2.7,,12.99,0
user_004709,18-25,Otros,Móvil,Basic,50,28,376.11,89.0,2,2.5,16.5,0.742,16.8,1
user_004710,26-35,Otros,Tablet,Basic,235,11,498.95,42.0,30,,3.2,0.079,1.4,0
user_004711,46-55,Buenos Aires,Desktop,Premium,213,47,157.44,59.0,0,33.6,6.6,,6.62,0
user_004712,36-45,Rosario,Móvil,Free,128,26,118.32,148.0,29,,1.3,0.021,6.09,0
user_004713,36-45,Córdoba,Desktop,Basic,319,15,145.61,1.0,1,31.7,12.8,,1.41,0
user_004714,18-25,Buenos Aires,Móvil,Premium,321,24,44.56,1.0,12,84.6,3.0,0.685,,1
user_004715,36-45,Buenos Aires,Móvil,Premium,160,34,340.46,34.0,25,77.3,1.6,0.599,6.38,1
user_004716,18-25,Buenos Aires,,Premium,115,4,260.83,136.0,12,69.3,12.5,,1.04,0
user_004717,26-35,Buenos Aires,Móvil,Basic,222,19,254.25,118.0,5,10.9,5.2,0.571,2.57,1
user_004718,36-45,Córdoba,Móvil,Enterprise,265,4,210.0,169.0,30,33.4,13.9,0.295,0.45,1
user_004719,26-35,Mendoza,Desktop,Free,309,39,24.0,112.0,1,84.2,8.4,0.989,,0
user_004720,56+,Buenos Aires,,Free,96,34,398.95,142.0,18,26.6,7.6,0.941,10.62,1
user_004721,18-25,La Plata,Móvil,Premium,30,23,349.98,22.0,26,107.6,4.0,0.417,23.0,0
user_004722,56+,Córdoba,Tablet,Free,167,43,219.91,101.0,12,50.9,2.8,0.458,7.72,1
user_004723,56+,La Plata,Móvil,Premium,308,1,61.24,176.0,21,3.1,7.4,0.526,,0
user_004724,18-25,Córdoba,Móvil,Basic,75,11,403.96,104.0,5,44.0,17.6,,4.4,1
user_004725,26-35,Buenos Aires,Desktop,Premium,130,15,101.89,155.0,25,75.7,13.3,,3.46,1
user_004726,,Córdoba,Desktop,Basic,101,40,263.1,48.0,24,2.2,5.8,,11.88,0
user_004727,18-25,Rosario,Desktop,Basic,291,23,116.28,31.0,22,83.1,2.2,,2.37,1
user_004728,36-45,La Plata,Móvil,Free,67,0,33.25,999.0,15,111.9,17.6,,0.0,1
user_004729,46-55,Otros,Desktop,Basic,207,1,61.96,77.0,1,105.2,9.2,,0.14,1
user_004730,46-55,Córdoba,Móvil,Basic,290,38,32.76,83.0,19,7.7,14.0,,3.93,1
user_004731,36-45,Buenos Aires,Móvil,Basic,57,4,391.09,147.0,29,14.3,15.5,0.768,2.11,1
user_004732,46-55,Córdoba,Móvil,Free,150,26,297.51,106.0,2,50.1,4.7,,5.2,0
user_004733,56+,La Plata,Móvil,Premium,22,20,100.76,105.0,22,110.8,11.8,,20.0,0
user_004734,46-55,Rosario,Desktop,Free,21,17,356.58,161.0,19,,11.3,0.729,17.0,1
user_004735,36-45,Buenos Aires,Móvil,Free,22,10,399.51,120.0,1,44.0,16.1,0.805,10.0,1
user_004736,26-35,,Móvil,Free,124,18,422.87,136.0,2,65.7,19.1,0.869,4.35,1
user_004737,36-45,La Plata,Móvil,,91,37,360.66,6.0,3,,11.9,0.92,12.2,0
user_004738,36-45,Buenos Aires,Tablet,Premium,263,5,156.41,43.0,0,13.0,6.3,0.623,0.57,1
user_004739,46-55,La Plata,Móvil,Enterprise,29,47,95.48,169.0,24,111.5,18.8,0.311,47.0,0
user_004740,26-35,Buenos Aires,Móvil,Basic,216,12,399.76,112.0,29,90.6,5.1,0.663,1.67,1
user_004741,56+,Buenos Aires,Móvil,Basic,119,15,159.85,75.0,9,48.2,10.5,0.803,,0
user_004742,56+,Buenos Aires,Móvil,Premium,238,2,433.99,152.0,10,36.2,12.4,,,1
user_004743,,La Plata,Desktop,Free,313,30,287.47,0.0,18,74.8,14.2,0.721,2.88,0
user_004744,36-45,Otros,Desktop,Premium,53,32,424.14,71.0,12,,2.3,0.019,,1
user_004745,26-35,Buenos Aires,Móvil,Premium,71,22,207.94,41.0,10,58.4,8.6,0.069,9.3,0
user_004746,36-45,Buenos Aires,Móvil,Basic,45,37,487.23,87.0,11,3.8,16.3,0.765,24.67,0
user_004747,26-35,Buenos Aires,Desktop,Premium,213,24,343.16,10.0,30,109.0,14.8,0.896,3.38,1
user_004748,,Buenos Aires,Desktop,Premium,111,1,90.24,115.0,10,65.3,4.4,,0.27,1
user_004749,36-45,Buenos Aires,Móvil,Free,257,47,121.15,122.0,22,47.7,15.1,0.967,5.49,0
user_004750,26-35,Buenos Aires,Desktop,Free,25,46,146.83,155.0,6,99.9,3.7,0.648,46.0,0
user_004751,56+,Córdoba,Móvil,Premium,119,24,200.1,139.0,10,25.3,4.5,0.117,,0
user_004752,36-45,Buenos Aires,Desktop,Basic,215,32,486.55,9.0,28,58.9,7.8,,4.47,1
user_004753,26-35,Buenos Aires,Móvil,Premium,219,35,192.14,76.0,11,11.4,14.2,0.179,4.79,0
user_004754,26-35,Buenos Aires,Móvil,Basic,295,41,312.29,143.0,30,44.2,8.6,0.144,4.17,1
user_004755,36-45,Otros,Móvil,Free,24,35,238.79,135.0,12,29.6,19.9,0.068,35.0,0
user_004756,36-45,Córdoba,Móvil,Free,220,26,391.0,149.0,14,,2.5,0.969,,1
user_004757,,Córdoba,Móvil,Premium,356,11,253.68,145.0,30,50.8,2.0,0.41,0.93,1
user_004758,36-45,Córdoba,Móvil,Basic,89,50,148.54,44.0,30,2.1,14.0,0.03,16.85,0
user_004759,26-35,Otros,Móvil,Free,199,4,208.57,67.0,24,49.4,2.8,0.721,0.6,1
user_004760,46-55,,Móvil,Free,203,4,341.56,59.0,22,63.0,12.9,0.502,0.59,1
user_004761,36-45,Córdoba,Desktop,Basic,118,32,219.33,27.0,29,77.0,9.3,,,1
user_004762,46-55,Buenos Aires,Móvil,Premium,338,22,287.67,157.0,13,56.1,3.0,0.897,,0
user_004763,26-35,,Móvil,Free,13,4,371.6,67.0,12,114.9,8.1,0.154,4.0,0
user_004764,56+,Rosario,Desktop,Basic,29,50,484.36,50.0,29,38.7,8.2,0.238,,0
user_004765,56+,Buenos Aires,Desktop,Basic,363,7,50.45,167.0,2,60.6,2.1,,0.58,1
user_004766,36-45,Buenos Aires,Desktop,Enterprise,223,16,226.99,175.0,10,98.0,7.3,0.447,2.15,0
user_004767,26-35,Rosario,Móvil,Basic,117,14,442.89,17.0,6,16.2,13.6,1.0,3.59,1
user_004768,46-55,Rosario,Móvil,Basic,84,46,496.29,159.0,16,30.6,12.2,0.641,16.43,1
user_004769,26-35,Rosario,Desktop,Basic,97,8,293.04,116.0,28,38.6,6.2,0.335,2.47,0
user_004770,26-35,Otros,Móvil,Free,293,9,137.12,76.0,12,102.1,11.0,0.348,0.92,0
user_004771,,Mendoza,Desktop,Free,88,1,291.1,119.0,16,24.6,2.0,0.417,0.34,1
user_004772,26-35,Mendoza,,Premium,148,36,299.22,127.0,5,118.3,6.1,0.301,7.3,0
user_004773,18-25,Mendoza,Desktop,Premium,241,43,465.15,148.0,30,21.6,6.8,,5.35,0
user_004774,46-55,Rosario,Móvil,Free,75,8,28.65,18.0,10,79.0,19.8,0.645,3.2,1
user_004775,26-35,Buenos Aires,Móvil,Free,106,18,421.71,99.0,21,40.5,19.9,0.489,,1
user_004776,46-55,La Plata,Móvil,Basic,365,4,311.1,11.0,6,21.9,19.3,0.431,0.33,1
user_004777,,Mendoza,Móvil,Premium,122,15,88.77,119.0,30,31.5,11.1,0.422,3.69,1
user_004778,26-35,,Desktop,Enterprise,40,8,116.95,59.0,17,111.9,16.4,0.811,6.0,0
user_004779,26-35,Córdoba,Desktop,Free,241,47,184.21,87.0,17,21.7,12.8,0.885,5.85,0
user_004780,46-55,Rosario,Desktop,Basic,223,8,143.0,23.0,29,17.2,13.6,0.08,1.08,1
user_004781,56+,Córdoba,Móvil,Basic,183,12,370.37,43.0,22,25.5,10.1,0.119,,0
user_004782,18-25,Mendoza,Móvil,Free,309,26,230.76,14.0,14,,12.8,0.675,,0
user_004783,46-55,Buenos Aires,Desktop,Free,32,45,410.88,76.0,23,99.3,9.9,0.654,42.19,0
user_004784,18-25,Buenos Aires,Móvil,,141,44,497.54,134.0,26,58.9,3.2,0.041,9.36,1
user_004785,18-25,La Plata,Móvil,Premium,213,27,444.16,146.0,30,34.3,9.1,,3.8,0
user_004786,26-35,Buenos Aires,Móvil,Basic,103,12,429.88,142.0,21,42.1,14.5,0.135,,0
user_004787,36-45,Rosario,Móvil,Free,268,11,250.53,18.0,19,19.4,6.8,,1.23,0
user_004788,18-25,Córdoba,Móvil,Free,362,33,477.65,140.0,0,59.1,9.3,0.414,,0
user_004789,36-45,Rosario,Móvil,Free,0,39,413.92,148.0,22,74.8,14.8,,39.0,1
user_004790,36-45,Córdoba,Desktop,Free,306,47,334.42,61.0,11,,4.6,0.333,4.61,0
user_004791,18-25,La Plata,Desktop,Premium,352,32,241.08,175.0,1,,1.8,0.872,2.73,0
user_004792,18-25,Buenos Aires,Móvil,Premium,274,2,275.48,60.0,18,86.5,8.3,0.766,,0
user_004793,36-45,Buenos Aires,Móvil,Free,95,28,67.1,3.0,27,12.0,9.9,0.537,,0
user_004794,46-55,La Plata,Desktop,Basic,231,6,386.79,124.0,6,68.6,16.0,0.419,0.78,0
user_004795,36-45,Córdoba,Desktop,Basic,336,29,361.32,9.0,5,56.3,18.5,0.121,2.59,1
user_004796,26-35,Otros,Móvil,,355,21,17.65,51.0,4,89.3,15.9,0.951,1.77,1
user_004797,36-45,Buenos Aires,Desktop,Free,12,5,333.91,109.0,19,97.8,15.8,,5.0,1
user_004798,26-35,Buenos Aires,Móvil,Free,205,25,388.89,168.0,23,85.7,8.8,0.857,3.66,1
user_004799,26-35,Mendoza,Móvil,Free,304,0,420.08,999.0,3,26.2,18.9,0.444,0.0,1
user_004800,26-35,Buenos Aires,Desktop,Free,268,30,127.72,45.0,6,115.1,3.8,0.847,3.36,1
user_004801,36-45,Rosario,Móvil,Basic,26,49,452.75,164.0,23,,19.9,0.721,49.0,1
user_004802,26-35,Buenos Aires,Móvil,Basic,228,25,190.85,137.0,13,,9.3,0.042,3.29,0
user_004803,18-25,Buenos Aires,Móvil,Free,32,7,269.54,97.0,5,77.7,6.1,0.608,6.56,0
user_004804,36-45,Rosario,Móvil,Free,243,42,293.17,73.0,1,16.3,19.4,0.642,5.19,1
user_004805,56+,La Plata,Móvil,Free,166,44,180.34,89.0,21,63.6,13.3,0.503,,0
user_004806,26-35,Buenos Aires,Móvil,Premium,176,13,63.73,57.0,23,87.2,3.6,,2.22,0
user_004807,36-45,Córdoba,Móvil,Free,338,40,166.65,26.0,21,24.6,11.3,0.245,3.55,1
user_004808,36-45,Otros,Móvil,Free,178,19,96.71,57.0,5,114.2,15.1,0.991,3.2,1
user_004809,18-25,Córdoba,Desktop,Enterprise,133,28,132.31,124.0,21,5.5,1.9,0.361,6.32,1
user_004810,18-25,Buenos Aires,Desktop,Basic,160,5,100.08,147.0,7,10.4,1.7,0.156,0.94,0
user_004811,18-25,Rosario,Móvil,Basic,167,49,462.89,153.0,19,84.7,15.2,0.434,,1
user_004812,26-35,Córdoba,Desktop,Free,354,39,485.12,98.0,12,,2.9,0.82,3.31,1
user_004813,,Rosario,Desktop,Premium,81,30,163.47,110.0,9,27.1,11.7,0.237,11.11,0
user_004814,26-35,Buenos Aires,Móvil,Free,66,7,479.31,148.0,27,117.9,3.6,0.629,3.18,0
user_004815,56+,Buenos Aires,Desktop,Free,157,30,166.68,101.0,17,52.4,5.8,0.317,5.73,0
user_004816,46-55,Otros,Tablet,Basic,225,10,94.55,106.0,25,99.5,11.8,0.76,1.33,1
user_004817,18-25,Mendoza,Móvil,Free,25,0,107.09,999.0,26,42.6,2.1,0.703,0.0,0
user_004818,46-55,Córdoba,Desktop,Enterprise,83,16,374.8,157.0,3,86.6,17.4,0.507,5.78,0
user_004819,46-55,,Móvil,Basic,187,5,447.89,47.0,14,,4.1,,0.8,0
user_004820,36-45,Buenos Aires,Móvil,Basic,139,43,316.89,48.0,4,112.8,10.5,0.939,,0
user_004821,26-35,Córdoba,Desktop,Basic,320,42,55.96,1.0,7,34.9,4.3,0.964,3.94,0
user_004822,46-55,,Móvil,Free,114,48,497.25,27.0,15,75.6,2.3,,12.63,1
user_004823,18-25,Mendoza,Móvil,Free,95,5,121.55,15.0,26,100.7,13.1,0.721,1.58,0
user_004824,46-55,Rosario,Móvil,Free,224,5,366.05,63.0,26,94.7,13.2,,0.67,1
user_004825,36-45,Rosario,Desktop,Free,184,9,238.37,125.0,30,18.5,6.5,0.645,1.47,0
user_004826,26-35,Buenos Aires,Móvil,Basic,2,47,442.12,79.0,13,,17.9,,47.0,0
user_004827,36-45,Mendoza,Móvil,Premium,13,21,314.31,113.0,9,,1.8,0.998,21.0,1
user_004828,18-25,Córdoba,Desktop,Basic,63,38,100.71,172.0,19,90.7,17.4,0.788,18.1,0
user_004829,56+,La Plata,Desktop,Free,251,27,69.43,120.0,17,76.6,15.8,,3.23,0
user_004830,18-25,Córdoba,Desktop,Basic,329,24,367.53,146.0,27,68.4,4.0,0.717,,0
user_004831,46-55,Rosario,Desktop,Basic,131,40,217.92,96.0,11,55.3,18.2,0.296,9.16,0
user_004832,36-45,Córdoba,Móvil,Basic,90,20,304.23,118.0,15,52.6,5.1,0.665,6.67,0
user_004833,36-45,Buenos Aires,Móvil,Free,45,26,266.99,49.0,20,88.0,15.8,0.235,17.33,0
user_004834,36-45,Buenos Aires,Desktop,Basic,251,42,362.26,111.0,15,67.9,8.7,0.338,,1
user_004835,26-35,Rosario,Móvil,Premium,339,16,421.66,0.0,23,89.5,7.8,0.081,1.42,1
user_004836,56+,Otros,Móvil,Free,130,0,322.71,999.0,16,96.0,13.9,0.584,0.0,1
user_004837,36-45,La Plata,Tablet,Enterprise,44,49,341.33,40.0,18,79.1,7.6,0.777,33.41,1
user_004838,26-35,Mendoza,Móvil,Basic,110,13,254.1,175.0,1,53.2,14.9,0.726,,0
user_004839,,Mendoza,Móvil,Free,10,43,334.5,21.0,11,89.2,5.3,0.307,43.0,0
user_004840,18-25,La Plata,Móvil,Premium,46,0,322.7,999.0,28,34.9,15.1,0.488,0.0,1
user_004841,36-45,Mendoza,Móvil,Basic,308,40,164.94,149.0,12,,4.8,0.374,3.9,0
user_004842,56+,Buenos Aires,Móvil,Free,341,44,391.88,100.0,30,55.2,6.1,0.505,3.87,1
user_004843,18-25,Rosario,Móvil,Premium,171,15,79.91,25.0,11,105.1,8.6,0.449,2.63,1
user_004844,,Rosario,Móvil,Free,333,7,13.56,85.0,22,73.6,16.2,0.159,0.63,0
user_004845,26-35,Buenos Aires,,Basic,342,42,488.88,38.0,5,10.4,3.0,,3.68,1
user_004846,26-35,Buenos Aires,Móvil,Free,34,6,435.34,162.0,2,57.4,6.6,0.938,,0
user_004847,46-55,Buenos Aires,Móvil,Basic,118,22,188.46,83.0,2,97.0,4.5,0.247,5.59,1
user_004848,56+,Buenos Aires,Móvil,Basic,260,48,157.83,158.0,2,42.5,8.8,0.193,5.54,0
user_004849,18-25,Buenos Aires,,Premium,12,32,205.81,4.0,1,54.1,6.6,0.209,32.0,1
user_004850,46-55,Buenos Aires,Desktop,Free,274,36,52.94,93.0,7,48.3,9.8,0.807,,1
user_004851,26-35,Córdoba,Desktop,Premium,32,30,247.87,160.0,3,,5.0,0.065,28.12,0
user_004852,18-25,Otros,Móvil,Premium,190,17,387.73,16.0,21,98.6,5.1,0.917,2.68,1
user_004853,18-25,Buenos Aires,Tablet,Premium,73,4,418.4,70.0,1,113.8,8.2,,1.64,0
user_004854,36-45,Buenos Aires,Desktop,Free,287,49,453.08,37.0,29,,1.9,,,0
user_004855,36-45,La Plata,Móvil,Enterprise,30,49,147.33,60.0,30,62.5,15.4,0.711,,0
user_004856,36-45,Rosario,Móvil,Free,53,3,465.61,24.0,12,103.2,5.5,0.676,,0
user_004857,36-45,La Plata,Desktop,Free,288,37,498.4,34.0,27,66.7,7.9,0.747,3.85,0
user_004858,18-25,Rosario,Tablet,Free,304,18,489.52,27.0,4,61.8,15.1,0.773,1.78,0
user_004859,46-55,Córdoba,Desktop,Premium,364,7,261.04,167.0,19,21.2,7.9,0.414,0.58,0
user_004860,18-25,Córdoba,Móvil,Premium,73,27,13.86,158.0,25,,10.0,0.613,11.1,0
user_004861,26-35,Otros,Desktop,Basic,289,15,368.51,92.0,6,10.8,8.1,0.352,1.56,0
user_004862,36-45,Córdoba,Móvil,Free,280,19,490.99,178.0,26,,15.7,0.719,2.04,0
user_004863,18-25,Buenos Aires,Móvil,Basic,11,31,54.13,109.0,17,20.7,13.7,0.538,,1
user_004864,36-45,Buenos Aires,Móvil,Basic,326,6,206.09,96.0,4,,1.1,0.523,,0
user_004865,26-35,La Plata,Tablet,Premium,37,40,324.41,59.0,4,,4.1,,32.43,1
user_004866,26-35,La Plata,Móvil,Enterprise,295,35,365.27,100.0,16,89.8,4.0,0.251,3.56,0
user_004867,26-35,Buenos Aires,Móvil,Basic,215,34,147.26,88.0,19,1.9,5.9,0.283,4.74,0
user_004868,26-35,Buenos Aires,Móvil,Free,319,22,234.54,76.0,21,,8.3,0.322,,0
user_004869,26-35,Rosario,Desktop,Free,186,17,334.75,59.0,8,87.5,3.3,0.951,,0
user_004870,26-35,Buenos Aires,Móvil,Basic,177,28,246.58,67.0,15,17.2,11.3,0.121,4.75,0
user_004871,36-45,Buenos Aires,Móvil,Free,201,50,359.47,26.0,22,52.0,4.3,,7.46,1
user_004872,36-45,Córdoba,Tablet,Free,266,18,278.49,121.0,5,34.5,5.8,0.967,2.03,1
user_004873,18-25,Buenos Aires,Móvil,Premium,146,43,126.46,82.0,24,51.6,3.5,0.051,8.84,1
user_004874,46-55,Córdoba,Móvil,Basic,79,32,428.31,152.0,16,,4.5,0.998,,1
user_004875,46-55,Córdoba,Desktop,Free,68,45,402.75,70.0,24,,13.1,0.679,19.85,1
user_004876,36-45,Buenos Aires,Desktop,Basic,114,49,294.71,150.0,27,115.2,1.2,,12.89,1
user_004877,18-25,,Móvil,Basic,354,35,463.0,34.0,27,44.0,9.8,0.976,2.97,1
user_004878,46-55,Otros,Móvil,Premium,73,44,406.57,170.0,8,111.5,4.2,0.79,,1
user_004879,18-25,Buenos Aires,Móvil,Free,247,41,239.21,164.0,1,2.5,10.1,0.534,,0
user_004880,18-25,Buenos Aires,,Basic,114,9,153.91,3.0,16,61.7,20.0,0.796,2.37,0
user_004881,46-55,Buenos Aires,Desktop,Basic,176,7,473.57,21.0,24,23.2,13.3,0.51,1.19,1
user_004882,56+,Buenos Aires,Móvil,Basic,169,29,483.69,74.0,18,34.4,3.1,0.779,5.15,0
user_004883,26-35,Rosario,Móvil,Basic,309,32,363.12,63.0,15,16.0,7.5,0.673,,0
user_004884,46-55,Mendoza,Móvil,Basic,26,27,258.01,133.0,22,25.2,15.4,,27.0,0
user_004885,56+,Rosario,Móvil,Basic,77,40,250.22,85.0,9,117.4,19.9,0.86,15.58,1
user_004886,36-45,La Plata,Desktop,Premium,75,38,381.83,82.0,25,58.7,16.0,0.302,15.2,1
user_004887,46-55,Córdoba,Móvil,Enterprise,22,38,408.01,164.0,22,89.6,1.9,0.367,38.0,1
user_004888,26-35,Buenos Aires,,Free,253,40,467.39,45.0,6,32.6,19.2,,4.74,0
user_004889,,Córdoba,Desktop,Basic,321,27,216.03,28.0,21,78.2,13.7,0.542,2.52,0
user_004890,26-35,Buenos Aires,Móvil,Premium,337,7,65.09,178.0,16,91.4,12.8,0.338,0.62,0
user_004891,36-45,La Plata,Desktop,Premium,234,24,169.37,148.0,10,15.0,4.9,0.394,,0
user_004892,26-35,Córdoba,Móvil,Free,166,50,230.77,67.0,0,119.0,15.1,0.7,9.04,0
user_004893,36-45,La Plata,Desktop,Free,75,26,131.53,42.0,5,33.6,6.2,0.159,,1
user_004894,46-55,Otros,Móvil,Premium,188,5,336.35,155.0,20,79.1,3.3,0.579,0.8,1
user_004895,36-45,Buenos Aires,Móvil,Enterprise,109,38,65.27,72.0,27,29.4,12.0,0.903,10.46,0
user_004896,46-55,La Plata,Móvil,,345,16,271.58,152.0,6,4.4,19.9,0.617,,0
user_004897,36-45,Rosario,Móvil,Enterprise,340,26,297.41,102.0,19,65.4,12.5,0.702,2.29,0
user_004898,56+,Otros,Móvil,Free,269,37,480.13,43.0,12,96.1,6.5,0.762,4.13,1
user_004899,26-35,,Móvil,Free,7,36,287.77,167.0,30,52.2,1.4,0.115,36.0,0
user_004900,26-35,Buenos Aires,Móvil,Basic,173,23,58.0,83.0,19,20.3,16.9,0.54,3.99,0
user_004901,,Córdoba,Móvil,Free,197,22,359.27,50.0,19,,11.0,0.868,3.35,0
user_004902,26-35,Mendoza,Móvil,Basic,143,15,135.32,118.0,30,61.7,16.1,0.769,3.15,1
user_004903,36-45,Córdoba,Móvil,Basic,155,40,373.32,96.0,22,75.6,5.5,0.059,7.74,1
user_004904,26-35,Rosario,Móvil,Basic,59,49,267.37,118.0,23,51.4,5.7,0.718,24.92,1
user_004905,26-35,Córdoba,Móvil,Basic,198,45,419.02,166.0,3,20.7,9.4,0.419,6.82,1
user_004906,46-55,Córdoba,Móvil,Basic,180,17,162.42,67.0,12,56.7,15.9,0.796,2.83,0
user_004907,18-25,La Plata,Tablet,Premium,356,22,308.05,105.0,10,60.1,4.5,0.257,,1
user_004908,36-45,Mendoza,Móvil,Basic,186,22,52.98,100.0,2,,17.2,0.615,3.55,1
user_004909,56+,Rosario,Móvil,Basic,331,37,478.85,85.0,9,111.8,6.7,,,0
user_004910,18-25,Mendoza,Móvil,Premium,149,26,181.19,141.0,28,99.2,9.7,0.776,5.23,1
user_004911,46-55,Otros,Desktop,Basic,254,29,451.33,99.0,23,48.9,7.8,,3.43,1
user_004912,36-45,Buenos Aires,Tablet,Free,234,49,167.18,150.0,18,59.8,8.7,,6.28,1
user_004913,18-25,Otros,Móvil,Premium,80,50,241.67,140.0,7,52.8,7.2,0.676,18.75,1
user_004914,26-35,Córdoba,Desktop,Basic,46,9,235.17,107.0,13,21.4,17.3,0.607,5.87,1
user_004915,26-35,Otros,Móvil,Basic,248,40,479.51,44.0,27,50.6,7.4,0.067,4.84,0
user_004916,18-25,Otros,Móvil,Free,261,50,137.38,34.0,26,54.8,17.1,0.005,5.75,0
user_004917,56+,Otros,Móvil,Free,22,41,389.57,33.0,20,75.7,2.1,0.166,41.0,1
user_004918,26-35,Buenos Aires,Tablet,Premium,15,30,369.77,4.0,24,54.9,11.3,0.771,30.0,0
user_004919,26-35,Buenos Aires,Móvil,Basic,175,44,258.47,82.0,27,50.4,19.1,0.938,7.54,1
user_004920,46-55,Buenos Aires,Desktop,Premium,81,16,276.03,60.0,7,46.1,11.7,0.111,5.93,1
user_004921,46-55,La Plata,Móvil,Free,289,33,238.74,16.0,12,46.7,13.3,,3.43,0
user_004922,26-35,Buenos Aires,Móvil,Premium,341,35,359.33,131.0,1,56.5,2.8,,3.08,1
user_004923,46-55,La Plata,Desktop,Free,323,31,138.8,172.0,2,107.8,19.0,0.753,,1
user_004924,18-25,Córdoba,Móvil,Premium,314,12,152.28,166.0,2,56.8,14.6,,1.15,0
user_004925,,Rosario,Móvil,Free,210,30,448.8,99.0,29,70.2,14.5,,4.29,1
user_004926,26-35,La Plata,Móvil,Free,262,8,31.17,78.0,11,83.1,10.1,,0.92,0
user_004927,56+,Córdoba,Móvil,Enterprise,42,39,363.35,44.0,6,119.3,1.9,0.13,27.86,0
user_004928,56+,Buenos Aires,Tablet,Basic,216,25,495.75,79.0,7,118.6,13.6,0.193,,0
user_004929,26-35,Buenos Aires,Móvil,Basic,10,40,374.41,16.0,2,9.2,3.5,0.989,40.0,1
user_004930,26-35,La Plata,Desktop,Enterprise,283,43,293.42,14.0,13,97.6,9.2,0.257,4.56,1
user_004931,36-45,Mendoza,Desktop,Premium,341,5,254.35,177.0,27,119.9,2.4,0.078,0.44,1
user_004932,46-55,Buenos Aires,Desktop,Free,52,2,33.54,84.0,5,78.1,1.9,0.585,1.15,0
user_004933,46-55,Córdoba,Móvil,Free,167,1,108.12,152.0,11,26.1,14.0,0.182,,1
user_004934,46-55,Mendoza,Móvil,Basic,130,11,371.53,2.0,5,41.5,5.1,0.308,2.54,1
user_004935,36-45,La Plata,Móvil,Premium,95,26,303.3,111.0,11,56.1,16.1,0.314,,0
user_004936,36-45,Otros,Tablet,Basic,256,6,135.59,60.0,24,9.7,17.6,0.771,0.7,1
user_004937,36-45,Buenos Aires,Móvil,Premium,190,4,475.08,103.0,1,87.5,6.0,0.806,0.63,1
user_004938,36-45,Buenos Aires,Móvil,Free,87,41,359.7,173.0,8,76.5,16.2,0.278,14.14,0
user_004939,46-55,Córdoba,Móvil,Premium,24,25,391.37,79.0,9,116.5,2.5,0.262,25.0,0
user_004940,36-45,Córdoba,Desktop,Basic,305,16,74.93,14.0,15,8.6,4.9,,,0
user_004941,26-35,Córdoba,Móvil,Premium,227,42,204.31,33.0,6,88.3,7.7,0.264,5.55,0
user_004942,56+,La Plata,Desktop,Premium,39,13,226.33,2.0,26,50.2,9.9,0.639,10.0,1
user_004943,26-35,Otros,Tablet,Basic,24,1,128.19,156.0,19,87.3,5.9,,1.0,1
user_004944,18-25,Córdoba,Tablet,Premium,283,36,66.72,153.0,2,91.5,15.9,0.582,3.82,0
user_004945,36-45,Buenos Aires,Tablet,Basic,268,5,259.94,53.0,28,110.3,7.1,0.442,0.56,1
user_004946,36-45,Córdoba,Tablet,Free,47,23,28.04,130.0,3,,14.0,0.265,14.68,1
user_004947,26-35,Córdoba,Móvil,Enterprise,297,26,88.91,120.0,29,112.7,15.3,0.926,2.63,0
user_004948,26-35,Mendoza,Móvil,Premium,20,7,479.6,78.0,8,104.7,8.8,0.826,,1
user_004949,18-25,La Plata,Móvil,Basic,186,21,109.76,8.0,2,36.2,8.3,0.212,3.39,1
user_004950,26-35,Buenos Aires,Móvil,Free,87,8,331.17,35.0,2,109.0,19.5,0.8,2.76,0
user_004951,56+,Buenos Aires,Móvil,Free,34,3,480.22,155.0,7,7.7,11.9,0.618,2.65,0
user_004952,18-25,Rosario,Móvil,Premium,246,9,359.0,42.0,22,114.6,6.9,0.069,,1
user_004953,26-35,Otros,Móvil,Free,110,43,207.89,135.0,6,83.9,4.0,0.165,,0
user_004954,26-35,Buenos Aires,Desktop,Free,3,0,303.18,999.0,21,58.2,5.2,0.691,0.0,1
user_004955,36-45,Córdoba,Móvil,Premium,215,22,299.7,29.0,4,11.8,7.9,,3.07,0
user_004956,18-25,Buenos Aires,Móvil,Enterprise,339,27,367.14,,13,70.2,9.8,,2.39,1
user_004957,26-35,Córdoba,Móvil,Free,41,5,141.26,44.0,5,15.2,12.8,0.26,3.66,0
user_004958,56+,Mendoza,Móvil,Free,196,22,193.74,58.0,5,13.0,16.4,0.937,3.37,0
user_004959,56+,Mendoza,Móvil,Free,33,22,165.43,39.0,12,99.0,12.3,0.798,20.0,0
user_004960,26-35,Córdoba,Móvil,Free,358,29,87.9,143.0,16,,12.0,,2.43,1
user_004961,18-25,Mendoza,Móvil,Enterprise,69,46,358.42,104.0,28,47.2,12.0,0.015,,0
user_004962,26-35,Rosario,Tablet,Premium,350,46,98.21,88.0,9,114.7,15.0,0.032,3.94,1
user_004963,36-45,Mendoza,Móvil,Premium,276,48,56.84,59.0,20,,9.7,0.162,5.22,0
user_004964,36-45,La Plata,Móvil,Enterprise,232,40,428.64,13.0,5,78.3,6.6,0.786,5.17,0
user_004965,36-45,Otros,Desktop,Basic,139,46,284.86,21.0,1,111.8,10.6,0.586,9.93,1
user_004966,46-55,Buenos Aires,Móvil,Free,187,18,282.5,114.0,16,34.6,1.8,,2.89,0
user_004967,26-35,Buenos Aires,Móvil,Basic,208,48,454.64,132.0,14,59.1,12.0,0.349,6.92,0
user_004968,26-35,Otros,Desktop,Premium,326,8,299.85,165.0,6,55.3,15.6,,0.74,0
user_004969,26-35,Córdoba,Desktop,Free,333,30,424.92,176.0,7,28.3,15.8,,2.7,0
user_004970,26-35,Mendoza,Móvil,Free,68,20,330.69,147.0,5,92.3,17.9,0.302,8.82,0
user_004971,46-55,Otros,Móvil,Premium,126,17,60.21,86.0,7,93.7,6.3,0.408,4.05,0
user_004972,46-55,Córdoba,Móvil,Basic,173,43,227.21,96.0,9,29.1,2.3,0.983,7.46,0
user_004973,18-25,Córdoba,Móvil,Basic,307,23,495.38,35.0,9,9.4,10.4,,2.25,1
user_004974,26-35,Córdoba,Móvil,Basic,113,17,368.73,52.0,5,39.6,1.2,,4.51,1
user_004975,18-25,Otros,Tablet,Basic,352,44,67.44,68.0,18,,2.3,0.077,,1
user_004976,18-25,Buenos Aires,Desktop,Basic,322,19,239.03,179.0,17,12.1,7.0,,1.77,1
user_004977,18-25,Rosario,Desktop,Premium,142,12,391.57,14.0,5,88.9,4.3,0.322,2.54,0
user_004978,36-45,Buenos Aires,Desktop,Premium,10,32,484.56,127.0,1,70.6,9.8,,32.0,0
user_004979,,Mendoza,Móvil,Free,180,21,144.51,173.0,9,81.8,2.2,0.172,3.5,1
user_004980,,Rosario,Desktop,Basic,46,25,208.79,155.0,20,16.7,17.4,0.484,16.3,1
user_004981,18-25,Córdoba,Móvil,Premium,8,15,353.39,133.0,20,53.1,1.5,0.879,15.0,0
user_004982,26-35,La Plata,Móvil,Premium,11,22,122.98,112.0,30,43.8,17.9,0.549,22.0,1
user_004983,46-55,Buenos Aires,Móvil,Basic,74,20,200.8,152.0,16,6.5,3.6,0.303,8.11,1
user_004984,56+,Buenos Aires,Móvil,Basic,365,8,332.92,141.0,29,,6.2,0.897,0.66,1
user_004985,36-45,Rosario,Móvil,Enterprise,310,38,37.06,73.0,14,39.8,7.6,0.896,,0
user_004986,36-45,Córdoba,Desktop,Premium,41,27,20.32,138.0,24,96.1,3.5,0.683,19.76,0
user_004987,18-25,Rosario,Móvil,Basic,290,38,241.57,2.0,13,76.9,14.9,0.552,3.93,1
user_004988,26-35,Buenos Aires,Móvil,Free,45,9,83.13,43.0,3,16.2,11.4,0.399,6.0,0
user_004989,26-35,Otros,Desktop,Premium,355,49,485.8,44.0,22,107.7,5.3,0.495,4.14,1
user_004990,26-35,Buenos Aires,Móvil,Premium,250,25,426.33,132.0,6,67.2,18.7,,,0
user_004991,46-55,Rosario,Móvil,Basic,235,42,91.71,171.0,5,26.5,19.2,0.127,5.36,0
user_004992,56+,Buenos Aires,Desktop,Enterprise,108,7,304.84,145.0,14,10.6,10.7,0.094,,0
user_004993,26-35,Buenos Aires,Tablet,Free,105,41,121.12,177.0,10,86.2,13.9,0.179,11.71,1
user_004994,26-35,Córdoba,Móvil,Basic,232,9,244.26,13.0,27,32.4,10.8,0.61,1.16,1
user_004995,36-45,Otros,Desktop,Premium,17,10,455.2,168.0,10,74.0,17.3,0.201,10.0,1
user_004996,26-35,Córdoba,Desktop,Basic,254,33,113.89,112.0,26,33.0,5.2,0.734,3.9,0
user_004997,26-35,Buenos Aires,Desktop,Basic,339,0,323.14,999.0,14,59.0,19.1,0.747,0.0,1
user_004998,26-35,Córdoba,Móvil,Basic,170,28,453.36,23.0,23,88.3,15.0,0.468,4.94,1
user_004999,26-35,Buenos Aires,Móvil,Free,246,49,485.42,9.0,5,30.4,14.7,0.992,5.98,0
user_005000,56+,Buenos Aires,Desktop,Free,62,38,368.39,173.0,26,55.6,15.5,0.952,,0
user_005001,26-35,Mendoza,Móvil,Free,279,43,451.73,118.0,19,,3.9,0.541,,1
user_005002,46-55,Córdoba,Móvil,Basic,71,48,232.73,109.0,3,,14.6,0.898,20.28,0
user_005003,18-25,Buenos Aires,Desktop,Basic,137,1,41.18,114.0,10,76.9,7.3,0.391,0.22,1
user_005004,46-55,Córdoba,Móvil,Free,130,26,232.12,77.0,27,36.4,14.1,,6.0,1
user_005005,36-45,Buenos Aires,Desktop,Premium,105,44,205.3,160.0,15,62.8,17.0,0.712,12.57,0
user_005006,26-35,La Plata,Tablet,Enterprise,339,36,425.88,56.0,21,81.5,1.0,,3.19,1
user_005007,26-35,Buenos Aires,Desktop,Basic,79,7,391.91,180.0,10,95.0,1.3,0.809,2.66,0
user_005008,36-45,Buenos Aires,Desktop,Basic,50,0,103.28,999.0,11,33.1,3.0,0.922,,1
user_005009,36-45,Buenos Aires,Tablet,Basic,140,50,350.23,69.0,17,108.0,12.9,0.974,10.71,0
user_005010,18-25,Rosario,Móvil,Free,86,36,236.61,35.0,22,22.1,12.1,0.875,12.56,1
user_005011,36-45,Rosario,Móvil,Basic,119,44,334.78,138.0,12,26.1,12.0,0.629,,1
user_005012,18-25,Buenos Aires,Móvil,Basic,151,26,456.22,10.0,24,27.5,2.2,0.388,5.17,1
user_005013,56+,Mendoza,Móvil,Basic,331,29,328.03,178.0,19,113.9,15.2,0.847,2.63,0
user_005014,26-35,Buenos Aires,Móvil,Basic,234,5,30.72,87.0,8,80.6,9.4,,,1
user_005015,26-35,Córdoba,Móvil,Free,200,32,375.98,134.0,15,17.1,10.6,0.175,,1
user_005016,18-25,Buenos Aires,Desktop,Premium,251,11,247.55,95.0,5,14.6,7.5,0.953,1.31,1
user_005017,,Mendoza,Tablet,Basic,116,15,43.83,30.0,22,32.7,6.5,0.728,3.88,1
user_005018,56+,Buenos Aires,Móvil,Basic,169,48,189.04,149.0,14,16.7,9.4,0.11,8.52,1
user_005019,36-45,Buenos Aires,Móvil,Free,73,19,476.8,84.0,20,108.9,6.4,0.76,7.81,1
user_005020,36-45,Mendoza,Móvil,Basic,334,34,477.67,160.0,19,61.0,2.8,0.695,3.05,1
user_005021,46-55,Rosario,Móvil,Premium,160,30,378.42,99.0,24,3.3,5.6,,5.62,0
user_005022,56+,Otros,Tablet,Free,364,0,21.43,999.0,15,,9.9,0.236,0.0,1
user_005023,56+,Córdoba,Tablet,Premium,306,13,243.53,64.0,2,70.8,10.2,0.745,1.27,1
user_005024,56+,Buenos Aires,Móvil,Basic,259,39,107.44,159.0,21,18.9,10.0,0.874,4.52,0
user_005025,26-35,Córdoba,Desktop,Free,33,18,386.67,123.0,30,20.1,10.9,0.494,16.36,0
user_005026,46-55,Buenos Aires,Desktop,Premium,58,46,346.16,19.0,14,38.1,8.8,0.392,23.79,1
user_005027,26-35,Mendoza,Desktop,Free,167,0,343.71,999.0,12,15.4,10.0,0.609,,1
user_005028,46-55,Buenos Aires,Móvil,Premium,93,8,165.4,154.0,27,107.8,19.1,0.912,2.58,1
user_005029,26-35,La Plata,Móvil,Free,87,4,96.63,19.0,5,113.6,18.9,0.898,1.38,1
user_005030,26-35,Otros,Desktop,Basic,254,23,222.82,19.0,1,21.6,18.2,0.171,2.72,0
user_005031,26-35,La Plata,Móvil,Free,2,20,215.45,129.0,27,35.3,5.4,0.672,20.0,1
user_005032,18-25,Otros,Móvil,Premium,88,6,434.81,90.0,28,84.0,2.1,0.265,2.05,1
user_005033,18-25,Otros,Móvil,Basic,270,41,67.67,74.0,15,109.8,8.5,0.419,4.56,1
user_005034,26-35,Buenos Aires,Móvil,Free,27,10,302.4,68.0,1,74.2,5.1,,10.0,1
user_005035,18-25,Córdoba,Desktop,Basic,186,16,269.92,77.0,23,78.7,14.5,0.736,2.58,0
user_005036,36-45,La Plata,Tablet,Basic,112,20,43.46,39.0,0,61.5,19.6,0.992,5.36,1
user_005037,26-35,Mendoza,Móvil,Premium,147,16,29.21,103.0,17,35.5,14.0,0.634,3.27,0
user_005038,46-55,Rosario,Móvil,Premium,68,3,419.47,93.0,27,21.8,9.6,0.814,1.32,0
user_005039,36-45,Buenos Aires,Desktop,Premium,54,30,394.84,168.0,22,39.2,3.4,,16.67,1
user_005040,26-35,Mendoza,Móvil,Free,50,48,100.48,121.0,5,45.4,17.7,0.677,,1
user_005041,46-55,Otros,Desktop,Free,74,0,231.94,999.0,10,66.0,7.3,0.782,0.0,0
user_005042,56+,,Desktop,Basic,125,31,264.88,144.0,0,115.2,7.1,0.08,7.44,0
user_005043,36-45,Córdoba,Móvil,Premium,262,39,461.81,3.0,19,83.6,16.9,0.959,4.47,0
user_005044,26-35,Mendoza,,Enterprise,130,7,254.77,70.0,17,2.8,8.6,0.286,1.62,1
user_005045,46-55,Buenos Aires,Móvil,Premium,24,38,49.12,156.0,11,46.5,1.4,0.829,38.0,0
user_005046,26-35,Buenos Aires,Tablet,Free,98,11,405.86,137.0,7,100.6,14.5,0.034,3.37,0
user_005047,18-25,Rosario,Tablet,Premium,297,5,334.95,76.0,28,112.7,10.7,,0.51,0
user_005048,36-45,Otros,Desktop,Free,153,16,201.92,8.0,15,1.7,19.0,,,0
user_005049,26-35,Rosario,Móvil,Basic,248,5,224.39,108.0,29,104.5,17.7,0.033,0.6,0
user_005050,46-55,Buenos Aires,Móvil,Basic,21,48,443.4,114.0,21,71.4,8.5,,,1
user_005051,26-35,Córdoba,Desktop,Basic,150,23,498.53,129.0,26,39.1,17.9,0.59,4.6,1
user_005052,26-35,Córdoba,Móvil,Free,24,45,215.43,162.0,1,75.2,7.3,0.105,45.0,1
user_005053,56+,La Plata,Móvil,Free,84,19,355.55,49.0,25,22.5,10.0,0.453,6.79,1
user_005054,46-55,Buenos Aires,Móvil,Premium,105,43,236.45,101.0,1,63.0,13.1,0.342,12.29,1
user_005055,36-45,Córdoba,Móvil,Basic,192,23,432.3,72.0,24,113.3,5.4,0.167,3.59,0
user_005056,36-45,Buenos Aires,Tablet,Free,127,20,218.64,38.0,15,,18.4,,4.72,1
user_005057,46-55,Otros,Móvil,Basic,189,48,315.75,137.0,2,65.2,16.6,0.126,,1
user_005058,18-25,Buenos Aires,Móvil,Free,65,6,216.96,71.0,29,85.9,8.8,0.4,2.77,1
user_005059,26-35,Buenos Aires,Desktop,Premium,14,15,247.58,84.0,22,98.6,5.0,0.521,15.0,0
user_005060,26-35,Buenos Aires,Móvil,Basic,250,22,426.96,130.0,10,111.8,14.0,0.502,,0
user_005061,18-25,,Tablet,Free,43,27,167.72,66.0,15,73.7,18.4,0.769,18.84,1
user_005062,36-45,Buenos Aires,Desktop,Premium,348,0,29.23,999.0,6,107.6,15.2,0.399,0.0,0
user_005063,26-35,Buenos Aires,Desktop,Premium,319,50,135.85,177.0,19,,12.0,0.069,4.7,0
user_005064,56+,Rosario,Desktop,Free,292,9,433.17,155.0,24,36.1,15.5,0.354,0.92,1
user_005065,18-25,La Plata,Móvil,Free,322,12,190.53,116.0,10,118.4,19.6,0.156,1.12,0
user_005066,,Rosario,Desktop,Premium,119,7,194.22,73.0,4,73.1,15.9,0.213,1.76,0
user_005067,18-25,,Desktop,Basic,353,43,31.77,112.0,14,90.8,18.2,0.309,3.65,0
user_005068,36-45,Buenos Aires,Móvil,Free,355,36,67.37,82.0,0,55.2,15.4,0.919,3.04,1
user_005069,56+,Otros,Móvil,Premium,317,43,120.87,153.0,15,45.9,3.0,0.49,4.07,1
user_005070,,La Plata,Tablet,Free,329,22,61.25,27.0,12,34.3,14.9,0.408,2.01,0
user_005071,36-45,Rosario,Móvil,Enterprise,169,39,361.88,172.0,27,105.5,19.1,,6.92,1
user_005072,26-35,Buenos Aires,Móvil,Basic,95,49,492.76,55.0,28,43.8,18.5,0.656,,0
user_005073,18-25,Buenos Aires,Desktop,Premium,357,5,138.65,173.0,18,86.1,7.6,0.322,0.42,1
user_005074,36-45,,Móvil,Premium,193,24,188.75,145.0,23,59.1,7.4,,3.73,1
user_005075,56+,Córdoba,Desktop,Basic,217,16,163.39,18.0,0,17.3,13.2,0.205,2.21,0
user_005076,36-45,Buenos Aires,Móvil,Free,86,47,321.23,5.0,27,35.3,3.5,0.141,16.4,0
user_005077,46-55,Buenos Aires,Móvil,Basic,315,38,241.05,36.0,2,5.8,2.1,0.284,3.62,1
user_005078,26-35,Buenos Aires,Desktop,Free,145,27,471.09,132.0,12,97.7,4.5,0.617,5.59,1
user_005079,26-35,Buenos Aires,Desktop,Basic,36,1,180.12,97.0,15,,14.9,0.62,,1
user_005080,46-55,Rosario,Desktop,Premium,8,29,494.79,97.0,8,81.9,13.3,0.142,29.0,0
user_005081,26-35,Córdoba,Desktop,Premium,242,46,102.08,143.0,20,108.7,13.7,,5.7,1
user_005082,18-25,La Plata,Desktop,Free,195,29,246.73,10.0,9,63.0,14.3,0.687,4.46,0
user_005083,26-35,Córdoba,Móvil,Free,137,21,114.51,,14,101.3,6.8,0.559,4.6,0
user_005084,36-45,Córdoba,Desktop,Premium,286,21,38.61,53.0,9,64.0,9.7,0.901,2.2,0
user_005085,36-45,La Plata,Móvil,Free,17,16,448.93,105.0,8,,7.9,,,0
user_005086,26-35,Buenos Aires,Desktop,Free,350,18,450.6,21.0,17,38.5,4.1,0.212,1.54,1
user_005087,18-25,Buenos Aires,Tablet,Basic,112,1,145.36,69.0,6,26.9,7.9,0.043,0.27,1
user_005088,18-25,Rosario,Desktop,Free,89,16,30.1,148.0,26,49.7,1.4,0.729,5.39,1
user_005089,46-55,Córdoba,Móvil,Basic,119,23,170.4,171.0,9,19.5,7.7,0.85,5.8,1
user_005090,26-35,Córdoba,Móvil,Basic,140,49,444.19,79.0,4,70.2,10.4,0.341,,1
user_005091,,Buenos Aires,Móvil,Premium,321,28,162.95,71.0,4,103.1,15.5,0.173,2.62,1
user_005092,26-35,Rosario,Desktop,Free,148,32,398.09,70.0,19,66.2,2.4,0.288,6.49,0
user_005093,36-45,Mendoza,Desktop,Basic,354,31,230.21,56.0,3,22.0,2.0,0.59,2.63,0
user_005094,26-35,Otros,Móvil,Premium,101,4,460.74,86.0,20,42.8,5.1,0.467,1.19,0
user_005095,,Córdoba,Móvil,Basic,42,3,437.91,111.0,10,117.2,7.8,,2.14,0
user_005096,56+,Buenos Aires,Desktop,Premium,145,39,297.52,17.0,11,81.4,17.7,0.57,8.07,1
user_005097,36-45,Rosario,Desktop,Premium,253,20,499.74,26.0,29,32.9,15.7,0.694,2.37,1
user_005098,26-35,La Plata,Tablet,Basic,37,45,107.72,136.0,14,49.8,12.9,,36.49,1
user_005099,26-35,Buenos Aires,Tablet,Free,353,49,183.0,24.0,1,59.8,6.7,,4.16,0
user_005100,,,Desktop,Basic,86,24,443.93,22.0,11,67.0,12.6,0.064,8.37,1
user_005101,36-45,Córdoba,Móvil,Basic,329,0,413.59,999.0,23,23.1,8.9,,0.0,1
user_005102,26-35,Córdoba,Desktop,Free,306,3,201.27,95.0,20,105.3,2.3,,0.29,0
user_005103,46-55,Córdoba,Desktop,Free,46,15,173.51,38.0,27,49.2,11.5,,,0
user_005104,36-45,La Plata,Desktop,Free,331,46,10.6,33.0,21,30.4,10.4,0.105,,0
user_005105,26-35,Buenos Aires,Móvil,Basic,9,39,417.58,30.0,30,22.5,16.4,0.807,39.0,1
user_005106,46-55,Córdoba,Móvil,Premium,262,3,169.07,64.0,30,96.2,19.9,0.875,0.34,0
user_005107,18-25,Otros,Desktop,Basic,139,17,421.81,101.0,6,92.7,2.3,0.071,3.67,0
user_005108,26-35,La Plata,Móvil,Free,11,4,287.51,126.0,17,112.8,5.0,0.02,4.0,1
user_005109,26-35,Buenos Aires,Desktop,Free,202,6,118.95,24.0,4,43.7,18.1,0.004,0.89,0
user_005110,36-45,Buenos Aires,,Free,70,41,424.8,5.0,29,41.7,14.2,,,1
user_005111,26-35,La Plata,Móvil,Basic,155,43,198.45,33.0,20,70.9,4.6,0.548,8.32,1
user_005112,18-25,Buenos Aires,Móvil,Premium,309,14,379.31,72.0,17,78.4,15.8,,,0
user_005113,46-55,Córdoba,Móvil,Free,354,22,336.55,132.0,8,40.2,6.7,0.177,1.86,1
user_005114,26-35,,Móvil,Free,283,6,281.46,13.0,13,91.1,17.6,0.126,0.64,1
user_005115,26-35,Buenos Aires,Desktop,Premium,275,16,452.11,89.0,28,112.7,14.5,,1.75,0
user_005116,26-35,Buenos Aires,Móvil,Premium,158,0,426.86,999.0,30,67.2,1.3,0.209,0.0,0
user_005117,26-35,La Plata,,Free,224,42,264.23,42.0,10,53.9,14.8,,5.62,1
user_005118,18-25,Buenos Aires,Tablet,Free,227,44,136.47,116.0,4,117.3,19.7,0.419,5.81,0
user_005119,56+,La Plata,Desktop,Premium,49,12,91.28,85.0,27,101.8,15.8,0.337,7.35,0
user_005120,56+,Buenos Aires,Tablet,Free,271,25,323.45,1.0,6,28.4,5.8,0.874,2.77,1
user_005121,56+,La Plata,Móvil,Premium,253,43,359.0,85.0,4,20.4,16.0,0.849,5.1,0
user_005122,36-45,Otros,Tablet,Free,45,19,15.98,38.0,6,79.7,6.3,0.966,12.67,0
user_005123,18-25,Rosario,Móvil,Basic,341,35,157.84,53.0,11,100.4,16.1,0.125,3.08,1
user_005124,36-45,Córdoba,Móvil,Basic,205,26,287.26,163.0,24,23.5,17.6,0.508,3.8,1
user_005125,56+,Rosario,Desktop,Basic,47,44,438.79,177.0,3,100.9,14.5,0.896,28.09,0
user_005126,46-55,Mendoza,Móvil,Free,215,24,254.02,48.0,15,102.6,12.0,0.872,3.35,0
user_005127,36-45,Buenos Aires,Desktop,Basic,286,25,63.31,107.0,12,28.3,16.5,0.185,,0
user_005128,46-55,Rosario,Móvil,Free,103,7,195.77,44.0,9,73.1,9.8,0.006,2.04,1
user_005129,36-45,Buenos Aires,Móvil,Free,183,43,466.7,66.0,28,,17.6,0.371,7.05,1
user_005130,56+,Córdoba,Móvil,Free,227,27,246.41,163.0,25,78.2,6.2,0.597,3.57,1
user_005131,26-35,La Plata,Móvil,Free,357,15,137.74,93.0,13,20.5,11.7,,1.26,0
user_005132,36-45,Córdoba,Móvil,Free,24,34,85.23,180.0,30,106.3,17.1,0.594,34.0,1
user_005133,26-35,Buenos Aires,Móvil,Basic,212,47,411.35,171.0,24,52.5,4.2,0.565,,1
user_005134,,,Tablet,Free,85,19,197.13,148.0,26,46.8,14.9,,6.71,1
user_005135,36-45,Córdoba,Móvil,Basic,105,18,324.88,57.0,29,57.3,5.1,0.339,5.14,1
user_005136,36-45,Rosario,Móvil,Free,32,48,369.44,179.0,12,82.9,10.8,,45.0,1
user_005137,46-55,,Desktop,Basic,230,27,418.54,115.0,6,,9.7,0.532,,0
user_005138,26-35,Buenos Aires,Desktop,Basic,316,9,203.01,154.0,15,113.1,13.7,0.504,,0
user_005139,36-45,Mendoza,Móvil,Premium,126,35,339.9,68.0,30,98.4,7.7,0.272,8.33,0
user_005140,18-25,La Plata,Desktop,Basic,70,45,444.95,154.0,17,76.3,13.5,0.121,19.29,1
user_005141,56+,Buenos Aires,Móvil,,303,9,448.06,79.0,0,36.3,2.6,0.168,,0
user_005142,36-45,Buenos Aires,Desktop,Premium,280,36,325.33,55.0,20,55.8,11.6,0.049,,0
user_005143,26-35,Rosario,Móvil,Free,245,36,490.66,9.0,0,38.1,17.5,0.929,,1
user_005144,26-35,La Plata,Móvil,Premium,235,9,275.62,91.0,8,80.4,11.8,0.726,1.15,0
user_005145,26-35,Buenos Aires,,Free,38,41,174.12,131.0,2,1.9,9.3,0.442,32.37,0
user_005146,26-35,Rosario,Móvil,Basic,338,43,229.99,4.0,6,39.3,13.7,,3.82,1
user_005147,26-35,Mendoza,Móvil,Free,167,23,288.56,128.0,8,97.2,10.6,0.485,4.13,0
user_005148,36-45,Córdoba,Desktop,Free,47,48,476.04,177.0,29,34.6,19.8,0.08,30.64,1
user_005149,26-35,Córdoba,Móvil,Premium,244,13,381.03,10.0,22,47.6,9.8,0.226,1.6,0
user_005150,26-35,Mendoza,Desktop,Free,294,7,130.43,132.0,25,106.2,10.0,0.707,0.71,0
user_005151,18-25,La Plata,Móvil,Basic,125,17,253.77,95.0,29,,10.4,0.045,4.08,0
user_005152,36-45,Buenos Aires,Móvil,Free,339,39,146.98,62.0,25,95.2,17.5,0.63,,1
user_005153,36-45,Buenos Aires,Desktop,Basic,158,35,459.82,105.0,14,117.6,9.3,0.603,,1
user_005154,36-45,Buenos Aires,Móvil,Free,247,13,310.45,10.0,7,77.3,18.7,0.875,,0
user_005155,36-45,Buenos Aires,Desktop,Free,73,34,463.47,176.0,23,48.3,3.1,0.371,13.97,1
user_005156,46-55,Mendoza,Móvil,Free,141,47,102.74,100.0,17,24.8,15.0,,10.0,1
user_005157,26-35,Córdoba,Móvil,Free,254,34,20.46,72.0,30,49.0,3.2,,4.02,0
user_005158,46-55,Buenos Aires,Móvil,Free,237,24,118.33,98.0,23,90.6,8.4,,3.04,0
user_005159,36-45,Buenos Aires,Tablet,Free,83,42,407.35,45.0,6,103.5,18.2,0.968,15.18,1
user_005160,18-25,Buenos Aires,Móvil,Enterprise,272,36,279.0,47.0,28,4.6,13.2,,3.97,0
user_005161,26-35,Buenos Aires,Desktop,Free,255,12,174.23,114.0,26,84.5,16.4,0.745,1.41,0
user_005162,,Mendoza,Móvil,Free,112,11,304.17,150.0,26,81.9,3.5,,2.95,1
user_005163,18-25,Buenos Aires,Móvil,Free,353,30,442.35,1.0,21,66.7,7.1,0.924,2.55,0
user_005164,36-45,Rosario,Móvil,Enterprise,124,14,305.95,137.0,4,,19.7,0.58,3.39,0
user_005165,36-45,Córdoba,Móvil,Basic,206,14,52.9,140.0,0,82.8,14.6,0.218,2.04,0
user_005166,36-45,La Plata,Tablet,Premium,238,47,385.77,50.0,30,84.7,2.3,,5.92,1
user_005167,26-35,Rosario,Móvil,Free,334,23,445.49,107.0,2,108.8,14.7,0.536,,0
user_005168,18-25,Buenos Aires,Móvil,Enterprise,107,38,151.34,38.0,25,114.1,16.1,,10.65,1
user_005169,18-25,Rosario,Desktop,Basic,245,21,359.78,133.0,18,26.0,13.3,,2.57,0
user_005170,56+,Rosario,Desktop,Basic,346,0,245.58,999.0,7,18.6,16.2,0.654,0.0,0
user_005171,56+,Córdoba,Tablet,Basic,21,15,402.45,23.0,19,106.9,6.9,0.124,,0
user_005172,56+,Buenos Aires,Desktop,Free,105,9,176.25,124.0,9,17.5,12.4,0.3,,0
user_005173,,Córdoba,Móvil,Basic,112,9,115.42,33.0,16,80.8,4.6,0.055,2.41,1
user_005174,,Otros,Móvil,Free,332,18,324.21,151.0,14,92.5,14.4,0.175,,0
user_005175,56+,Otros,Móvil,Premium,243,9,491.71,77.0,4,42.4,7.1,0.687,1.11,1
user_005176,18-25,Otros,Desktop,Basic,261,35,153.78,16.0,30,66.2,16.1,0.468,4.02,1
user_005177,46-55,Otros,Desktop,Free,144,30,463.87,162.0,17,53.1,4.6,0.957,6.25,1
user_005178,36-45,Buenos Aires,Móvil,Basic,301,23,398.62,139.0,20,11.5,19.0,,2.29,1
user_005179,18-25,Mendoza,Móvil,Premium,207,22,461.23,162.0,5,26.2,8.4,0.097,3.19,0
user_005180,26-35,Buenos Aires,Desktop,Premium,120,20,444.86,129.0,16,4.1,1.8,,5.0,1
user_005181,56+,La Plata,Móvil,Basic,152,23,423.1,129.0,9,77.5,12.2,0.334,4.54,0
user_005182,26-35,Otros,Tablet,Free,321,3,382.25,122.0,6,100.9,17.9,,0.28,1
user_005183,36-45,Córdoba,Tablet,Free,79,10,91.05,133.0,27,31.3,3.2,,3.8,0
user_005184,26-35,Rosario,Desktop,Basic,267,4,39.21,122.0,23,57.7,1.5,0.239,0.45,1
user_005185,26-35,,Móvil,Premium,256,1,223.95,119.0,9,80.6,15.1,,0.12,0
user_005186,26-35,Buenos Aires,Móvil,Premium,176,33,108.82,129.0,12,102.5,6.0,0.381,5.62,0
user_005187,26-35,La Plata,Móvil,Premium,206,37,455.89,165.0,22,60.9,3.9,0.307,5.39,1
user_005188,36-45,Córdoba,Móvil,Basic,188,18,364.47,50.0,7,7.7,16.5,0.217,2.87,1
user_005189,36-45,La Plata,Desktop,Basic,343,5,255.43,92.0,21,62.1,7.6,0.343,0.44,0
user_005190,18-25,Buenos Aires,Tablet,Basic,145,2,369.52,152.0,25,72.0,12.6,0.965,,0
user_005191,46-55,Buenos Aires,Móvil,Premium,30,15,114.73,45.0,26,118.7,12.7,0.205,15.0,0
user_005192,26-35,La Plata,Móvil,Basic,94,35,177.1,168.0,1,,17.9,0.01,11.17,0
user_005193,18-25,Buenos Aires,Desktop,Premium,93,43,340.9,178.0,4,54.5,8.0,0.212,13.87,1
user_005194,56+,Mendoza,Móvil,Free,271,12,344.8,152.0,3,,3.2,0.167,1.33,0
user_005195,36-45,Buenos Aires,Móvil,Premium,307,14,144.53,1.0,14,98.8,16.0,,,0
user_005196,26-35,Buenos Aires,Desktop,Basic,32,46,118.0,28.0,27,111.5,16.3,0.309,43.12,0
user_005197,36-45,Córdoba,Móvil,Free,55,14,328.75,61.0,27,74.4,9.8,0.927,7.64,0
user_005198,18-25,Otros,Móvil,Enterprise,262,34,194.06,47.0,29,,5.9,0.023,3.89,1
user_005199,36-45,Buenos Aires,Móvil,Free,37,45,173.72,138.0,2,64.4,7.5,0.639,36.49,1
user_005200,18-25,Córdoba,Desktop,Free,271,42,269.95,125.0,11,117.7,10.3,0.703,4.65,0
user_005201,46-55,Otros,Móvil,Basic,232,43,28.64,40.0,25,52.6,4.4,0.636,5.56,0
user_005202,18-25,Córdoba,Móvil,Free,66,46,123.94,71.0,28,35.0,9.9,0.591,20.91,1
user_005203,26-35,Rosario,Desktop,Premium,270,47,427.08,158.0,21,103.2,3.9,0.346,5.22,1
user_005204,46-55,La Plata,Desktop,Basic,324,50,132.99,90.0,27,86.2,15.0,0.231,4.63,1
user_005205,26-35,Rosario,Móvil,Free,217,36,285.55,130.0,26,18.0,8.4,0.47,,1
user_005206,26-35,Rosario,,Free,216,16,319.03,2.0,4,73.5,5.3,0.02,2.22,0
user_005207,18-25,Rosario,Móvil,Basic,86,4,66.92,76.0,0,59.5,8.1,0.571,1.4,0
user_005208,46-55,Buenos Aires,Desktop,Premium,90,16,257.92,73.0,7,112.7,7.3,0.301,,1
user_005209,56+,Rosario,Móvil,Free,232,22,20.32,131.0,4,,11.5,0.528,2.84,1
user_005210,36-45,Otros,Móvil,Premium,92,41,51.77,83.0,21,62.3,17.3,0.029,13.37,1
user_005211,46-55,La Plata,Tablet,Free,250,24,119.4,87.0,9,18.0,6.8,0.815,2.88,0
user_005212,26-35,Otros,,Premium,153,34,227.51,13.0,6,114.9,4.2,0.525,6.67,0
user_005213,46-55,Córdoba,Móvil,Free,286,8,243.69,177.0,9,4.4,8.2,0.343,0.84,1
user_005214,36-45,Buenos Aires,Móvil,Free,200,15,363.37,63.0,3,4.5,2.9,,,1
user_005215,36-45,Mendoza,Desktop,Premium,222,50,55.53,60.0,21,62.4,14.5,0.474,,1
user_005216,36-45,La Plata,Tablet,Free,116,36,137.01,71.0,15,119.1,11.1,0.945,9.31,1
user_005217,46-55,Otros,Móvil,Free,37,9,155.13,9.0,13,18.8,2.4,0.285,,1
user_005218,18-25,Buenos Aires,Móvil,Free,156,46,131.15,15.0,5,103.6,7.1,0.347,8.85,0
user_005219,26-35,Buenos Aires,Móvil,Premium,12,7,428.82,165.0,11,56.1,9.6,0.111,7.0,1
user_005220,18-25,Córdoba,Móvil,Free,80,48,334.28,48.0,19,101.1,8.9,0.137,18.0,0
user_005221,26-35,Buenos Aires,Móvil,Basic,41,32,381.13,46.0,24,,6.3,0.658,,1
user_005222,26-35,Buenos Aires,Desktop,Basic,225,38,83.58,95.0,0,59.1,17.5,0.983,5.07,1
user_005223,46-55,Mendoza,Móvil,Premium,122,12,193.15,59.0,15,14.4,2.9,0.394,2.95,0
user_005224,26-35,Rosario,Móvil,Enterprise,338,33,111.0,5.0,8,21.4,15.3,0.539,2.93,1
user_005225,26-35,,Móvil,Basic,165,44,166.7,127.0,9,57.8,14.0,,,1
user_005226,26-35,Buenos Aires,Tablet,Free,163,1,264.95,76.0,1,20.9,16.8,0.592,0.18,1
user_005227,46-55,Rosario,Desktop,Basic,222,13,140.6,156.0,22,105.2,8.4,0.475,1.76,1
user_005228,56+,Córdoba,Desktop,Premium,59,21,435.25,41.0,25,13.5,7.2,,,0
user_005229,18-25,Córdoba,Desktop,Enterprise,152,34,305.54,164.0,28,19.8,8.8,0.478,6.71,0
user_005230,26-35,Buenos Aires,Móvil,Free,320,14,101.32,36.0,3,84.5,13.2,0.649,1.31,0
user_005231,56+,Rosario,Desktop,Free,136,31,244.78,45.0,0,92.4,7.5,0.892,6.84,1
user_005232,36-45,Córdoba,Desktop,Basic,139,6,351.03,35.0,14,48.5,16.1,,1.29,1
user_005233,26-35,Otros,Desktop,Free,71,2,493.86,150.0,16,113.8,4.3,0.709,,1
user_005234,46-55,Mendoza,Móvil,Free,38,32,250.41,52.0,21,75.6,17.4,0.221,25.26,1
user_005235,18-25,Córdoba,Móvil,Premium,271,6,373.48,36.0,12,77.5,17.4,,0.66,0
user_005236,,Mendoza,Móvil,Free,141,43,400.39,163.0,19,56.0,6.7,,,0
user_005237,36-45,La Plata,Móvil,Basic,155,28,312.15,66.0,14,91.2,15.5,0.592,5.42,1
user_005238,26-35,Rosario,Desktop,Premium,66,41,58.6,105.0,27,19.3,14.9,0.97,,1
user_005239,,Rosario,Desktop,Basic,345,34,495.41,98.0,7,78.0,17.8,0.732,2.96,1
user_005240,26-35,,Desktop,Free,115,23,72.76,61.0,12,2.4,16.0,,6.0,0
user_005241,18-25,Buenos Aires,Móvil,Free,177,12,477.19,59.0,24,60.6,2.0,,2.03,0
user_005242,56+,Mendoza,Desktop,Free,203,41,239.88,3.0,15,,13.2,0.581,6.06,0
user_005243,36-45,Córdoba,Móvil,Premium,108,11,193.1,180.0,2,50.3,6.0,0.888,3.06,0
user_005244,36-45,Buenos Aires,Tablet,Free,83,10,453.84,45.0,21,36.8,17.0,0.433,3.61,0
user_005245,26-35,Buenos Aires,Desktop,Free,9,27,205.02,46.0,27,49.0,19.5,0.814,27.0,0
user_005246,56+,Córdoba,Móvil,Free,213,36,96.03,172.0,23,63.1,1.5,0.578,5.07,1
user_005247,18-25,Córdoba,Móvil,Basic,305,49,134.87,142.0,11,54.3,19.5,,4.82,1
user_005248,26-35,Buenos Aires,Móvil,Free,138,3,342.75,174.0,28,,1.5,0.813,0.65,1
user_005249,26-35,Buenos Aires,Desktop,Free,201,17,425.57,99.0,22,,3.7,0.95,2.54,0
user_005250,36-45,La Plata,Tablet,Free,130,38,422.06,19.0,22,52.1,11.3,,8.77,1
user_005251,18-25,Otros,Móvil,Free,0,28,288.85,120.0,12,46.6,13.7,0.052,,0
user_005252,18-25,Rosario,Móvil,Premium,284,19,388.76,55.0,16,20.8,5.7,,2.01,0
user_005253,18-25,Buenos Aires,Móvil,Free,293,21,330.76,102.0,5,76.4,3.1,0.741,2.15,1
user_005254,18-25,Buenos Aires,Desktop,Premium,354,36,133.76,20.0,28,23.5,16.0,,3.05,0
user_005255,18-25,Rosario,Móvil,Premium,187,20,213.7,157.0,17,27.2,6.8,0.602,3.21,0
user_005256,18-25,Rosario,Desktop,Basic,200,32,464.57,123.0,11,81.5,10.3,,,0
user_005257,36-45,Mendoza,Móvil,Basic,26,0,208.62,999.0,9,29.1,4.4,0.5,,1
user_005258,56+,Rosario,Móvil,Free,178,42,295.66,5.0,13,72.1,14.9,,,1
user_005259,36-45,Buenos Aires,Desktop,Free,83,16,158.62,,15,12.4,3.0,,5.78,0
user_005260,26-35,Otros,Móvil,Enterprise,236,45,270.94,135.0,14,62.3,11.2,0.026,,1
user_005261,18-25,Rosario,Móvil,Premium,59,39,396.0,86.0,6,115.4,11.3,0.5,19.83,1
user_005262,36-45,Córdoba,Desktop,Free,327,46,382.72,46.0,26,69.7,13.2,0.054,,1
user_005263,36-45,Córdoba,Desktop,Basic,74,14,472.08,0.0,27,4.6,18.2,0.256,5.68,1
user_005264,18-25,Otros,Desktop,Basic,266,43,326.06,156.0,28,38.2,6.7,0.785,4.85,0
user_005265,46-55,Otros,Desktop,Premium,230,2,447.89,178.0,27,82.3,19.6,0.364,0.26,1
user_005266,18-25,Otros,Móvil,Free,173,35,248.06,17.0,19,28.3,17.3,0.897,6.07,0
user_005267,46-55,Córdoba,Móvil,Basic,333,31,117.53,179.0,10,11.1,12.9,0.109,2.79,1
user_005268,18-25,Otros,Desktop,Free,151,14,83.32,148.0,14,69.1,3.9,0.981,2.78,1
user_005269,36-45,Otros,Móvil,Free,9,20,321.96,52.0,22,5.5,15.6,0.91,20.0,0
user_005270,56+,Buenos Aires,Móvil,Basic,99,17,37.33,144.0,26,108.7,16.4,0.263,5.15,1
user_005271,56+,,Móvil,Premium,249,42,468.01,81.0,29,7.5,19.9,0.947,5.06,0
user_005272,18-25,Rosario,Móvil,Basic,69,9,47.01,57.0,6,105.5,1.6,0.668,3.91,0
user_005273,18-25,Rosario,Móvil,Enterprise,7,31,90.54,76.0,6,5.2,3.7,0.457,31.0,0
user_005274,26-35,Buenos Aires,Móvil,Free,225,28,340.23,37.0,17,88.0,7.3,,,0
user_005275,36-45,Buenos Aires,Tablet,Free,46,9,241.69,108.0,6,116.4,14.6,0.535,,1
user_005276,46-55,Mendoza,Móvil,Free,140,47,56.84,135.0,26,7.6,19.8,,10.07,0
user_005277,56+,Mendoza,Móvil,Free,187,2,351.33,152.0,24,40.4,2.5,0.857,0.32,1
user_005278,26-35,Córdoba,Desktop,Basic,194,39,227.38,26.0,6,32.9,3.2,0.946,6.03,0
user_005279,36-45,Rosario,Desktop,Basic,299,0,142.31,999.0,27,26.3,13.0,0.325,0.0,1
user_005280,26-35,Rosario,Móvil,Premium,273,18,482.85,11.0,25,60.6,7.1,0.541,1.98,0
user_005281,36-45,La Plata,Tablet,Premium,194,49,350.33,11.0,12,,6.8,0.58,,1
user_005282,26-35,Córdoba,Tablet,Basic,85,18,314.57,139.0,27,106.9,15.6,,6.35,1
user_005283,18-25,Mendoza,Móvil,Premium,163,36,321.51,152.0,9,6.8,13.9,0.133,6.63,0
user_005284,36-45,Rosario,Móvil,Free,76,49,253.55,127.0,6,7.1,19.2,,19.34,1
user_005285,26-35,Buenos Aires,,Free,319,12,477.2,119.0,14,8.2,3.7,0.493,1.13,0
user_005286,26-35,Córdoba,Móvil,Premium,296,44,229.95,161.0,3,94.7,3.7,0.22,4.46,0
user_005287,18-25,Córdoba,Desktop,Basic,238,16,387.55,176.0,0,37.2,2.5,0.173,2.02,0
user_005288,18-25,Buenos Aires,Desktop,Free,225,47,421.67,83.0,9,,6.9,0.921,6.27,0
user_005289,18-25,Rosario,Desktop,Basic,186,1,342.56,18.0,12,100.0,2.8,0.004,0.16,1
user_005290,26-35,Córdoba,Desktop,Premium,313,31,123.42,158.0,20,76.1,18.9,0.706,2.97,1
user_005291,56+,Córdoba,Móvil,Premium,41,11,37.94,10.0,7,76.5,18.9,0.789,,0
user_005292,26-35,Otros,Móvil,Free,361,35,177.79,108.0,30,85.2,13.2,0.872,2.91,0
user_005293,,Buenos Aires,Móvil,Free,30,2,51.55,,0,,2.6,,2.0,0
user_005294,,Córdoba,Móvil,Free,143,18,205.7,156.0,30,97.3,10.5,,3.78,1
user_005295,26-35,Mendoza,Móvil,Basic,170,33,374.59,104.0,16,100.9,4.6,0.884,5.82,0
user_005296,36-45,Buenos Aires,Móvil,Premium,69,2,42.95,77.0,12,14.5,10.8,0.883,0.87,1
user_005297,46-55,Mendoza,Móvil,Premium,336,39,73.41,99.0,14,65.0,5.4,0.305,3.48,1
user_005298,46-55,Buenos Aires,Móvil,Free,12,33,369.64,60.0,4,93.1,13.0,0.624,33.0,0
user_005299,26-35,Rosario,Móvil,Premium,73,28,342.14,125.0,6,113.9,5.7,,11.51,0
user_005300,,Buenos Aires,Móvil,Free,63,14,77.74,1.0,29,47.8,10.8,,6.67,1
user_005301,26-35,Buenos Aires,Móvil,Premium,35,9,456.61,64.0,29,45.1,18.6,,7.71,0
user_005302,,Rosario,Móvil,Free,157,27,371.0,24.0,6,,5.2,0.76,,0
user_005303,46-55,Buenos Aires,Móvil,Premium,20,11,166.82,100.0,5,10.9,9.4,0.475,11.0,1
user_005304,26-35,Buenos Aires,Móvil,Free,341,18,81.77,173.0,13,38.5,3.9,0.07,1.58,1
user_005305,18-25,Córdoba,Móvil,Premium,163,1,224.95,78.0,14,108.1,18.0,0.972,0.18,0
user_005306,56+,Córdoba,Desktop,Free,360,13,312.2,123.0,24,63.9,9.8,0.478,,0
user_005307,46-55,Rosario,Móvil,Basic,171,30,456.39,47.0,9,,4.3,0.257,5.26,1
user_005308,36-45,Mendoza,Móvil,Premium,118,42,250.87,105.0,24,110.4,15.9,,,1
user_005309,18-25,Otros,Móvil,Premium,107,37,310.14,141.0,14,54.3,11.8,0.844,10.37,0
user_005310,56+,La Plata,Móvil,Free,28,2,209.46,141.0,3,22.1,9.7,,2.0,1
user_005311,36-45,Buenos Aires,Móvil,Basic,319,12,80.17,133.0,29,47.7,19.3,0.521,1.13,0
user_005312,26-35,Buenos Aires,Móvil,Premium,350,24,180.23,100.0,19,24.1,17.3,0.699,2.06,1
user_005313,36-45,La Plata,Móvil,Free,91,21,138.79,90.0,25,16.3,1.5,,,0
user_005314,46-55,,Desktop,Free,150,26,473.44,96.0,4,110.4,17.8,0.151,5.2,0
user_005315,18-25,Buenos Aires,Tablet,Basic,243,49,129.62,143.0,2,25.8,10.0,0.593,6.05,1
user_005316,36-45,Otros,Móvil,Premium,167,23,328.39,17.0,5,71.0,1.4,0.359,,1
user_005317,46-55,,Móvil,Premium,76,23,77.59,12.0,10,102.1,2.1,0.828,9.08,0
user_005318,36-45,Otros,Desktop,Basic,321,48,209.64,95.0,17,62.1,12.0,,,1
user_005319,26-35,Rosario,Tablet,Basic,37,21,497.29,160.0,16,,4.0,,17.03,1
user_005320,18-25,Buenos Aires,Móvil,Premium,115,25,485.73,11.0,5,98.3,12.6,0.94,6.52,1
user_005321,36-45,La Plata,Móvil,Basic,272,25,456.86,111.0,27,79.2,13.6,0.094,2.76,0
user_005322,26-35,Buenos Aires,Desktop,Premium,0,23,495.67,172.0,24,66.7,4.6,0.384,23.0,1
user_005323,36-45,Buenos Aires,Móvil,Free,321,24,200.42,163.0,27,93.0,6.4,0.197,,1
user_005324,36-45,Buenos Aires,Móvil,Basic,127,27,471.88,119.0,17,89.9,6.1,0.341,6.38,0
user_005325,26-35,Otros,Móvil,Premium,163,22,205.48,165.0,2,107.4,18.5,,4.05,1
user_005326,26-35,Buenos Aires,Móvil,Basic,169,27,214.58,19.0,15,112.0,4.0,0.95,4.79,0
user_005327,46-55,La Plata,Móvil,Basic,170,14,18.35,74.0,29,65.4,1.5,0.456,2.47,0
user_005328,36-45,Rosario,Tablet,Premium,111,12,16.14,150.0,28,74.1,12.9,0.868,3.24,0
user_005329,26-35,Córdoba,Desktop,Free,209,30,153.16,95.0,20,47.6,11.6,0.911,4.31,0
user_005330,36-45,Buenos Aires,Móvil,Basic,86,19,422.86,176.0,17,3.7,8.4,0.523,6.63,0
user_005331,46-55,Córdoba,Desktop,Free,311,22,474.19,116.0,6,66.8,2.2,0.633,2.12,0
user_005332,36-45,Rosario,Móvil,Free,134,5,178.45,108.0,2,,1.4,,1.12,0
user_005333,26-35,Buenos Aires,Móvil,Enterprise,44,13,301.47,23.0,12,85.6,15.8,,8.86,0
user_005334,26-35,Otros,Desktop,Basic,57,33,237.28,177.0,12,,18.2,0.295,17.37,0
user_005335,18-25,Mendoza,Móvil,Premium,110,22,485.61,68.0,1,70.1,3.0,0.634,6.0,1
user_005336,36-45,Mendoza,Desktop,Free,38,31,164.87,55.0,26,96.3,16.6,0.058,24.47,1
user_005337,18-25,Buenos Aires,Móvil,Free,340,50,434.45,110.0,19,50.4,19.3,,4.41,0
user_005338,46-55,Córdoba,Tablet,Basic,282,15,115.2,45.0,12,110.8,19.5,,1.6,1
user_005339,26-35,Córdoba,Móvil,Basic,76,32,473.4,32.0,28,6.5,9.2,,,0
user_005340,,Córdoba,Móvil,Free,51,27,296.59,163.0,9,87.2,9.9,0.967,15.88,0
user_005341,18-25,La Plata,Móvil,Enterprise,328,49,297.64,65.0,21,,2.5,0.783,4.48,0
user_005342,26-35,Córdoba,Móvil,Free,224,27,323.55,173.0,12,42.3,4.2,0.332,3.62,1
user_005343,18-25,Buenos Aires,Móvil,Basic,263,32,443.2,136.0,27,96.3,12.8,,,1
user_005344,46-55,,Móvil,Free,301,50,179.77,173.0,19,108.4,13.3,0.306,4.98,1
user_005345,26-35,Buenos Aires,Móvil,Basic,306,0,113.33,999.0,9,113.5,1.0,0.379,0.0,0
user_005346,26-35,Otros,Móvil,Basic,84,17,418.95,109.0,13,63.5,10.0,0.791,6.07,1
user_005347,,La Plata,Móvil,Premium,27,39,200.02,31.0,2,,10.2,0.147,39.0,1
user_005348,26-35,Rosario,Móvil,Enterprise,345,25,405.21,154.0,19,65.2,15.2,,2.17,1
user_005349,26-35,Córdoba,Móvil,Basic,316,14,216.74,104.0,22,20.5,15.5,0.153,1.33,0
user_005350,36-45,La Plata,Desktop,Free,346,15,430.31,178.0,11,3.9,11.8,0.381,,1
user_005351,36-45,,Móvil,Premium,245,33,278.07,177.0,8,48.2,15.4,0.984,4.04,1
user_005352,18-25,Rosario,Móvil,Enterprise,80,29,287.54,77.0,29,25.7,6.9,0.798,10.88,1
user_005353,56+,La Plata,Móvil,Premium,22,5,417.25,153.0,12,23.1,5.2,0.988,5.0,0
user_005354,36-45,Buenos Aires,Móvil,Free,245,43,476.13,150.0,15,97.4,2.6,0.764,5.27,1
user_005355,46-55,Córdoba,Desktop,Basic,297,0,487.06,999.0,14,18.9,13.7,0.679,,1
user_005356,26-35,Buenos Aires,Móvil,Free,10,33,272.23,173.0,1,72.7,6.1,0.627,33.0,1
user_005357,26-35,La Plata,Desktop,Basic,321,5,304.36,62.0,0,33.3,15.8,0.033,0.47,1
user_005358,26-35,Buenos Aires,Móvil,Basic,78,7,48.32,140.0,14,105.4,7.7,0.411,,0
user_005359,18-25,Buenos Aires,Móvil,Premium,270,46,21.59,63.0,30,101.7,6.9,,5.11,0
user_005360,36-45,La Plata,Móvil,Basic,19,45,101.51,46.0,8,70.7,14.1,0.271,,0
user_005361,18-25,Mendoza,Móvil,Premium,231,5,427.51,146.0,20,22.0,3.4,0.053,0.65,1
user_005362,26-35,Córdoba,Desktop,Premium,63,24,42.27,48.0,23,112.6,4.2,,11.43,1
user_005363,36-45,Buenos Aires,Móvil,Premium,193,50,66.04,123.0,5,34.2,8.2,0.061,7.77,0
user_005364,18-25,Buenos Aires,Móvil,Free,189,26,65.79,115.0,30,62.1,11.0,0.918,4.13,0
user_005365,26-35,Otros,Desktop,Basic,263,12,83.28,67.0,4,108.8,17.9,0.691,1.37,1
user_005366,26-35,,Móvil,Basic,182,23,294.42,80.0,15,4.1,14.8,0.789,3.79,0
user_005367,46-55,Mendoza,Móvil,Free,120,16,357.12,147.0,30,89.7,11.2,,4.0,1
user_005368,46-55,La Plata,Móvil,Basic,329,5,328.22,58.0,15,7.1,14.3,,0.46,0
user_005369,26-35,,Desktop,Free,169,31,36.21,37.0,23,35.8,1.7,0.166,,0
user_005370,18-25,Córdoba,Móvil,Free,283,11,19.16,148.0,2,37.2,5.3,0.122,1.17,1
user_005371,26-35,La Plata,Desktop,Premium,70,50,171.47,63.0,2,81.6,14.4,0.516,21.43,1
user_005372,26-35,Córdoba,Móvil,Free,280,29,79.91,138.0,16,57.2,4.4,0.45,3.11,0
user_005373,18-25,Otros,Tablet,Free,129,9,428.17,129.0,15,80.8,10.6,0.022,2.09,0
user_005374,18-25,Mendoza,Móvil,Basic,65,29,312.14,72.0,5,86.4,17.6,0.737,,1
user_005375,46-55,Córdoba,Móvil,Free,55,49,297.62,16.0,6,109.9,7.1,0.308,,0
user_005376,26-35,La Plata,Móvil,Basic,331,16,273.21,164.0,10,97.2,3.3,0.582,1.45,1
user_005377,26-35,Buenos Aires,Móvil,Free,236,2,95.85,142.0,20,61.2,7.9,,,0
user_005378,18-25,Córdoba,Móvil,Premium,333,28,57.04,0.0,28,63.3,9.6,,,1
user_005379,18-25,Rosario,Desktop,Premium,241,47,301.73,73.0,21,99.0,14.3,0.559,,0
user_005380,36-45,La Plata,Móvil,Basic,136,31,486.91,84.0,7,113.6,15.4,0.547,6.84,1
user_005381,46-55,Córdoba,Móvil,Free,135,30,266.78,28.0,0,101.8,13.6,0.118,6.67,1
user_005382,18-25,Otros,Móvil,Premium,147,30,135.17,72.0,13,70.1,19.7,0.09,,1
user_005383,36-45,,Desktop,Premium,79,22,342.16,18.0,12,35.2,3.2,0.615,8.35,0
user_005384,,Buenos Aires,Móvil,Free,113,44,194.6,147.0,27,22.5,15.2,0.38,11.68,1
user_005385,18-25,La Plata,Desktop,Free,148,41,143.12,132.0,30,116.4,20.0,0.164,8.31,0
user_005386,18-25,La Plata,Desktop,Premium,202,7,303.75,15.0,12,86.1,19.4,,1.04,0
user_005387,56+,Rosario,Móvil,,116,22,104.39,136.0,20,68.1,4.9,0.726,5.69,0
user_005388,26-35,Rosario,Desktop,Premium,259,23,458.7,29.0,7,23.7,2.3,0.716,,0
user_005389,36-45,Córdoba,Móvil,Free,156,11,145.17,145.0,7,42.7,3.3,0.617,,0
user_005390,36-45,Buenos Aires,Tablet,Premium,83,30,246.14,40.0,24,7.4,5.4,,,1
user_005391,46-55,Córdoba,Móvil,Free,111,29,424.43,96.0,23,75.3,7.0,0.282,7.84,1
user_005392,26-35,Buenos Aires,Móvil,Enterprise,184,33,137.8,52.0,30,32.7,9.2,0.598,5.38,1
user_005393,36-45,Rosario,Tablet,Free,212,26,202.6,152.0,18,87.6,3.8,0.217,3.68,0
user_005394,18-25,Rosario,Móvil,Basic,102,35,24.75,25.0,20,80.6,11.3,,10.29,1
user_005395,18-25,Córdoba,Móvil,Free,32,10,27.54,,25,43.1,9.1,0.647,9.38,0
user_005396,46-55,Buenos Aires,Móvil,Basic,136,7,209.92,12.0,2,65.9,9.2,0.582,,0
user_005397,56+,Mendoza,Tablet,Premium,241,27,341.83,15.0,22,50.2,7.3,0.541,3.36,1
user_005398,36-45,Buenos Aires,Desktop,Free,181,41,252.06,124.0,7,43.1,5.5,0.121,,1
user_005399,26-35,Córdoba,Móvil,Free,95,11,90.85,134.0,10,43.2,17.3,0.911,,1
user_005400,26-35,La Plata,Desktop,Free,248,11,119.3,37.0,27,108.0,16.0,0.498,1.33,1
user_005401,36-45,Otros,Móvil,Premium,72,11,479.34,146.0,2,,16.4,0.323,4.58,0
user_005402,18-25,Buenos Aires,Móvil,Premium,355,33,52.9,117.0,27,75.4,9.0,,2.79,0
user_005403,26-35,Buenos Aires,Tablet,Free,195,16,234.76,115.0,12,114.0,11.0,0.726,2.46,1
user_005404,26-35,Rosario,Desktop,Premium,264,20,257.94,156.0,10,31.8,17.0,0.966,2.27,0
user_005405,26-35,Buenos Aires,Móvil,Free,121,0,143.48,999.0,3,46.4,8.7,0.881,0.0,1
user_005406,26-35,Rosario,Móvil,Premium,245,2,491.07,32.0,20,63.6,13.0,0.089,0.24,1
user_005407,18-25,Buenos Aires,Móvil,Basic,218,8,35.27,169.0,23,60.8,11.2,0.734,1.1,1
user_005408,18-25,Córdoba,Móvil,Basic,216,15,230.79,126.0,1,76.2,15.6,0.236,2.08,1
user_005409,26-35,Mendoza,Móvil,Free,28,16,125.64,61.0,27,39.2,15.1,,16.0,1
user_005410,18-25,Rosario,Desktop,Free,281,48,462.83,99.0,1,,10.3,0.782,5.12,1
user_005411,18-25,Otros,Tablet,Basic,70,24,62.86,57.0,11,67.0,8.0,0.298,10.29,0
user_005412,46-55,Córdoba,Desktop,Free,87,3,162.3,130.0,19,,7.4,0.008,1.03,0
user_005413,26-35,Córdoba,Desktop,Basic,237,20,453.97,179.0,28,,9.9,,2.53,1
user_005414,26-35,La Plata,Móvil,Free,177,1,32.25,20.0,24,84.0,3.5,0.612,0.17,1
user_005415,,Buenos Aires,Móvil,Basic,215,37,361.93,69.0,5,3.8,3.8,,5.16,0
user_005416,46-55,Buenos Aires,Móvil,Free,296,11,21.98,35.0,9,115.8,19.9,,,0
user_005417,36-45,Córdoba,Desktop,Basic,85,18,64.09,61.0,30,54.1,5.0,,6.35,1
user_005418,26-35,Córdoba,Desktop,Free,132,4,255.56,119.0,8,69.8,10.8,0.846,0.91,0
user_005419,26-35,La Plata,Desktop,Premium,181,10,167.26,81.0,27,30.4,7.0,0.635,1.66,1
user_005420,36-45,Buenos Aires,Móvil,Enterprise,49,15,216.29,13.0,9,29.5,10.4,0.89,9.18,1
user_005421,18-25,Córdoba,Móvil,Premium,245,46,25.96,67.0,20,15.1,18.9,,5.63,0
user_005422,26-35,La Plata,Desktop,Basic,287,43,197.03,49.0,7,94.0,7.3,0.486,4.49,0
user_005423,18-25,Buenos Aires,Móvil,Free,16,34,10.49,109.0,6,69.2,10.9,0.332,34.0,0
user_005424,18-25,Buenos Aires,,Basic,188,38,200.6,61.0,15,6.5,17.5,,,1
user_005425,36-45,La Plata,Desktop,Free,155,25,278.71,80.0,1,43.3,16.7,0.237,4.84,0
user_005426,56+,Buenos Aires,Móvil,Free,208,31,341.51,31.0,29,33.8,17.8,0.589,4.47,0
user_005427,26-35,Buenos Aires,Móvil,Free,355,14,156.58,39.0,28,13.2,1.5,0.346,1.18,0
user_005428,36-45,Rosario,Desktop,Premium,73,18,200.59,101.0,11,23.3,6.8,,7.4,1
user_005429,36-45,Córdoba,Móvil,Premium,355,19,305.68,106.0,12,104.1,8.1,,1.61,0
user_005430,56+,La Plata,Móvil,Free,135,21,322.44,49.0,13,,16.3,0.193,4.67,1
user_005431,56+,Otros,Móvil,Basic,58,43,46.46,11.0,17,15.8,14.0,0.999,22.24,0
user_005432,36-45,Córdoba,Tablet,Enterprise,254,35,22.79,8.0,30,54.1,10.5,0.957,4.13,1
user_005433,46-55,Córdoba,Desktop,Basic,58,35,389.72,115.0,29,2.3,18.6,0.862,18.1,1
user_005434,36-45,Córdoba,Tablet,Premium,145,5,222.44,8.0,19,65.6,5.3,,1.03,0
user_005435,18-25,Buenos Aires,Móvil,Premium,26,6,423.92,68.0,1,43.8,4.8,0.596,6.0,1
user_005436,26-35,Rosario,Desktop,Free,222,42,130.16,72.0,7,71.5,16.5,0.857,5.68,1
user_005437,56+,Mendoza,Móvil,Premium,274,21,387.6,170.0,29,44.9,6.3,0.413,,1
user_005438,18-25,Buenos Aires,Móvil,Free,356,7,457.29,155.0,4,46.2,11.2,0.905,0.59,1
user_005439,,Buenos Aires,Móvil,Free,161,44,188.46,90.0,1,42.1,12.9,0.092,8.2,1
user_005440,56+,,Desktop,Free,5,5,157.42,98.0,25,50.9,6.6,0.227,5.0,1
user_005441,26-35,Mendoza,Desktop,Basic,112,44,54.0,4.0,16,5.8,13.0,0.179,,0
user_005442,46-55,Rosario,Móvil,Free,164,37,243.52,134.0,18,43.7,8.7,0.14,6.77,0
user_005443,26-35,Mendoza,Móvil,Basic,289,37,468.08,1.0,11,93.4,9.4,,3.84,0
user_005444,26-35,Buenos Aires,Móvil,Free,156,16,103.83,78.0,17,66.8,2.4,0.061,,0
user_005445,56+,Buenos Aires,Móvil,Premium,350,4,403.76,115.0,14,45.7,1.5,0.962,0.34,0
user_005446,26-35,Rosario,Tablet,Basic,297,30,154.96,28.0,3,,10.6,0.501,3.03,0
user_005447,18-25,Otros,Móvil,Premium,276,16,387.0,161.0,4,10.3,14.5,0.256,1.74,1
user_005448,36-45,Buenos Aires,Desktop,Basic,28,36,426.14,171.0,2,25.1,10.1,0.437,,1
user_005449,26-35,Otros,,Basic,43,32,317.97,145.0,19,77.6,13.0,0.384,22.33,0
user_005450,36-45,Rosario,Móvil,Premium,245,19,52.44,89.0,20,109.9,7.5,0.591,,0
user_005451,46-55,Buenos Aires,Desktop,Basic,243,33,243.53,56.0,27,110.6,4.1,0.274,,1
user_005452,56+,Córdoba,Desktop,Basic,278,18,311.36,160.0,21,28.5,6.8,0.306,1.94,0
user_005453,46-55,La Plata,Móvil,Free,166,16,288.94,86.0,18,15.4,2.9,0.014,2.89,1
user_005454,18-25,Buenos Aires,Móvil,Premium,175,33,55.71,149.0,11,112.6,11.1,0.164,5.66,1
user_005455,46-55,Mendoza,Móvil,Free,148,32,332.02,44.0,7,18.6,18.8,0.101,6.49,1
user_005456,36-45,Buenos Aires,Móvil,Free,239,16,291.93,73.0,11,54.5,5.0,0.47,2.01,1
user_005457,36-45,Buenos Aires,Desktop,Free,86,48,330.28,40.0,8,56.9,17.1,0.188,,0
user_005458,18-25,,Móvil,Free,104,22,224.73,70.0,22,41.9,6.2,0.831,6.35,0
user_005459,46-55,Buenos Aires,Tablet,Premium,174,14,381.26,49.0,0,9.0,7.4,0.984,2.41,0
user_005460,26-35,Córdoba,Móvil,Enterprise,106,23,370.97,18.0,13,47.5,19.5,0.893,6.51,1
user_005461,26-35,Rosario,Móvil,Basic,185,50,283.28,64.0,4,10.1,5.1,0.053,8.11,0
user_005462,26-35,Buenos Aires,Tablet,Premium,307,10,441.17,44.0,26,81.4,12.5,,0.98,0
user_005463,46-55,Buenos Aires,Tablet,Basic,12,45,404.86,20.0,12,,6.5,,45.0,1
user_005464,36-45,Mendoza,Móvil,Free,85,33,169.32,57.0,16,88.5,16.3,,,0
user_005465,26-35,Buenos Aires,Desktop,Premium,56,48,311.77,177.0,3,83.8,12.2,0.861,,0
user_005466,26-35,Córdoba,Móvil,Free,50,36,350.76,57.0,3,,17.8,0.022,,0
user_005467,56+,Córdoba,Desktop,Free,26,16,350.1,174.0,3,51.3,10.2,0.424,16.0,1
user_005468,26-35,Buenos Aires,Móvil,Premium,201,27,251.21,139.0,17,40.3,14.9,0.55,,0
user_005469,26-35,Rosario,Tablet,Free,354,41,262.78,119.0,19,36.6,2.1,,3.47,1
user_005470,56+,Buenos Aires,Desktop,Basic,193,1,205.49,149.0,17,41.5,3.0,,0.16,1
user_005471,18-25,Rosario,Desktop,Basic,319,34,250.06,69.0,16,118.6,11.6,0.32,3.2,1
user_005472,26-35,La Plata,Desktop,Basic,8,29,332.84,178.0,30,46.3,7.0,0.024,29.0,0
user_005473,18-25,Mendoza,Móvil,Premium,267,11,346.32,143.0,6,74.0,15.8,0.383,1.24,0
user_005474,26-35,Buenos Aires,Móvil,Premium,49,40,309.76,90.0,14,3.6,3.0,0.547,24.49,1
user_005475,,Rosario,Móvil,Free,216,40,471.55,44.0,7,62.8,9.5,0.934,5.56,1
user_005476,36-45,Buenos Aires,Móvil,Free,51,18,367.93,100.0,30,99.1,6.2,0.574,10.59,1
user_005477,46-55,Mendoza,Móvil,Premium,8,10,83.8,145.0,25,119.6,7.8,0.442,10.0,0
user_005478,18-25,Buenos Aires,Móvil,Premium,279,12,98.81,113.0,4,53.3,3.6,0.971,1.29,1
user_005479,26-35,Córdoba,Móvil,Basic,144,0,188.27,999.0,18,60.2,19.3,0.241,0.0,0
user_005480,36-45,Córdoba,,Enterprise,200,44,450.1,129.0,24,84.7,4.9,0.718,6.6,1
user_005481,46-55,Rosario,Móvil,Premium,78,3,146.35,148.0,22,50.9,3.8,0.299,1.15,1
user_005482,36-45,Mendoza,Tablet,Premium,137,27,454.77,54.0,14,83.6,10.9,0.939,,1
user_005483,26-35,Otros,Móvil,Free,347,46,270.02,137.0,17,85.5,19.8,0.578,3.98,0
user_005484,56+,Mendoza,Móvil,Basic,77,28,243.28,17.0,10,80.4,18.0,,10.91,1
user_005485,56+,Buenos Aires,Móvil,Premium,277,8,314.11,55.0,25,18.0,1.4,0.215,,0
user_005486,26-35,La Plata,Desktop,Free,159,11,499.51,87.0,26,,14.9,0.147,,0
user_005487,46-55,Córdoba,Móvil,Premium,353,7,472.59,15.0,7,93.4,4.6,,,1
user_005488,26-35,Córdoba,Móvil,Free,312,2,466.89,78.0,11,4.0,17.4,0.549,0.19,0
user_005489,36-45,Rosario,Móvil,Premium,113,25,264.04,141.0,3,71.8,10.4,0.506,,0
user_005490,36-45,Buenos Aires,Desktop,Free,17,9,93.66,43.0,25,64.9,19.4,0.254,9.0,1
user_005491,18-25,Córdoba,Tablet,Free,194,44,498.18,179.0,25,,3.6,,,1
user_005492,36-45,La Plata,Tablet,Enterprise,87,26,223.38,21.0,29,18.9,7.6,0.083,8.97,1
user_005493,36-45,La Plata,Móvil,Basic,144,45,426.46,29.0,26,67.0,2.9,0.409,9.38,1
user_005494,26-35,Mendoza,Móvil,Premium,132,25,309.1,41.0,13,88.3,2.8,,5.68,1
user_005495,18-25,Buenos Aires,Móvil,Free,125,50,162.88,8.0,29,71.4,6.3,0.214,12.0,1
user_005496,26-35,Otros,Móvil,Basic,66,27,430.67,179.0,12,,19.0,0.808,12.27,1
user_005497,36-45,Córdoba,Desktop,Premium,302,48,234.39,35.0,25,59.6,5.0,,4.77,0
user_005498,36-45,,Tablet,Free,81,24,79.64,53.0,14,34.5,6.5,0.354,8.89,0
user_005499,36-45,Buenos Aires,Móvil,Basic,328,18,352.18,160.0,2,,19.1,,1.65,0
user_005500,26-35,Rosario,Móvil,Free,353,27,335.14,79.0,19,16.7,12.3,0.495,2.29,0
user_005501,36-45,Buenos Aires,Móvil,Free,267,7,426.77,56.0,23,32.5,6.7,0.057,0.79,0
user_005502,46-55,Rosario,Móvil,Free,24,8,164.14,113.0,25,97.9,2.8,0.724,8.0,1
user_005503,18-25,Buenos Aires,Desktop,Premium,217,45,289.98,41.0,8,14.9,5.2,0.281,,0
user_005504,36-45,Córdoba,Móvil,Premium,5,13,305.72,20.0,26,60.6,17.0,0.139,13.0,0
user_005505,26-35,Buenos Aires,Tablet,Basic,343,40,293.35,122.0,19,33.5,9.9,0.895,3.5,1
user_005506,26-35,Buenos Aires,Desktop,Basic,130,25,468.4,65.0,30,69.4,2.8,0.303,,0
user_005507,18-25,Otros,Desktop,Premium,104,17,455.67,54.0,5,,3.7,0.111,4.9,1
user_005508,26-35,Córdoba,Desktop,Premium,6,18,363.52,73.0,22,76.5,3.3,0.399,,0
user_005509,18-25,Rosario,Móvil,Premium,359,2,419.95,85.0,26,60.8,15.5,0.957,0.17,0
user_005510,26-35,Buenos Aires,Móvil,Basic,267,20,301.73,21.0,17,108.9,10.1,0.353,2.25,0
user_005511,26-35,Mendoza,Móvil,Basic,48,34,116.15,65.0,2,3.0,1.9,0.358,,0
user_005512,26-35,Rosario,Tablet,Enterprise,63,17,452.41,95.0,3,25.9,9.2,0.275,8.1,0
user_005513,36-45,Rosario,Móvil,Enterprise,301,9,347.33,11.0,21,81.6,7.3,0.321,0.9,0
user_005514,56+,Buenos Aires,Desktop,Basic,268,6,186.34,146.0,11,69.4,17.1,,,0
user_005515,46-55,Otros,Móvil,Basic,73,7,222.35,86.0,10,109.2,5.1,0.81,2.88,0
user_005516,36-45,Buenos Aires,Móvil,Free,305,8,278.49,171.0,7,,7.7,,0.79,0
user_005517,18-25,Buenos Aires,Tablet,Basic,162,39,69.35,148.0,4,99.0,13.4,0.338,7.22,1
user_005518,46-55,Otros,Móvil,Free,206,18,449.78,104.0,17,60.3,4.4,0.116,2.62,0
user_005519,26-35,Buenos Aires,Móvil,Free,113,48,443.67,89.0,1,103.9,7.9,0.627,12.74,0
user_005520,26-35,Córdoba,Móvil,Basic,59,9,67.44,19.0,23,107.8,4.5,,,0
user_005521,36-45,,Móvil,Premium,3,7,480.41,177.0,25,45.9,4.4,0.335,,0
user_005522,26-35,La Plata,Móvil,Free,62,4,421.39,74.0,13,87.6,14.2,0.009,1.94,1
user_005523,26-35,Rosario,Móvil,Basic,82,14,313.35,108.0,29,8.3,10.1,0.516,5.12,0
user_005524,46-55,Buenos Aires,Móvil,Enterprise,262,15,476.56,159.0,8,8.5,9.4,0.111,1.72,1
user_005525,36-45,Córdoba,Móvil,Free,350,9,174.69,83.0,8,61.8,5.5,0.426,0.77,0
user_005526,,Buenos Aires,Tablet,Free,173,33,248.38,0.0,29,41.2,10.1,0.206,5.72,0
user_005527,36-45,Buenos Aires,Desktop,Basic,6,43,339.69,80.0,12,117.4,5.7,,43.0,0
user_005528,18-25,Otros,Móvil,Basic,139,25,376.82,176.0,16,48.2,4.9,0.577,5.4,1
user_005529,26-35,Buenos Aires,Desktop,Free,194,18,106.46,91.0,19,99.2,15.1,,2.78,1
user_005530,36-45,Buenos Aires,Móvil,Free,249,47,388.39,136.0,28,61.8,15.6,0.884,,1
user_005531,36-45,Mendoza,Móvil,Free,177,11,282.08,118.0,9,,9.8,0.019,1.86,0
user_005532,36-45,Buenos Aires,Móvil,Basic,222,10,312.77,150.0,25,19.5,17.4,0.284,1.35,0
user_005533,26-35,Buenos Aires,Móvil,Basic,299,19,115.49,151.0,7,71.3,5.2,,1.91,0
user_005534,26-35,Córdoba,Móvil,Basic,47,34,354.7,58.0,19,14.0,3.6,0.296,21.7,1
user_005535,36-45,Rosario,Móvil,Free,8,16,404.29,107.0,22,,16.3,0.86,16.0,0
user_005536,18-25,Rosario,Tablet,Basic,26,24,186.69,46.0,15,72.1,12.3,0.311,24.0,0
user_005537,18-25,Rosario,Desktop,Basic,101,20,485.81,72.0,16,,18.0,0.461,5.94,1
user_005538,36-45,Mendoza,Desktop,Enterprise,302,7,315.63,150.0,8,14.2,14.7,0.399,0.7,1
user_005539,36-45,Córdoba,Móvil,Free,207,32,498.73,79.0,1,,3.2,0.256,,1
user_005540,18-25,Buenos Aires,Móvil,Basic,9,50,194.73,120.0,20,18.0,10.7,,,0
user_005541,36-45,Buenos Aires,Móvil,Premium,16,28,486.71,163.0,25,61.3,1.6,0.361,28.0,1
user_005542,56+,Otros,Tablet,Premium,52,38,287.05,29.0,5,14.0,16.7,0.991,,1
user_005543,46-55,Rosario,Móvil,Basic,209,23,479.37,58.0,12,41.7,17.2,0.218,3.3,0
user_005544,18-25,Córdoba,Desktop,Free,125,29,384.2,167.0,22,20.4,1.4,0.786,6.96,1
user_005545,18-25,Otros,Móvil,Premium,271,23,262.05,61.0,24,111.3,13.0,0.445,2.55,0
user_005546,36-45,Buenos Aires,Desktop,Enterprise,48,43,479.76,162.0,5,84.6,8.1,0.265,26.88,0
user_005547,26-35,Rosario,Móvil,Premium,178,23,301.72,145.0,21,75.3,16.3,0.967,3.88,1
user_005548,,Buenos Aires,Móvil,Basic,182,50,26.31,93.0,20,,11.5,0.355,8.24,0
user_005549,56+,,Móvil,Premium,202,20,154.27,128.0,23,108.7,18.7,0.84,2.97,0
user_005550,18-25,Rosario,Desktop,Premium,70,36,207.05,61.0,7,78.6,13.8,0.687,15.43,1
user_005551,18-25,Rosario,Desktop,Free,132,3,11.73,19.0,14,11.2,19.5,0.735,0.68,1
user_005552,46-55,Córdoba,Móvil,Free,183,23,328.07,30.0,12,102.6,3.4,0.876,,1
user_005553,26-35,La Plata,Móvil,Premium,12,47,194.45,127.0,9,98.2,2.0,0.643,47.0,1
user_005554,26-35,Buenos Aires,Desktop,Basic,257,45,36.41,98.0,20,61.9,16.7,0.681,5.25,0
user_005555,56+,Buenos Aires,Tablet,Free,195,48,42.71,160.0,17,49.4,11.4,0.182,7.38,1
user_005556,36-45,Córdoba,Desktop,Basic,106,29,143.6,106.0,1,2.2,17.7,0.09,8.21,0
user_005557,46-55,Otros,Móvil,Premium,174,28,23.75,60.0,11,11.6,2.6,0.588,4.83,0
user_005558,36-45,Rosario,Móvil,,22,1,305.87,12.0,13,32.8,13.6,0.258,1.0,0
user_005559,26-35,Otros,Desktop,Basic,11,14,401.91,107.0,3,12.5,17.1,0.329,,0
user_005560,18-25,La Plata,Desktop,Premium,194,28,284.47,173.0,23,23.0,3.2,,,1
user_005561,26-35,Buenos Aires,Móvil,Basic,307,14,301.31,48.0,3,9.9,9.2,0.621,,1
user_005562,36-45,La Plata,Móvil,Free,40,48,490.19,52.0,8,40.0,15.6,0.832,36.0,0
user_005563,36-45,Buenos Aires,Desktop,Basic,84,4,453.04,55.0,15,103.1,15.6,0.383,,1
user_005564,18-25,La Plata,Desktop,Free,126,0,219.72,999.0,29,,17.6,0.712,0.0,0
user_005565,18-25,Buenos Aires,Móvil,Free,217,46,144.99,178.0,23,12.6,6.6,0.28,6.36,1
user_005566,,Buenos Aires,Tablet,Enterprise,133,48,410.49,82.0,7,13.0,4.6,0.146,,1
user_005567,26-35,Córdoba,Desktop,Free,217,18,329.02,20.0,2,30.5,5.9,0.294,2.49,1
user_005568,46-55,Buenos Aires,Móvil,Basic,83,8,437.81,98.0,11,65.2,5.2,0.946,2.89,0
user_005569,26-35,Córdoba,Desktop,Premium,276,39,210.89,128.0,17,39.5,1.5,0.926,4.24,1
user_005570,26-35,Mendoza,Móvil,Premium,53,28,35.3,155.0,27,26.6,2.5,0.375,15.85,1
user_005571,36-45,Córdoba,Móvil,Free,75,40,129.62,64.0,27,31.6,16.3,0.648,,0
user_005572,26-35,Buenos Aires,Móvil,Basic,54,19,171.15,128.0,8,30.8,13.4,0.062,10.56,0
user_005573,46-55,Buenos Aires,Móvil,Premium,279,7,440.44,79.0,20,47.0,7.3,0.687,0.75,1
user_005574,56+,Otros,Móvil,Free,31,4,499.28,129.0,7,53.9,16.9,1.0,3.87,0
user_005575,36-45,Mendoza,Desktop,Premium,349,34,57.68,165.0,24,27.1,11.0,0.113,2.92,1
user_005576,26-35,Buenos Aires,Desktop,Free,343,44,395.82,65.0,10,103.0,5.4,0.991,3.85,0
user_005577,18-25,Córdoba,Móvil,Enterprise,21,44,41.51,174.0,25,40.5,19.2,,44.0,1
user_005578,26-35,Mendoza,Desktop,Free,75,22,450.21,134.0,20,112.4,2.3,0.341,8.8,1
user_005579,26-35,Córdoba,Desktop,Premium,320,0,13.37,999.0,16,65.5,10.9,,,1
user_005580,36-45,Buenos Aires,Desktop,Free,124,29,449.31,42.0,5,22.3,8.0,,,0
user_005581,,Otros,Desktop,Free,146,48,146.68,59.0,11,35.2,11.6,,9.86,0
user_005582,26-35,Córdoba,Desktop,Premium,113,4,299.52,155.0,23,5.9,9.5,0.472,1.06,1
user_005583,18-25,Buenos Aires,Móvil,Premium,239,44,407.22,116.0,21,38.9,18.3,,,1
user_005584,56+,Buenos Aires,Desktop,Free,196,4,316.63,147.0,8,5.7,1.4,0.265,0.61,1
user_005585,46-55,Córdoba,Móvil,Basic,145,39,408.14,133.0,17,116.8,3.0,0.968,8.07,0
user_005586,18-25,Otros,Desktop,Basic,292,49,384.03,8.0,10,80.3,15.6,0.921,5.03,1
user_005587,36-45,Rosario,Desktop,Enterprise,203,2,133.36,94.0,7,,18.3,0.406,0.3,1
user_005588,26-35,Buenos Aires,Desktop,Premium,157,37,202.25,7.0,28,98.4,10.2,,7.07,1
user_005589,36-45,Buenos Aires,Desktop,Basic,85,8,112.55,7.0,11,55.2,19.5,0.116,2.82,1
user_005590,18-25,Córdoba,Desktop,Basic,142,49,347.26,122.0,7,32.5,10.9,0.869,,0
user_005591,46-55,Buenos Aires,Móvil,Premium,31,18,152.39,0.0,20,,14.6,,17.42,1
user_005592,36-45,Buenos Aires,Móvil,Basic,106,50,437.97,37.0,2,75.2,13.8,0.813,,1
user_005593,18-25,Buenos Aires,Móvil,Free,248,30,306.45,53.0,9,114.9,11.1,0.346,3.63,0
user_005594,46-55,Mendoza,Móvil,Basic,237,16,22.15,79.0,21,92.1,18.9,0.291,,0
user_005595,26-35,Buenos Aires,Móvil,Basic,316,46,378.16,73.0,26,12.3,2.0,0.062,4.37,1
user_005596,26-35,Buenos Aires,Tablet,Premium,253,17,400.94,29.0,4,90.1,1.7,0.804,2.02,1
user_005597,26-35,Córdoba,Desktop,Basic,21,44,417.53,83.0,13,71.6,1.1,0.132,44.0,0
user_005598,36-45,Buenos Aires,Móvil,Basic,79,32,256.01,112.0,25,17.7,3.9,0.062,12.15,0
user_005599,26-35,Otros,Móvil,Basic,197,29,81.48,97.0,26,72.2,15.7,0.917,4.42,1
user_005600,26-35,Rosario,Desktop,Basic,138,50,223.79,15.0,2,,14.6,0.045,10.87,0
user_005601,46-55,Buenos Aires,Móvil,Free,175,18,347.99,89.0,2,53.0,10.4,0.844,3.09,1
user_005602,56+,Buenos Aires,Móvil,Basic,279,20,79.46,23.0,15,15.6,9.0,,2.15,0
user_005603,26-35,Buenos Aires,Desktop,Premium,66,30,78.76,6.0,2,92.8,5.9,0.652,13.64,1
user_005604,56+,Córdoba,Móvil,Free,204,20,281.43,179.0,18,84.9,5.0,0.554,2.94,1
user_005605,,La Plata,Móvil,Enterprise,319,15,443.11,36.0,11,77.4,8.4,0.115,1.41,1
user_005606,26-35,Mendoza,Desktop,Premium,195,15,13.75,142.0,25,114.4,18.8,0.5,2.31,0
user_005607,18-25,Buenos Aires,Móvil,Basic,171,5,23.58,16.0,1,52.7,14.0,0.937,0.88,1
user_005608,36-45,Mendoza,Desktop,Premium,332,5,269.31,51.0,22,18.7,14.2,0.431,,0
user_005609,56+,Otros,Desktop,Free,267,1,338.34,141.0,2,67.8,11.6,0.875,0.11,0
user_005610,46-55,Buenos Aires,Desktop,Free,249,4,96.63,16.0,9,20.8,13.6,0.827,0.48,0
user_005611,46-55,Otros,Tablet,Enterprise,167,43,48.97,79.0,2,40.0,14.6,,7.72,0
user_005612,46-55,Mendoza,Desktop,Premium,324,13,277.69,52.0,0,6.4,8.3,0.796,1.2,0
user_005613,18-25,Otros,Móvil,Basic,33,50,482.51,91.0,30,55.9,9.9,,,1
user_005614,26-35,Mendoza,,Basic,177,18,325.29,5.0,17,71.2,6.9,0.138,3.05,1
user_005615,18-25,Mendoza,Desktop,Free,120,0,104.59,999.0,12,32.2,6.7,0.08,0.0,0
user_005616,56+,Otros,Móvil,Premium,244,16,368.65,92.0,4,86.0,3.6,,1.97,0
user_005617,56+,Rosario,Móvil,Free,217,32,177.15,18.0,8,11.8,5.5,0.392,,1
user_005618,18-25,La Plata,Móvil,Basic,262,6,125.25,48.0,29,78.6,1.2,0.428,0.69,1
user_005619,56+,Buenos Aires,Móvil,Basic,44,15,251.4,52.0,22,118.2,16.8,0.469,10.23,1
user_005620,36-45,Córdoba,Desktop,,13,13,373.22,94.0,23,76.2,15.1,0.152,13.0,0
user_005621,18-25,Córdoba,Móvil,Basic,305,13,334.69,12.0,16,58.4,11.8,0.885,,1
user_005622,18-25,Rosario,Móvil,Basic,260,41,306.31,161.0,20,73.3,18.9,0.812,4.73,1
user_005623,18-25,La Plata,Desktop,Basic,355,35,286.26,168.0,29,,10.6,0.118,,0
user_005624,26-35,Buenos Aires,Móvil,,304,33,216.61,138.0,7,,8.0,0.718,3.26,1
user_005625,,Córdoba,Tablet,Basic,361,42,476.09,151.0,13,60.5,9.7,,3.49,0
user_005626,18-25,Buenos Aires,Móvil,Free,74,12,331.48,147.0,16,87.0,13.0,0.382,4.86,0
user_005627,26-35,Rosario,Tablet,Basic,102,43,388.53,7.0,28,18.3,1.8,,12.65,0
user_005628,26-35,Buenos Aires,Desktop,Free,175,40,139.17,149.0,17,5.4,6.7,0.387,,1
user_005629,36-45,La Plata,Móvil,Basic,70,41,339.83,27.0,10,,8.4,0.765,17.57,0
user_005630,26-35,Córdoba,Tablet,Free,173,49,130.77,69.0,17,102.2,17.9,0.963,8.5,1
user_005631,26-35,Córdoba,Desktop,Premium,199,41,380.21,106.0,6,26.9,7.5,0.445,6.18,1
user_005632,36-45,Buenos Aires,Móvil,Enterprise,106,37,195.12,22.0,30,84.7,6.8,,10.47,1
user_005633,36-45,Buenos Aires,Móvil,Basic,174,38,402.42,89.0,15,15.6,10.2,0.384,6.55,0
user_005634,26-35,Buenos Aires,Móvil,Basic,316,40,176.3,150.0,13,2.4,18.5,0.521,3.8,0
user_005635,18-25,La Plata,Móvil,Premium,185,23,21.22,171.0,9,35.4,9.3,0.802,3.73,0
user_005636,36-45,,Móvil,Basic,227,45,342.66,16.0,17,14.0,6.4,0.44,5.95,1
user_005637,26-35,Córdoba,Móvil,Basic,204,50,222.48,178.0,21,2.4,1.7,0.507,7.35,1
user_005638,26-35,Otros,Móvil,,28,14,217.75,157.0,22,103.4,1.7,0.468,14.0,1
user_005639,,Otros,Móvil,Free,149,0,287.65,999.0,21,55.3,7.1,,0.0,1
user_005640,,Otros,Desktop,Free,350,49,152.58,58.0,23,11.6,15.6,0.725,4.2,0
user_005641,26-35,Buenos Aires,Tablet,Basic,15,6,255.48,129.0,11,28.9,5.9,0.763,6.0,1
user_005642,46-55,La Plata,Móvil,Free,165,33,423.83,38.0,12,25.7,4.2,0.92,,0
user_005643,26-35,Otros,Móvil,Premium,342,21,240.15,131.0,22,,9.0,0.966,1.84,0
user_005644,46-55,Buenos Aires,Desktop,Free,175,33,215.56,130.0,5,56.9,8.6,0.743,5.66,0
user_005645,18-25,Córdoba,Móvil,Basic,342,45,225.51,65.0,3,66.4,2.4,0.503,,0
user_005646,26-35,Rosario,Tablet,Premium,301,6,389.55,28.0,18,33.2,4.2,0.538,0.6,1
user_005647,,Rosario,Móvil,Premium,294,16,221.76,95.0,14,88.3,11.1,0.692,1.63,1
user_005648,26-35,Córdoba,Móvil,Enterprise,95,30,482.95,119.0,9,40.6,3.1,,9.47,1
user_005649,18-25,Buenos Aires,Desktop,Basic,137,12,70.72,176.0,20,98.5,11.3,0.442,,1
user_005650,26-35,Córdoba,Móvil,Basic,300,46,62.66,90.0,8,,15.5,,4.6,0
user_005651,26-35,,Móvil,Basic,141,1,142.84,26.0,8,100.0,7.4,0.961,0.21,1
user_005652,56+,Buenos Aires,Móvil,Free,92,15,190.26,8.0,12,,17.9,0.458,,1
user_005653,46-55,Otros,Desktop,Basic,201,2,423.01,72.0,4,9.1,1.1,0.951,,0
user_005654,36-45,Córdoba,Desktop,Basic,15,29,209.63,1.0,2,81.8,8.7,,29.0,0
user_005655,56+,Rosario,Móvil,Premium,28,36,372.93,126.0,29,65.0,18.8,0.389,36.0,1
user_005656,18-25,Mendoza,Desktop,Basic,0,33,302.68,145.0,15,88.6,18.8,0.947,33.0,0
user_005657,18-25,Buenos Aires,Desktop,Premium,43,32,494.12,179.0,7,,17.7,,22.33,1
user_005658,26-35,Buenos Aires,Móvil,Premium,269,5,308.68,174.0,4,86.1,14.4,0.261,0.56,0
user_005659,26-35,La Plata,Tablet,,163,12,366.41,45.0,4,112.3,18.4,0.329,2.21,0
user_005660,26-35,Córdoba,Desktop,Premium,178,42,151.09,142.0,26,100.6,1.2,,7.08,1
user_005661,36-45,Buenos Aires,Móvil,Free,174,8,271.26,145.0,23,18.8,6.8,0.996,1.38,1
user_005662,26-35,Otros,Tablet,Premium,27,45,149.3,173.0,16,79.5,2.1,,,1
user_005663,46-55,Buenos Aires,Móvil,Free,129,35,434.6,8.0,25,88.8,11.9,0.607,8.14,0
user_005664,26-35,Buenos Aires,Desktop,Free,151,40,238.05,27.0,5,112.3,1.2,0.137,7.95,0
user_005665,46-55,Rosario,Desktop,Free,203,24,12.69,47.0,4,33.0,13.4,,3.55,1
user_005666,56+,Rosario,Móvil,Premium,37,12,237.34,4.0,1,47.2,6.9,0.616,9.73,0
user_005667,26-35,Otros,Móvil,Free,156,23,170.04,10.0,14,75.6,4.6,0.78,4.42,1
user_005668,18-25,Mendoza,Móvil,Basic,362,19,141.01,151.0,3,27.2,12.9,0.844,1.57,0
user_005669,36-45,Buenos Aires,Desktop,Free,365,7,293.59,104.0,8,,15.3,0.382,0.58,1
user_005670,26-35,Buenos Aires,Desktop,Basic,315,11,93.37,28.0,7,,17.5,0.745,,0
user_005671,26-35,Buenos Aires,Móvil,Free,70,47,87.46,30.0,6,68.7,13.1,0.136,20.14,0
user_005672,26-35,La Plata,Móvil,Free,89,11,252.51,81.0,1,21.5,2.9,,3.71,0
user_005673,18-25,La Plata,Móvil,Premium,49,38,413.22,148.0,10,27.6,3.7,,23.27,1
user_005674,36-45,Córdoba,Móvil,Basic,197,11,408.4,169.0,17,11.6,6.6,0.653,1.68,0
user_005675,36-45,La Plata,Desktop,Basic,239,19,346.96,31.0,19,103.1,9.9,0.606,2.38,1
user_005676,,Córdoba,Móvil,Basic,90,38,409.36,26.0,3,42.4,16.2,0.209,12.67,0
user_005677,46-55,Rosario,Tablet,Free,307,18,63.75,0.0,30,111.1,6.7,0.978,1.76,0
user_005678,36-45,La Plata,Móvil,Basic,79,24,476.63,165.0,20,4.5,1.5,0.547,,0
user_005679,18-25,Córdoba,Móvil,Free,42,41,347.9,144.0,6,,3.5,0.986,,1
user_005680,18-25,Mendoza,Desktop,Free,6,26,346.95,118.0,19,86.3,17.7,0.426,26.0,0
user_005681,46-55,Buenos Aires,Desktop,Enterprise,329,39,162.25,69.0,22,3.3,5.3,0.348,3.56,1
user_005682,26-35,,Móvil,Basic,70,10,161.65,161.0,18,55.1,1.8,,4.29,1
user_005683,26-35,,Móvil,Basic,357,35,421.54,29.0,18,,18.7,0.061,2.94,0
user_005684,56+,Buenos Aires,Desktop,Basic,21,22,151.57,68.0,0,17.8,15.3,0.429,22.0,0
user_005685,46-55,Córdoba,Móvil,Basic,166,6,166.44,110.0,23,78.6,4.2,,,0
user_005686,36-45,Rosario,Móvil,Free,231,21,416.04,156.0,17,23.1,9.3,0.065,2.73,0
user_005687,56+,Buenos Aires,Desktop,Free,123,49,235.91,24.0,26,58.6,12.1,0.17,11.95,0
user_005688,36-45,Buenos Aires,Móvil,Free,77,22,120.41,139.0,9,98.4,1.4,0.637,8.57,0
user_005689,36-45,Córdoba,Desktop,Free,152,3,490.82,45.0,29,92.5,1.9,0.341,,0
user_005690,18-25,Córdoba,Móvil,Basic,287,0,491.27,999.0,8,31.4,7.5,0.808,0.0,1
user_005691,26-35,Rosario,Móvil,Basic,142,30,375.98,178.0,7,93.4,15.6,,6.34,0
user_005692,56+,Buenos Aires,Desktop,Basic,237,42,157.39,180.0,22,68.0,17.9,0.14,5.32,0
user_005693,18-25,Córdoba,Móvil,Free,14,38,52.56,134.0,6,9.6,2.9,,38.0,0
user_005694,36-45,Buenos Aires,Desktop,Free,9,17,455.54,47.0,26,62.1,3.7,0.636,,1
user_005695,36-45,La Plata,Tablet,Free,194,28,475.66,153.0,26,109.7,15.1,,4.33,0
user_005696,36-45,Buenos Aires,Desktop,Free,223,50,436.39,113.0,17,78.6,8.2,0.285,,0
user_005697,18-25,Rosario,Móvil,Basic,143,4,16.56,86.0,23,100.5,15.4,0.348,0.84,1
user_005698,18-25,La Plata,Móvil,Premium,281,18,196.76,62.0,3,,9.2,,1.92,0
user_005699,46-55,La Plata,Móvil,Premium,176,27,435.24,0.0,1,112.2,6.6,0.679,4.6,0
user_005700,26-35,Rosario,Desktop,Free,267,25,412.78,3.0,14,80.3,13.0,,,1
user_005701,36-45,Rosario,Desktop,Free,197,24,488.1,113.0,6,,19.1,0.146,3.65,1
user_005702,18-25,Rosario,Desktop,Premium,107,23,379.78,117.0,8,84.3,13.5,0.123,6.45,0
user_005703,56+,Córdoba,Desktop,Premium,149,29,206.98,3.0,12,26.3,8.3,0.34,,0
user_005704,18-25,,Móvil,Basic,165,26,235.2,99.0,19,27.8,17.8,0.184,4.73,0
user_005705,36-45,Otros,Móvil,Free,66,27,304.3,44.0,16,109.1,2.6,,12.27,1
user_005706,36-45,Otros,Móvil,Free,0,28,319.11,17.0,15,88.7,5.2,0.247,28.0,1
user_005707,18-25,Otros,Tablet,Premium,337,30,197.72,174.0,1,44.8,6.4,0.998,,1
user_005708,26-35,Otros,Desktop,Premium,347,6,219.82,169.0,21,44.1,6.9,0.721,0.52,0
user_005709,36-45,Rosario,Desktop,Free,89,32,424.57,97.0,9,67.0,17.2,0.376,10.79,0
user_005710,36-45,Córdoba,Móvil,Free,98,27,401.58,6.0,6,102.4,17.7,0.203,8.27,0
user_005711,46-55,Buenos Aires,Desktop,Basic,279,9,254.67,159.0,30,75.7,2.7,0.224,0.97,1
user_005712,36-45,Buenos Aires,Móvil,Basic,167,38,37.38,174.0,24,,18.7,,,0
user_005713,36-45,Mendoza,Tablet,Basic,111,26,193.0,114.0,13,9.9,5.9,0.698,7.03,0
user_005714,26-35,La Plata,Tablet,Basic,155,7,214.17,7.0,28,19.6,8.5,0.947,,1
user_005715,36-45,,Móvil,Premium,28,37,355.71,86.0,23,54.4,6.1,0.263,37.0,0
user_005716,26-35,Buenos Aires,Desktop,Free,321,6,157.61,134.0,20,9.7,12.0,0.905,0.56,0
user_005717,56+,,Desktop,Enterprise,191,15,109.78,163.0,24,3.0,19.9,,2.36,1
user_005718,36-45,Córdoba,Desktop,Enterprise,243,0,176.69,999.0,26,30.6,19.7,0.669,0.0,0
user_005719,46-55,Buenos Aires,Móvil,Basic,93,24,38.18,145.0,12,83.1,6.8,0.618,7.74,1
user_005720,26-35,Mendoza,Móvil,Free,56,12,16.59,138.0,26,109.3,9.4,,6.43,1
user_005721,26-35,Rosario,Desktop,Premium,168,3,405.38,68.0,3,111.9,2.4,0.406,0.54,1
user_005722,56+,Buenos Aires,Desktop,Free,37,20,149.21,89.0,6,69.2,9.0,0.629,16.22,1
user_005723,26-35,Córdoba,Móvil,Basic,359,0,164.1,999.0,20,57.9,6.0,0.869,0.0,0
user_005724,36-45,Mendoza,Móvil,Premium,67,16,393.19,13.0,5,36.7,12.2,0.502,7.16,1
user_005725,46-55,Córdoba,Móvil,Free,331,36,347.34,86.0,21,34.5,17.4,0.263,,0
user_005726,26-35,Otros,Tablet,Premium,228,39,21.4,112.0,29,97.7,13.4,0.962,5.13,1
user_005727,36-45,Buenos Aires,Móvil,Premium,63,44,182.76,173.0,14,77.2,4.2,0.295,20.95,0
user_005728,26-35,Buenos Aires,Móvil,Free,38,8,263.27,21.0,13,24.3,9.3,0.585,6.32,1
user_005729,46-55,Otros,Móvil,Premium,248,12,497.0,143.0,26,,11.5,0.25,1.45,0
user_005730,46-55,Buenos Aires,Móvil,Premium,73,3,398.73,84.0,21,5.0,14.4,0.27,1.23,1
user_005731,56+,Córdoba,Desktop,Free,304,20,208.51,31.0,27,29.4,16.5,0.239,,1
user_005732,18-25,Mendoza,Móvil,Enterprise,137,31,161.95,32.0,26,9.2,13.2,,,0
user_005733,36-45,Córdoba,Móvil,Free,171,42,335.21,114.0,1,,5.8,0.401,7.37,1
user_005734,26-35,Mendoza,Desktop,Basic,13,3,240.5,163.0,18,84.5,10.1,0.015,3.0,1
user_005735,36-45,Buenos Aires,Móvil,Basic,21,16,121.63,82.0,25,70.7,5.3,0.364,16.0,0
user_005736,56+,Otros,Móvil,Basic,30,23,440.55,164.0,26,,5.7,0.019,23.0,1
user_005737,56+,Buenos Aires,Desktop,Free,18,15,345.74,,2,22.4,1.4,0.89,15.0,0
user_005738,18-25,Córdoba,Móvil,Enterprise,111,2,275.82,105.0,19,117.5,4.8,0.029,0.54,0
user_005739,,Buenos Aires,Móvil,Premium,226,21,367.89,2.0,8,17.3,18.0,,2.79,1
user_005740,36-45,Rosario,Móvil,Basic,314,14,296.51,18.0,26,8.8,6.9,0.246,,1
user_005741,26-35,Buenos Aires,Móvil,Free,172,47,343.87,67.0,12,46.0,18.6,0.482,8.2,0
user_005742,36-45,Rosario,Móvil,Free,161,31,112.3,3.0,7,108.2,19.2,0.795,,1
user_005743,46-55,La Plata,Móvil,Basic,217,21,18.26,132.0,27,20.9,13.8,0.031,2.9,1
user_005744,46-55,Mendoza,Desktop,Free,229,35,130.41,162.0,16,65.2,10.1,0.254,,1
user_005745,18-25,Buenos Aires,Desktop,,316,49,147.93,116.0,26,96.3,13.3,0.264,4.65,0
user_005746,36-45,Buenos Aires,Desktop,Basic,104,27,413.01,137.0,0,92.8,9.9,0.791,7.79,1
user_005747,56+,Buenos Aires,Desktop,Basic,253,23,385.57,115.0,24,91.8,9.0,0.009,,0
user_005748,46-55,Mendoza,Móvil,Free,351,32,127.44,105.0,24,117.2,6.5,0.826,,1
user_005749,46-55,Rosario,Tablet,Basic,96,43,378.03,131.0,20,119.0,18.4,0.367,13.44,1
user_005750,26-35,Córdoba,Tablet,Free,155,44,199.75,128.0,1,,16.5,,8.52,1
user_005751,36-45,La Plata,Móvil,Free,138,43,403.28,79.0,8,42.4,3.5,0.172,9.35,1
user_005752,18-25,Buenos Aires,Móvil,Basic,102,35,229.59,83.0,18,21.6,13.4,0.573,,1
user_005753,46-55,Buenos Aires,Móvil,Basic,315,49,265.07,153.0,23,31.6,8.2,0.55,,1
user_005754,46-55,Córdoba,Desktop,Free,222,6,334.34,141.0,21,54.9,6.9,0.941,0.81,0
user_005755,36-45,Buenos Aires,Móvil,Free,22,8,211.67,45.0,27,33.9,5.1,,8.0,0
user_005756,56+,Buenos Aires,Desktop,Basic,273,31,275.99,106.0,10,101.8,7.4,0.552,3.41,0
user_005757,26-35,Otros,Móvil,Premium,151,14,461.25,24.0,3,77.0,14.6,,2.78,0
user_005758,26-35,Córdoba,Móvil,Basic,78,32,430.26,76.0,28,32.6,14.5,0.545,12.31,0
user_005759,18-25,Rosario,Móvil,Basic,187,30,373.55,36.0,25,99.7,17.6,0.533,,0
user_005760,18-25,,Móvil,Free,42,23,300.18,2.0,5,24.5,14.1,,16.43,1
user_005761,26-35,Otros,Móvil,Basic,224,11,73.16,48.0,22,109.3,10.3,0.316,,1
user_005762,36-45,Mendoza,Móvil,Free,89,36,201.37,157.0,26,89.6,19.8,0.941,12.13,1
user_005763,26-35,Buenos Aires,Desktop,Enterprise,108,28,238.2,30.0,12,25.1,14.1,0.615,7.78,0
user_005764,36-45,Rosario,Móvil,Basic,264,29,260.61,100.0,28,93.9,2.8,0.747,3.3,0
user_005765,36-45,Rosario,Desktop,Free,332,49,470.97,175.0,8,,3.5,,,1
user_005766,36-45,La Plata,Móvil,Basic,342,46,275.67,145.0,14,34.6,13.2,,4.04,1
user_005767,18-25,Otros,Desktop,Premium,209,49,466.66,74.0,5,,6.7,0.761,7.03,0
user_005768,26-35,Rosario,Móvil,Free,44,29,338.17,110.0,14,,15.3,0.409,19.77,0
user_005769,36-45,Buenos Aires,Móvil,Basic,79,48,299.93,33.0,21,37.5,2.7,0.862,18.23,1
user_005770,36-45,Buenos Aires,Móvil,Premium,263,25,332.8,13.0,16,12.5,13.1,0.31,2.85,1
user_005771,36-45,Buenos Aires,Tablet,Free,78,18,78.83,119.0,7,,12.0,,6.92,0
user_005772,18-25,Córdoba,Desktop,Basic,300,16,355.32,135.0,26,90.4,11.7,0.433,1.6,1
user_005773,18-25,Otros,Móvil,Premium,280,28,23.41,30.0,18,6.7,4.0,0.286,3.0,0
user_005774,18-25,Otros,Desktop,Premium,175,9,182.85,39.0,8,35.6,9.8,,,0
user_005775,,Mendoza,Tablet,Basic,53,22,137.59,106.0,28,77.5,13.1,0.783,12.45,1
user_005776,56+,Córdoba,Móvil,Free,338,3,287.33,95.0,22,105.6,10.2,0.971,0.27,1
user_005777,56+,La Plata,Tablet,Free,246,21,389.86,115.0,17,31.3,4.9,0.093,2.56,0
user_005778,26-35,Mendoza,Desktop,Basic,313,35,181.72,178.0,20,49.0,3.0,,,0
user_005779,46-55,Córdoba,Móvil,Basic,124,21,458.86,129.0,24,11.5,11.4,0.788,5.08,1
user_005780,36-45,Córdoba,Móvil,Free,95,33,140.99,128.0,20,56.1,11.9,,10.42,1
user_005781,46-55,Otros,Desktop,Premium,189,0,476.91,999.0,26,3.2,18.2,0.707,0.0,0
user_005782,46-55,Mendoza,Móvil,Basic,330,27,262.8,151.0,1,97.4,4.7,0.444,2.45,0
user_005783,46-55,Otros,Tablet,Premium,363,19,217.28,52.0,18,10.8,3.7,0.861,,1
user_005784,26-35,Buenos Aires,Desktop,Basic,41,28,492.85,108.0,4,,3.1,0.868,20.49,1
user_005785,,Otros,,Free,225,1,376.32,104.0,28,84.9,18.2,0.157,0.13,0
user_005786,18-25,Córdoba,Móvil,Free,46,8,35.58,24.0,7,35.4,17.5,0.251,5.22,1
user_005787,46-55,Córdoba,Móvil,Premium,105,32,203.05,33.0,16,14.0,11.5,0.202,,0
user_005788,26-35,Córdoba,Móvil,Free,64,4,104.01,89.0,29,,13.8,0.25,1.88,0
user_005789,26-35,Otros,Desktop,Basic,221,9,155.54,175.0,19,107.4,12.5,,1.22,1
user_005790,36-45,Buenos Aires,Móvil,Basic,308,12,383.26,141.0,16,19.8,15.5,0.619,1.17,0
user_005791,36-45,Córdoba,Móvil,Premium,5,33,241.41,95.0,29,38.9,16.3,0.027,33.0,0
user_005792,36-45,Córdoba,Móvil,Free,194,7,461.27,107.0,26,74.7,16.4,0.034,1.08,1
user_005793,36-45,Buenos Aires,Desktop,Free,285,43,61.52,176.0,15,103.9,10.0,0.551,4.53,0
user_005794,36-45,Córdoba,Móvil,Free,102,24,458.46,0.0,8,100.2,19.1,0.751,7.06,0
user_005795,26-35,Rosario,Móvil,Premium,210,14,238.36,116.0,6,20.8,8.5,0.909,2.0,1
user_005796,46-55,Buenos Aires,Móvil,Free,71,36,475.18,30.0,5,110.2,8.2,,15.21,0
user_005797,26-35,La Plata,Desktop,Basic,328,10,463.02,11.0,1,70.0,15.8,0.991,0.91,0
user_005798,26-35,La Plata,Desktop,Free,104,38,247.39,4.0,16,110.8,7.7,0.508,10.96,1
user_005799,36-45,Buenos Aires,Móvil,Free,4,4,110.61,126.0,8,67.0,8.4,0.5,4.0,0
user_005800,26-35,Buenos Aires,Móvil,Basic,299,16,204.87,1.0,10,86.7,11.9,0.6,,1
user_005801,18-25,Otros,Móvil,Free,241,31,308.47,6.0,10,5.5,15.1,0.689,3.86,1
user_005802,26-35,Buenos Aires,Móvil,Premium,313,15,467.78,107.0,20,94.3,4.1,0.978,,0
user_005803,18-25,Rosario,Móvil,Enterprise,168,38,58.54,26.0,29,,7.9,0.441,6.79,1
user_005804,46-55,Córdoba,Tablet,Free,81,35,311.45,134.0,9,57.3,9.4,,12.96,1
user_005805,46-55,Mendoza,Móvil,Premium,327,20,472.79,16.0,13,36.6,15.2,0.69,1.83,1
user_005806,36-45,Córdoba,Móvil,Premium,64,29,483.72,10.0,18,55.2,17.1,0.85,13.59,1
user_005807,36-45,Rosario,Móvil,Basic,83,45,495.87,125.0,23,43.0,18.6,0.588,,0
user_005808,36-45,La Plata,Desktop,Basic,88,3,346.56,87.0,22,111.0,16.8,0.829,1.02,0
user_005809,46-55,Buenos Aires,Móvil,Basic,157,6,374.21,50.0,26,1.8,14.9,0.62,1.15,1
user_005810,18-25,Córdoba,Móvil,Free,283,41,219.81,44.0,19,116.7,5.6,0.78,4.35,1
user_005811,36-45,Mendoza,Desktop,Free,62,32,353.71,178.0,29,22.1,8.7,0.722,15.48,0
user_005812,36-45,Buenos Aires,Móvil,Basic,104,41,370.96,143.0,1,28.5,7.6,0.628,11.83,0
user_005813,18-25,Córdoba,Desktop,Basic,283,44,393.99,118.0,5,,13.3,0.185,4.66,0
user_005814,36-45,Córdoba,Tablet,Basic,126,8,119.04,83.0,22,27.2,17.0,0.138,1.9,0
user_005815,18-25,Rosario,Móvil,Free,341,11,459.74,62.0,29,3.0,5.0,0.526,0.97,0
user_005816,36-45,Otros,Móvil,Free,78,5,76.74,160.0,6,89.8,15.4,0.792,1.92,1
user_005817,26-35,Buenos Aires,Desktop,Free,153,2,227.04,163.0,8,40.6,18.3,0.047,,1
user_005818,36-45,Buenos Aires,Tablet,Free,187,38,318.03,118.0,3,39.3,1.5,0.803,6.1,1
user_005819,18-25,Otros,Móvil,Premium,44,20,21.39,179.0,9,13.8,16.7,0.725,13.64,1
user_005820,18-25,Buenos Aires,Tablet,Premium,190,29,390.91,84.0,1,118.6,4.5,0.468,4.58,0
user_005821,18-25,Buenos Aires,Móvil,Basic,344,28,312.07,24.0,9,73.0,5.6,,,0
user_005822,36-45,Buenos Aires,Móvil,Free,310,16,196.9,137.0,16,95.4,3.3,0.495,1.55,1
user_005823,18-25,Rosario,Móvil,Premium,156,18,274.33,61.0,10,111.8,2.2,0.159,3.46,0
user_005824,46-55,Otros,,Free,194,30,310.91,158.0,23,7.7,4.5,0.23,4.64,0
user_005825,56+,Rosario,Móvil,Free,267,49,381.76,147.0,27,9.3,10.2,0.193,,1
user_005826,18-25,Rosario,Tablet,Free,150,2,492.92,161.0,21,,18.9,,0.4,1
user_005827,18-25,Córdoba,Móvil,Free,328,1,226.83,115.0,11,57.2,19.9,0.433,,0
user_005828,56+,Córdoba,Móvil,Premium,298,24,60.67,8.0,9,21.5,15.5,,,1
user_005829,26-35,Mendoza,Móvil,Basic,123,33,80.53,128.0,2,,16.8,0.467,8.05,0
user_005830,18-25,Córdoba,Desktop,,355,24,446.08,109.0,19,1.1,16.6,0.318,,0
user_005831,36-45,Buenos Aires,Móvil,Basic,232,33,58.73,76.0,29,37.4,15.5,0.262,,1
user_005832,36-45,Buenos Aires,Móvil,Basic,155,13,302.47,88.0,3,70.6,14.2,,2.52,0
user_005833,36-45,Otros,Móvil,Premium,249,39,325.98,20.0,10,110.0,18.1,0.574,4.7,0
user_005834,18-25,Córdoba,Tablet,Basic,49,12,191.06,158.0,19,115.7,13.3,0.117,,1
user_005835,18-25,Buenos Aires,Móvil,Free,165,50,339.86,126.0,16,53.9,16.2,0.541,9.09,0
user_005836,36-45,Córdoba,Desktop,Basic,28,37,91.17,61.0,1,69.3,18.5,0.451,37.0,0
user_005837,18-25,Buenos Aires,Móvil,Premium,124,3,306.99,,27,50.3,4.6,0.331,0.73,1
user_005838,56+,Buenos Aires,Desktop,Basic,66,0,173.8,999.0,29,104.0,8.9,0.567,,0
user_005839,46-55,Mendoza,Desktop,Premium,272,33,386.47,152.0,14,24.5,13.1,0.263,,0
user_005840,36-45,Buenos Aires,Móvil,Free,139,17,412.83,105.0,30,,19.0,0.496,3.67,1
user_005841,18-25,Córdoba,Desktop,Premium,296,2,288.43,3.0,10,108.2,16.4,,0.2,1
user_005842,18-25,Rosario,Móvil,Premium,337,33,491.51,72.0,14,3.3,11.0,0.741,2.94,1
user_005843,18-25,Buenos Aires,Móvil,Basic,203,48,388.12,75.0,22,33.2,10.3,0.855,7.09,1
user_005844,,Buenos Aires,Móvil,Free,172,47,356.76,7.0,0,58.6,11.5,0.222,8.2,0
user_005845,18-25,Córdoba,Desktop,Free,104,2,80.78,27.0,29,38.9,3.7,0.936,,0
user_005846,18-25,Rosario,Desktop,Basic,277,30,290.56,126.0,10,81.8,3.0,0.756,3.25,0
user_005847,46-55,Mendoza,Móvil,Free,144,1,223.75,152.0,14,30.1,7.5,0.788,0.21,1
user_005848,46-55,Rosario,Móvil,Basic,136,9,427.29,168.0,6,15.2,7.6,0.11,1.99,1
user_005849,36-45,La Plata,Móvil,Free,41,14,171.68,117.0,2,108.9,2.1,,10.24,1
user_005850,46-55,Córdoba,Móvil,Enterprise,11,23,258.48,129.0,2,63.6,10.7,,23.0,1
user_005851,46-55,La Plata,Tablet,Basic,243,41,354.22,19.0,4,114.3,7.5,0.055,5.06,1
user_005852,26-35,Buenos Aires,Móvil,Free,135,42,244.54,137.0,5,100.5,18.0,0.266,9.33,0
user_005853,46-55,Otros,Móvil,Basic,336,19,111.49,15.0,5,,10.9,,1.7,0
user_005854,36-45,Otros,Móvil,Basic,205,6,249.37,111.0,12,87.6,5.7,0.49,0.88,0
user_005855,46-55,La Plata,Móvil,Basic,365,48,264.71,41.0,1,2.1,19.3,0.204,3.95,1
user_005856,26-35,La Plata,Móvil,Free,15,7,74.77,100.0,25,71.8,4.4,0.609,7.0,1
user_005857,18-25,Buenos Aires,Tablet,Basic,34,39,391.94,56.0,9,,10.4,0.644,34.41,0
user_005858,,Buenos Aires,Móvil,Basic,170,27,74.5,93.0,6,10.4,3.3,,4.76,1
user_005859,,,Desktop,Free,113,11,434.5,29.0,22,2.1,11.1,,2.92,0
user_005860,26-35,Córdoba,Móvil,Free,142,11,321.8,148.0,2,77.7,5.1,0.443,2.32,1
user_005861,56+,Buenos Aires,Móvil,Basic,67,4,88.2,20.0,22,20.3,12.6,0.729,1.79,1
user_005862,26-35,La Plata,,Free,137,47,411.14,34.0,3,81.7,19.2,,10.29,1
user_005863,,Buenos Aires,Móvil,Free,9,15,403.31,179.0,28,,16.0,0.502,15.0,1
user_005864,26-35,Córdoba,Móvil,Premium,70,31,406.85,21.0,24,,2.5,0.947,13.29,1
user_005865,46-55,Mendoza,Móvil,Basic,351,48,430.37,73.0,26,73.4,12.5,0.495,4.1,0
user_005866,26-35,Córdoba,Móvil,Free,260,18,172.56,29.0,30,111.4,18.2,0.952,2.08,1
user_005867,26-35,Mendoza,Móvil,Free,178,10,495.72,175.0,12,,2.3,,,0
user_005868,18-25,Córdoba,Móvil,Free,87,37,299.1,73.0,8,37.9,13.3,0.561,12.76,1
user_005869,26-35,Otros,Móvil,Basic,67,0,162.04,999.0,18,82.1,19.1,0.969,0.0,0
user_005870,26-35,Otros,Tablet,Free,2,2,226.09,22.0,12,67.1,11.2,,2.0,1
user_005871,18-25,Buenos Aires,Desktop,Basic,78,40,224.55,177.0,15,116.2,4.8,0.94,15.38,1
user_005872,36-45,Buenos Aires,Móvil,Basic,75,21,307.54,13.0,11,60.7,6.7,,8.4,0
user_005873,46-55,Buenos Aires,Móvil,Basic,34,18,344.49,29.0,2,104.2,10.9,0.841,15.88,1
user_005874,26-35,Buenos Aires,Móvil,Free,227,27,304.96,138.0,25,32.6,5.5,0.073,,0
user_005875,26-35,Córdoba,Móvil,Basic,12,10,44.54,95.0,1,67.8,3.6,0.065,,0
user_005876,26-35,Buenos Aires,Móvil,Basic,238,20,495.19,157.0,0,90.9,10.0,0.974,2.52,0
user_005877,18-25,Otros,Móvil,Free,207,1,153.52,170.0,7,39.7,11.4,0.289,0.14,0
user_005878,56+,,Móvil,Premium,288,46,186.76,49.0,30,105.5,10.4,0.926,4.79,0
user_005879,36-45,La Plata,Móvil,Free,27,9,413.54,128.0,21,15.7,18.1,0.656,9.0,0
user_005880,26-35,Rosario,Móvil,Premium,114,16,119.49,36.0,12,20.6,18.1,0.63,4.21,1
user_005881,18-25,Buenos Aires,Móvil,Free,257,46,319.3,54.0,10,45.9,19.4,0.593,5.37,1
user_005882,56+,Buenos Aires,Móvil,Premium,225,10,452.38,73.0,29,58.0,10.5,0.247,1.33,1
user_005883,26-35,Mendoza,Móvil,Free,240,49,444.08,175.0,21,26.8,3.6,0.659,6.12,0
user_005884,26-35,Córdoba,Desktop,Enterprise,196,22,268.56,78.0,21,33.4,18.2,0.82,3.37,1
user_005885,18-25,La Plata,Móvil,Premium,253,5,368.11,131.0,24,10.9,15.1,0.71,0.59,0
user_005886,26-35,Otros,Desktop,Free,292,10,303.78,57.0,11,97.5,10.4,,1.03,0
user_005887,36-45,Buenos Aires,Móvil,Basic,103,37,250.14,67.0,19,,16.5,0.821,10.78,0
user_005888,18-25,Buenos Aires,Móvil,Basic,55,5,145.04,89.0,10,33.1,15.0,0.312,2.73,1
user_005889,36-45,Buenos Aires,Tablet,Premium,226,29,461.49,125.0,4,52.0,4.6,0.792,3.85,1
user_005890,56+,Buenos Aires,Móvil,Basic,261,22,192.24,176.0,14,76.9,17.1,0.866,,1
user_005891,36-45,Buenos Aires,Tablet,Free,113,4,62.48,99.0,10,26.7,3.8,0.917,1.06,0
user_005892,26-35,Córdoba,Desktop,Free,236,22,421.24,8.0,11,57.8,16.6,,2.8,0
user_005893,36-45,Buenos Aires,Móvil,Premium,180,50,452.45,59.0,11,48.1,15.7,,8.33,0
user_005894,26-35,Buenos Aires,Móvil,Basic,175,7,382.82,14.0,22,87.9,14.8,,1.2,0
user_005895,26-35,La Plata,,Premium,246,40,331.0,33.0,1,,18.9,0.229,4.88,0
user_005896,56+,La Plata,Desktop,Premium,89,2,481.24,101.0,17,47.9,19.6,0.989,,1
user_005897,36-45,Córdoba,Móvil,Premium,9,1,316.08,105.0,25,34.8,19.3,0.408,,0
user_005898,56+,Mendoza,Móvil,Basic,249,27,284.75,25.0,18,21.1,11.8,0.332,3.25,0
user_005899,18-25,Buenos Aires,Desktop,Basic,324,37,328.37,134.0,27,23.6,1.3,0.569,3.43,1
user_005900,56+,Córdoba,Móvil,Premium,291,38,152.04,128.0,23,48.2,17.6,0.66,3.92,0
user_005901,36-45,Buenos Aires,Móvil,Premium,337,0,425.28,999.0,26,39.4,4.7,0.172,0.0,0
user_005902,36-45,Córdoba,Desktop,Basic,58,6,334.07,96.0,12,37.8,14.0,0.111,3.1,0
user_005903,26-35,Otros,Móvil,Premium,328,49,337.71,64.0,29,50.1,7.3,0.875,,1
user_005904,36-45,Mendoza,,,267,35,84.16,149.0,0,7.2,1.3,0.282,,0
user_005905,18-25,Buenos Aires,Móvil,Free,364,33,256.94,136.0,9,103.2,13.5,0.913,2.72,0
user_005906,26-35,Otros,Desktop,Free,324,1,483.81,54.0,17,62.6,13.3,0.6,0.09,0
user_005907,46-55,Rosario,Móvil,,314,47,143.47,128.0,28,100.1,3.8,0.738,4.49,1
user_005908,26-35,Mendoza,Móvil,Enterprise,302,31,82.66,143.0,19,76.1,4.9,0.532,3.08,0
user_005909,18-25,Mendoza,Desktop,Free,330,23,380.96,1.0,29,50.4,1.9,,,1
user_005910,46-55,Buenos Aires,Móvil,Free,115,43,323.64,179.0,1,,13.8,0.951,11.22,1
user_005911,26-35,Otros,Desktop,Free,21,2,34.72,79.0,10,24.9,12.3,0.858,,0
user_005912,36-45,Buenos Aires,Tablet,Free,3,47,406.12,,15,10.5,17.9,0.482,47.0,1
user_005913,18-25,Rosario,Móvil,Premium,10,9,106.06,32.0,24,55.5,19.3,,9.0,0
user_005914,26-35,Buenos Aires,Desktop,Free,26,14,50.75,170.0,9,89.9,17.7,0.214,14.0,0
user_005915,18-25,Otros,Móvil,Basic,153,32,242.47,98.0,7,88.6,18.6,0.2,,1
user_005916,18-25,La Plata,Móvil,Free,282,16,270.01,103.0,6,72.4,9.4,0.033,1.7,1
user_005917,46-55,Rosario,Móvil,Free,257,36,167.44,113.0,17,62.8,4.3,0.672,,0
user_005918,36-45,La Plata,Desktop,Enterprise,247,33,220.39,54.0,8,117.8,3.7,0.131,4.01,1
user_005919,56+,Buenos Aires,Móvil,Free,216,7,136.69,70.0,30,96.2,4.7,0.005,0.97,1
user_005920,46-55,Mendoza,Desktop,Basic,170,0,366.72,999.0,12,13.9,13.1,0.357,0.0,1
user_005921,26-35,Buenos Aires,Móvil,Free,302,19,124.91,157.0,17,100.1,18.7,0.883,1.89,0
user_005922,56+,Buenos Aires,Desktop,Basic,8,26,138.03,110.0,30,62.5,15.5,0.15,26.0,0
user_005923,36-45,Mendoza,Móvil,Premium,165,22,64.36,160.0,3,54.0,17.8,0.663,4.0,1
user_005924,36-45,Buenos Aires,Móvil,Enterprise,0,43,194.08,164.0,17,39.8,14.1,0.456,,0
user_005925,26-35,,Móvil,Basic,148,38,341.99,163.0,1,22.8,19.1,0.473,7.7,1
user_005926,36-45,Córdoba,Tablet,Free,133,45,276.94,85.0,22,35.6,7.0,,,0
user_005927,26-35,Córdoba,Móvil,Free,215,3,63.45,125.0,21,,5.7,0.926,,0
user_005928,56+,Mendoza,Móvil,Free,284,8,340.9,44.0,28,90.6,19.0,,,0
user_005929,26-35,La Plata,Móvil,Basic,178,40,40.27,86.0,25,102.0,10.0,0.378,6.74,0
user_005930,26-35,Rosario,Desktop,Premium,112,3,81.06,12.0,6,5.6,4.6,,0.8,1
user_005931,26-35,La Plata,Desktop,Basic,117,8,456.46,92.0,28,24.2,5.7,0.543,2.05,1
user_005932,46-55,Rosario,Móvil,Free,334,27,418.54,124.0,3,67.3,2.0,0.2,2.43,1
user_005933,36-45,Buenos Aires,Desktop,Free,60,24,230.48,97.0,8,85.0,9.2,,12.0,1
user_005934,56+,,Tablet,Premium,15,20,40.77,89.0,2,16.7,8.6,0.87,20.0,1
user_005935,56+,La Plata,Móvil,Free,237,50,328.62,77.0,3,44.2,5.5,,,1
user_005936,26-35,Buenos Aires,Móvil,Basic,95,21,142.83,88.0,1,,12.3,0.806,6.63,0
user_005937,26-35,Buenos Aires,Móvil,Premium,45,7,101.23,82.0,26,36.4,13.3,0.194,4.67,0
user_005938,26-35,Buenos Aires,Móvil,Free,31,31,488.82,14.0,4,,1.7,0.498,30.0,0
user_005939,26-35,Buenos Aires,Móvil,Premium,137,2,128.55,111.0,26,73.5,9.4,0.016,0.44,1
user_005940,36-45,Buenos Aires,Móvil,Basic,0,2,174.96,151.0,24,29.1,2.2,0.579,2.0,1
user_005941,56+,Otros,Móvil,Premium,72,4,329.97,99.0,2,44.3,1.8,0.79,,1
user_005942,36-45,Rosario,Móvil,Basic,141,8,472.76,86.0,29,,17.9,0.881,1.7,1
user_005943,,Buenos Aires,Móvil,Basic,311,2,265.46,156.0,1,52.6,1.5,0.416,,1
user_005944,18-25,Rosario,Desktop,Free,229,5,456.27,144.0,6,15.7,18.6,0.866,0.66,1
user_005945,26-35,Buenos Aires,Desktop,Free,238,1,141.7,56.0,6,22.2,15.4,0.258,0.13,0
user_005946,46-55,Mendoza,Móvil,Free,229,17,213.75,24.0,25,40.1,4.0,0.504,2.23,0
user_005947,18-25,Otros,Desktop,Free,83,29,157.81,4.0,20,58.9,16.7,0.252,,0
user_005948,,Rosario,Desktop,Basic,317,27,18.04,138.0,3,17.6,9.4,0.062,,1
user_005949,18-25,Rosario,Desktop,Enterprise,350,16,457.33,149.0,28,84.3,2.3,0.476,,1
user_005950,26-35,Rosario,Desktop,Free,156,50,404.83,172.0,21,3.2,17.0,0.679,9.62,0
user_005951,36-45,Otros,Desktop,Basic,135,50,326.14,1.0,20,,11.6,0.663,11.11,0
user_005952,26-35,Córdoba,Móvil,Basic,323,8,172.8,148.0,11,8.6,17.1,0.066,0.74,1
user_005953,36-45,Rosario,Móvil,Premium,296,50,404.15,70.0,5,110.3,16.4,0.921,5.07,1
user_005954,26-35,Buenos Aires,Móvil,Basic,26,7,113.13,135.0,2,73.2,18.1,0.54,7.0,0
user_005955,,Mendoza,Móvil,Free,37,35,480.97,10.0,23,76.9,3.5,0.787,28.38,1
user_005956,36-45,Córdoba,Móvil,,295,6,485.55,156.0,1,117.4,7.6,,0.61,1
user_005957,26-35,Rosario,Móvil,Free,108,40,363.47,43.0,12,76.0,15.6,,,0
user_005958,56+,Buenos Aires,Móvil,Free,252,32,43.79,130.0,5,75.2,18.9,0.93,,0
user_005959,56+,Rosario,Móvil,Free,310,8,91.4,157.0,6,,2.2,,,0
user_005960,18-25,Córdoba,Tablet,Basic,250,37,348.86,161.0,23,104.7,1.2,0.871,4.44,0
user_005961,36-45,Mendoza,Desktop,Premium,45,14,48.3,44.0,0,46.1,1.7,,,0
user_005962,26-35,Mendoza,Móvil,Premium,67,32,145.67,164.0,2,111.6,16.8,0.665,14.33,1
user_005963,26-35,Córdoba,Móvil,Basic,77,12,47.58,112.0,9,69.1,2.5,0.963,4.68,0
user_005964,26-35,La Plata,Móvil,Free,95,0,296.63,999.0,1,100.1,2.9,0.561,0.0,1
user_005965,18-25,Mendoza,Desktop,Basic,117,40,276.62,37.0,24,,16.5,0.056,10.26,0
user_005966,26-35,La Plata,Tablet,Free,307,26,274.93,8.0,29,105.9,5.6,0.172,2.54,0
user_005967,18-25,Rosario,Desktop,Basic,100,41,363.22,116.0,15,18.9,10.6,0.83,12.3,0
user_005968,56+,Córdoba,Tablet,Free,48,3,335.32,108.0,11,106.2,5.4,,,1
user_005969,18-25,Buenos Aires,Desktop,Basic,354,26,43.65,34.0,25,55.4,7.0,0.675,2.2,0
user_005970,56+,Buenos Aires,Móvil,Free,76,40,318.6,109.0,3,100.5,11.3,0.591,15.79,1
user_005971,46-55,Mendoza,Tablet,Basic,309,7,258.45,147.0,5,68.4,5.6,0.935,0.68,0
user_005972,36-45,,Móvil,Premium,214,17,212.22,141.0,19,56.7,13.0,0.408,2.38,1
user_005973,46-55,Buenos Aires,Móvil,Free,155,3,55.83,5.0,27,69.3,2.1,0.843,0.58,0
user_005974,26-35,Rosario,Desktop,Basic,122,22,337.54,121.0,28,14.7,7.4,,5.41,0
user_005975,18-25,Buenos Aires,Móvil,Basic,118,34,214.94,80.0,2,56.2,19.5,0.977,,1
user_005976,56+,Otros,Desktop,Free,28,30,82.83,124.0,5,42.0,12.2,0.714,30.0,1
user_005977,,Buenos Aires,Desktop,Free,162,49,67.45,92.0,2,79.9,1.9,0.606,9.07,1
user_005978,18-25,Rosario,Móvil,Free,56,46,409.18,133.0,29,114.5,2.8,,24.64,1
user_005979,18-25,La Plata,Tablet,Free,316,29,435.21,21.0,1,107.4,2.8,0.058,2.75,1
user_005980,26-35,Buenos Aires,Desktop,Free,14,30,307.82,155.0,29,110.3,5.3,0.657,30.0,1
user_005981,26-35,Mendoza,Desktop,Basic,201,7,313.74,98.0,5,99.4,17.9,0.722,1.04,0
user_005982,,La Plata,Móvil,Free,341,49,436.35,88.0,15,111.9,16.5,0.518,4.31,0
user_005983,18-25,Córdoba,Tablet,Free,196,46,396.51,126.0,28,,5.3,0.771,7.04,0
user_005984,,Buenos Aires,Desktop,Premium,96,25,139.49,90.0,30,44.4,7.7,,7.81,1
user_005985,46-55,Otros,Tablet,Premium,334,35,308.45,113.0,9,101.9,4.5,0.319,3.14,1
user_005986,,Rosario,Móvil,Enterprise,329,22,74.4,25.0,21,49.2,4.9,0.609,2.01,1
user_005987,36-45,Buenos Aires,Móvil,Free,112,46,442.21,141.0,20,50.1,18.8,,12.32,0
user_005988,56+,La Plata,Móvil,Free,221,16,172.18,43.0,27,64.0,17.0,,2.17,1
user_005989,26-35,La Plata,Móvil,Free,289,33,369.96,18.0,4,20.3,19.4,0.581,,1
user_005990,36-45,Buenos Aires,Desktop,Free,266,2,62.46,38.0,26,106.4,5.7,0.298,0.23,0
user_005991,,Rosario,Móvil,Free,207,36,158.3,31.0,14,99.4,16.7,0.26,5.22,0
user_005992,56+,Rosario,Tablet,Free,41,18,287.47,24.0,3,1.7,14.6,0.887,13.17,0
user_005993,26-35,Rosario,Móvil,Free,2,4,45.9,106.0,18,103.7,5.2,0.299,4.0,0
user_005994,36-45,Mendoza,Móvil,Free,131,30,143.74,99.0,14,73.2,18.4,0.695,6.87,1
user_005995,18-25,Otros,Desktop,Basic,129,35,96.04,165.0,18,,18.9,,8.14,1
user_005996,36-45,,Desktop,Basic,351,25,152.39,136.0,15,114.0,6.7,0.661,2.14,0
user_005997,18-25,Otros,Móvil,Premium,167,12,57.6,21.0,27,26.6,6.5,0.612,2.16,0
user_005998,36-45,Córdoba,Móvil,Premium,205,18,163.02,57.0,3,25.5,18.3,0.11,2.63,1
user_005999,56+,Buenos Aires,Móvil,Free,174,15,489.24,37.0,19,85.6,14.5,0.981,2.59,0
user_006000,46-55,Otros,Móvil,Premium,364,28,487.67,8.0,15,16.9,16.5,0.529,2.31,0
user_006001,46-55,,Móvil,Basic,342,30,60.15,124.0,29,73.0,1.4,0.799,2.63,0
user_006002,18-25,,Tablet,Basic,80,44,61.92,91.0,23,109.0,10.4,,,1
user_006003,36-45,Otros,Tablet,,127,15,101.8,77.0,1,96.2,16.9,0.841,3.54,0
user_006004,46-55,,Móvil,Basic,282,6,324.68,,25,98.2,11.7,,0.64,0
user_006005,46-55,Mendoza,Móvil,Basic,325,26,199.89,153.0,22,49.2,18.1,0.578,2.4,1
user_006006,56+,Córdoba,Tablet,Basic,64,4,196.57,102.0,12,59.3,15.4,0.064,1.88,0
user_006007,18-25,Rosario,,Basic,86,3,228.14,41.0,29,14.2,16.4,,,1
user_006008,36-45,Buenos Aires,Desktop,Free,24,39,402.21,166.0,30,3.3,17.0,0.755,39.0,1
user_006009,26-35,Mendoza,,Premium,131,36,314.31,141.0,26,,9.2,0.52,8.24,1
user_006010,46-55,Córdoba,Móvil,Free,318,34,180.81,166.0,3,16.2,8.7,0.127,3.21,1
user_006011,36-45,Córdoba,Móvil,Free,172,17,140.44,173.0,27,116.9,10.5,,,0
user_006012,36-45,Córdoba,Desktop,Basic,7,8,382.08,126.0,17,96.0,19.5,0.145,8.0,1
user_006013,36-45,Buenos Aires,Desktop,Basic,182,36,47.58,125.0,28,87.2,12.0,0.42,5.93,0
user_006014,56+,Buenos Aires,Móvil,Free,150,46,75.48,100.0,2,119.4,12.2,0.066,9.2,0
user_006015,36-45,Buenos Aires,Móvil,Free,296,22,103.65,145.0,25,67.7,5.0,0.491,2.23,0
user_006016,36-45,Buenos Aires,Desktop,Basic,45,19,497.74,41.0,13,79.6,15.7,0.443,12.67,1
user_006017,18-25,Otros,Desktop,Free,351,8,248.04,157.0,21,32.9,6.4,,0.68,0
user_006018,18-25,Mendoza,Desktop,Free,131,46,247.78,111.0,8,58.2,14.6,0.697,10.53,0
user_006019,26-35,Rosario,Móvil,Enterprise,98,7,122.44,5.0,12,48.8,18.3,,2.14,1
user_006020,36-45,La Plata,Móvil,Free,287,7,109.13,90.0,27,49.9,12.4,0.052,0.73,0
user_006021,26-35,Córdoba,Móvil,Free,29,27,317.05,151.0,26,89.7,14.0,0.961,27.0,1
user_006022,26-35,Buenos Aires,Desktop,Basic,37,14,242.67,5.0,10,119.7,16.9,0.294,,0
user_006023,56+,Mendoza,Móvil,Free,287,35,144.31,99.0,30,84.5,4.5,0.857,,1
user_006024,56+,Córdoba,Tablet,Premium,173,38,377.09,66.0,22,43.4,10.2,0.697,6.59,1
user_006025,26-35,Buenos Aires,Desktop,Free,292,47,170.86,,1,89.2,8.8,0.942,4.83,0
user_006026,26-35,Córdoba,Desktop,Basic,311,18,365.47,162.0,17,60.0,6.2,0.1,1.74,0
user_006027,56+,Rosario,Tablet,Free,30,21,251.02,106.0,8,37.4,8.1,0.248,21.0,0
user_006028,18-25,Buenos Aires,Desktop,Basic,72,19,91.43,70.0,22,107.0,17.3,,7.92,0
user_006029,26-35,Mendoza,Móvil,Enterprise,160,45,471.27,109.0,1,7.0,4.4,0.138,8.44,0
user_006030,36-45,Otros,Tablet,Basic,147,38,313.14,107.0,12,17.0,5.4,0.278,7.76,0
user_006031,46-55,Mendoza,Tablet,Free,316,19,266.21,10.0,17,73.6,19.0,0.361,1.8,0
user_006032,56+,Córdoba,Móvil,Basic,33,42,481.18,29.0,22,10.2,12.1,0.818,38.18,1
user_006033,36-45,Mendoza,Móvil,,170,10,454.37,130.0,15,52.0,1.2,0.251,1.76,1
user_006034,56+,La Plata,Móvil,Basic,208,42,41.17,154.0,1,31.2,11.3,,6.06,1
user_006035,18-25,Mendoza,Desktop,Premium,157,20,366.71,83.0,20,58.3,6.4,0.467,3.82,0
user_006036,26-35,Buenos Aires,Móvil,Free,65,45,41.29,85.0,25,79.1,16.5,0.229,20.77,1
user_006037,26-35,Buenos Aires,Tablet,Free,194,27,213.1,178.0,5,114.8,1.9,0.562,4.18,1
user_006038,26-35,Mendoza,Tablet,Free,198,48,310.57,38.0,16,66.2,16.1,,7.27,0
user_006039,36-45,Rosario,Móvil,Free,326,9,393.01,23.0,27,102.5,8.0,,,0
user_006040,26-35,Otros,Móvil,Premium,288,41,143.75,13.0,9,110.2,3.6,0.521,4.27,0
user_006041,26-35,Mendoza,Móvil,Basic,124,39,22.4,174.0,8,111.5,14.2,0.156,9.44,1
user_006042,26-35,La Plata,Tablet,Premium,351,23,417.33,98.0,8,119.2,17.5,,1.97,0
user_006043,18-25,Buenos Aires,Móvil,Free,79,35,271.28,58.0,13,51.4,1.6,0.608,13.29,1
user_006044,26-35,Córdoba,Desktop,Enterprise,177,45,442.35,162.0,29,72.0,7.3,0.809,7.63,1
user_006045,46-55,Buenos Aires,Desktop,Basic,271,3,179.71,35.0,16,84.3,6.4,0.958,0.33,0
user_006046,36-45,Buenos Aires,Tablet,Basic,291,45,55.65,11.0,22,100.3,19.4,,4.64,0
user_006047,26-35,Mendoza,Desktop,Premium,14,40,222.48,49.0,12,12.1,16.1,,40.0,0
user_006048,26-35,Buenos Aires,Desktop,Basic,362,9,70.8,38.0,0,74.7,18.6,,0.75,1
user_006049,18-25,Rosario,Móvil,Premium,168,20,229.15,23.0,11,44.1,18.0,0.386,3.57,0
user_006050,18-25,Rosario,Móvil,Free,12,26,425.26,180.0,19,8.5,6.4,0.337,26.0,0
user_006051,46-55,Rosario,Desktop,Enterprise,104,46,13.37,86.0,3,72.7,11.5,0.843,13.27,0
user_006052,26-35,Rosario,Tablet,Free,65,1,427.95,32.0,12,100.9,16.9,0.764,0.46,1
user_006053,36-45,Buenos Aires,Móvil,Free,297,23,427.85,6.0,16,56.7,1.6,0.227,2.32,0
user_006054,26-35,Córdoba,Móvil,Basic,282,47,215.79,167.0,17,110.6,9.5,0.005,5.0,1
user_006055,18-25,Córdoba,Tablet,Basic,215,4,13.76,167.0,4,107.7,12.7,0.434,0.56,1
user_006056,18-25,Mendoza,Móvil,Free,278,21,423.66,114.0,1,112.7,5.9,0.988,2.27,1
user_006057,18-25,La Plata,Móvil,Free,72,14,329.86,87.0,26,59.6,12.9,,5.83,1
user_006058,26-35,Buenos Aires,Tablet,Premium,92,37,488.67,62.0,20,59.0,10.3,0.059,12.07,0
user_006059,26-35,Rosario,Móvil,Basic,259,44,470.22,129.0,12,86.9,8.1,0.582,,0
user_006060,56+,,Tablet,Free,15,4,405.64,35.0,11,50.8,16.0,0.65,,1
user_006061,56+,Córdoba,Desktop,Free,184,14,417.67,6.0,11,36.1,15.3,0.404,2.28,0
user_006062,26-35,Buenos Aires,Móvil,Premium,148,35,96.46,36.0,10,49.4,19.7,0.843,7.09,1
user_006063,26-35,Buenos Aires,Desktop,Free,46,43,86.01,18.0,2,57.4,3.2,,,0
user_006064,26-35,Córdoba,Móvil,Basic,267,18,473.47,16.0,3,41.7,2.9,0.695,2.02,0
user_006065,56+,Buenos Aires,Móvil,Basic,68,15,215.72,147.0,18,59.9,9.9,0.865,6.62,0
user_006066,26-35,Buenos Aires,Móvil,Premium,48,40,426.19,137.0,13,,10.9,0.77,25.0,0
user_006067,26-35,Buenos Aires,Móvil,Free,266,50,241.45,91.0,12,91.3,6.7,0.249,5.64,0
user_006068,18-25,Córdoba,Tablet,Free,115,26,112.11,93.0,2,52.7,19.1,0.109,6.78,0
user_006069,46-55,Otros,Móvil,Free,333,12,275.13,20.0,9,40.4,6.2,0.245,,0
user_006070,36-45,Buenos Aires,Móvil,Free,121,9,188.34,145.0,4,104.7,10.5,0.901,2.23,0
user_006071,56+,Buenos Aires,Móvil,Free,272,6,153.86,132.0,12,20.5,16.7,0.716,0.66,0
user_006072,46-55,Otros,Desktop,Premium,105,20,104.3,29.0,24,,11.9,,5.71,1
user_006073,26-35,La Plata,Desktop,Basic,44,44,435.42,7.0,23,70.0,12.1,0.225,,1
user_006074,36-45,Córdoba,Móvil,Free,149,23,350.09,136.0,27,32.4,16.1,0.901,4.63,0
user_006075,56+,Buenos Aires,Desktop,Free,127,20,134.24,63.0,20,11.7,19.2,0.162,4.72,1
user_006076,,Córdoba,Móvil,Free,282,9,226.71,76.0,20,,14.0,0.672,0.96,1
user_006077,46-55,Buenos Aires,Móvil,Free,348,30,217.96,71.0,30,75.0,7.1,0.71,,0
user_006078,18-25,Buenos Aires,Desktop,Basic,269,18,390.05,40.0,20,49.9,9.4,0.38,2.01,0
user_006079,26-35,Mendoza,Móvil,Free,85,18,365.77,103.0,4,47.4,7.1,0.229,6.35,0
user_006080,46-55,Buenos Aires,Móvil,Enterprise,180,37,58.11,,16,68.4,18.4,0.22,6.17,0
user_006081,26-35,Rosario,Móvil,Premium,228,36,181.22,142.0,10,26.2,12.5,,4.74,0
user_006082,18-25,La Plata,Desktop,Free,312,3,404.46,53.0,4,88.6,18.5,0.899,,1
user_006083,46-55,Mendoza,Móvil,Premium,312,48,394.16,165.0,28,54.8,3.6,,4.62,1
user_006084,26-35,La Plata,Móvil,Free,71,50,322.55,153.0,16,76.7,5.7,0.984,21.13,0
user_006085,26-35,Otros,Móvil,,292,0,496.34,,28,53.9,16.2,0.758,,0
user_006086,36-45,Rosario,Móvil,Free,53,0,184.57,999.0,16,35.7,6.2,0.246,0.0,1
user_006087,46-55,Buenos Aires,Tablet,Basic,81,21,264.34,167.0,2,,5.0,0.248,7.78,0
user_006088,18-25,La Plata,Móvil,Free,172,39,488.15,98.0,8,93.1,11.9,0.268,,1
user_006089,26-35,Otros,Desktop,Premium,17,9,17.41,76.0,16,67.3,7.9,,9.0,1
user_006090,,Córdoba,Móvil,Free,257,41,313.49,14.0,27,58.2,10.1,0.415,4.79,1
user_006091,26-35,Buenos Aires,Móvil,Basic,300,41,208.35,37.0,14,118.1,17.8,0.34,4.1,1
user_006092,26-35,Buenos Aires,Desktop,Free,348,35,149.29,121.0,11,112.5,10.9,,3.02,1
user_006093,26-35,Rosario,Móvil,Basic,291,14,442.25,126.0,16,105.4,10.6,0.505,1.44,1
user_006094,56+,Buenos Aires,Móvil,Free,27,34,204.01,122.0,22,49.1,9.7,,,1
user_006095,46-55,La Plata,Desktop,Basic,269,25,469.2,36.0,17,99.8,4.9,0.443,2.79,1
user_006096,36-45,Rosario,Móvil,Free,303,25,373.27,8.0,2,23.2,19.8,0.483,2.48,1
user_006097,56+,Buenos Aires,Desktop,Enterprise,291,39,372.38,9.0,29,65.5,6.8,0.435,4.02,1
user_006098,18-25,Córdoba,Móvil,Free,173,4,142.88,121.0,25,59.3,18.7,0.293,,1
user_006099,36-45,Buenos Aires,Móvil,Free,74,32,381.17,1.0,17,70.0,11.0,,12.97,0
user_006100,36-45,Rosario,Móvil,Free,5,38,201.1,74.0,23,63.7,17.5,0.476,38.0,0
user_006101,56+,Córdoba,Móvil,Free,184,45,122.77,16.0,20,22.7,19.3,0.351,7.34,0
user_006102,56+,Buenos Aires,Móvil,Premium,295,3,276.61,176.0,25,56.5,4.8,0.733,0.31,0
user_006103,18-25,Buenos Aires,Tablet,Basic,156,12,481.07,63.0,4,106.1,3.2,0.644,2.31,1
user_006104,46-55,,Móvil,Free,109,39,71.54,88.0,16,88.4,9.2,0.978,10.73,0
user_006105,56+,Córdoba,Móvil,Basic,251,33,265.12,61.0,12,,11.4,0.649,3.94,0
user_006106,36-45,Buenos Aires,Móvil,Premium,141,44,299.3,118.0,30,8.7,16.3,0.517,,1
user_006107,36-45,Rosario,,Free,20,14,51.29,31.0,28,92.5,4.1,0.406,14.0,1
user_006108,46-55,Córdoba,Móvil,Premium,263,46,200.64,52.0,17,117.0,6.6,,5.25,0
user_006109,46-55,Mendoza,Móvil,Premium,334,10,231.22,153.0,8,74.7,10.0,0.325,0.9,1
user_006110,56+,La Plata,Móvil,Free,202,38,41.89,37.0,15,,12.9,0.285,5.64,1
user_006111,18-25,Otros,Desktop,Basic,37,8,126.4,52.0,17,101.2,13.8,0.11,6.49,0
user_006112,18-25,Buenos Aires,Móvil,Free,110,43,160.32,125.0,27,8.0,13.6,0.663,11.73,0
user_006113,36-45,Otros,Tablet,Free,305,31,155.77,93.0,4,112.6,1.7,0.008,3.05,0
user_006114,36-45,Buenos Aires,Móvil,Free,186,30,326.83,8.0,27,66.9,12.0,0.131,4.84,1
user_006115,18-25,Buenos Aires,Desktop,Premium,28,13,36.47,129.0,27,90.7,12.9,,13.0,1
user_006116,26-35,Buenos Aires,Desktop,Free,37,46,207.34,37.0,20,109.8,13.3,0.488,37.3,0
user_006117,36-45,Buenos Aires,Desktop,Free,91,50,414.86,175.0,13,117.5,16.7,0.052,16.48,1
user_006118,36-45,Buenos Aires,Desktop,Free,0,15,447.69,20.0,2,,1.4,0.17,15.0,0
user_006119,26-35,Otros,Tablet,Premium,317,18,37.1,117.0,26,50.1,9.9,,1.7,1
user_006120,18-25,Rosario,Móvil,Free,314,8,117.4,95.0,8,17.4,3.8,0.733,,0
user_006121,36-45,Mendoza,Desktop,Basic,23,24,97.07,28.0,23,33.6,4.0,0.415,24.0,1
user_006122,26-35,Córdoba,Móvil,Basic,32,4,347.64,,13,27.0,6.9,0.678,3.75,0
user_006123,,Buenos Aires,Móvil,Basic,333,7,427.6,17.0,1,90.0,8.4,0.283,0.63,0
user_006124,56+,Buenos Aires,Móvil,Basic,193,48,41.52,32.0,25,33.2,7.8,,7.46,1
user_006125,26-35,Córdoba,Móvil,Basic,60,39,84.58,130.0,21,57.0,16.4,0.822,19.5,1
user_006126,36-45,Buenos Aires,Desktop,Free,272,24,487.65,112.0,26,3.9,11.5,,2.65,1
user_006127,46-55,Otros,Móvil,Premium,261,31,39.4,49.0,25,85.2,10.5,0.854,3.56,1
user_006128,18-25,Córdoba,Tablet,Premium,18,8,139.41,147.0,19,30.7,1.0,,8.0,1
user_006129,18-25,Buenos Aires,Móvil,Free,124,35,266.16,6.0,9,92.6,15.3,0.069,8.47,1
user_006130,56+,La Plata,Móvil,Free,6,7,34.46,171.0,22,77.0,9.1,,7.0,0
user_006131,46-55,Mendoza,Desktop,Free,3,17,470.77,180.0,19,56.9,10.7,0.194,17.0,1
user_006132,46-55,Buenos Aires,Desktop,Premium,73,13,350.79,77.0,17,29.0,7.9,,,0
user_006133,36-45,Córdoba,Tablet,Basic,350,31,226.83,81.0,10,49.8,10.9,0.691,,0
user_006134,26-35,Buenos Aires,Móvil,Free,236,24,124.03,136.0,30,,7.2,0.533,3.05,1
user_006135,,Rosario,Móvil,Enterprise,52,40,88.16,51.0,8,24.4,12.4,,23.08,1
user_006136,46-55,Córdoba,Móvil,Free,356,22,81.2,115.0,24,,3.1,0.067,1.85,0
user_006137,46-55,Otros,Móvil,Free,98,40,99.55,122.0,3,41.7,4.1,0.557,12.24,0
user_006138,36-45,Otros,Desktop,Free,66,30,441.05,59.0,19,8.2,3.0,0.388,,0
user_006139,46-55,La Plata,Móvil,Basic,137,49,259.93,164.0,27,64.6,1.7,0.242,10.73,1
user_006140,26-35,Rosario,Tablet,Premium,217,35,183.77,114.0,22,26.2,8.5,0.969,,0
user_006141,46-55,Córdoba,Móvil,Basic,101,38,242.14,23.0,10,86.2,14.9,0.924,11.29,1
user_006142,18-25,Rosario,Móvil,Basic,25,46,429.53,95.0,15,55.2,13.4,0.812,46.0,1
user_006143,46-55,La Plata,Desktop,Basic,348,26,391.27,134.0,23,93.5,2.0,0.576,2.24,0
user_006144,26-35,Otros,Desktop,Free,226,34,96.36,26.0,17,,8.8,0.696,4.51,1
user_006145,46-55,Rosario,Tablet,Enterprise,282,46,47.75,17.0,11,27.3,1.0,0.616,,0
user_006146,36-45,Mendoza,Desktop,Free,289,24,206.06,13.0,30,49.7,16.3,0.887,2.49,0
user_006147,18-25,Otros,Móvil,Premium,111,36,294.93,109.0,15,31.9,1.3,0.065,9.73,1
user_006148,26-35,Buenos Aires,Desktop,Free,291,43,180.17,93.0,10,83.3,9.4,0.339,4.43,1
user_006149,26-35,Rosario,Móvil,Free,138,0,27.77,999.0,11,50.9,7.1,0.317,0.0,1
user_006150,18-25,Rosario,Móvil,Premium,241,17,107.61,152.0,6,64.2,4.0,0.662,2.12,1
user_006151,26-35,Otros,Desktop,Free,361,22,313.41,45.0,9,,11.6,0.251,1.83,1
user_006152,26-35,Buenos Aires,Móvil,Free,299,30,40.63,101.0,6,58.9,18.9,0.689,3.01,0
user_006153,36-45,Córdoba,Móvil,Free,303,13,296.24,180.0,26,111.6,7.5,0.26,1.29,0
user_006154,36-45,Otros,Móvil,Basic,224,8,418.94,72.0,1,97.3,15.4,0.263,1.07,0
user_006155,46-55,Rosario,Móvil,Premium,334,16,435.68,23.0,18,24.6,3.2,,1.44,1
user_006156,,Mendoza,Móvil,Basic,253,21,35.41,106.0,30,,17.0,0.305,2.49,0
user_006157,36-45,Otros,Desktop,Basic,352,47,377.22,171.0,7,113.3,11.5,0.615,4.01,0
user_006158,26-35,Buenos Aires,Móvil,Basic,245,13,337.59,58.0,10,89.7,2.1,0.833,1.59,0
user_006159,18-25,Rosario,Desktop,Premium,84,38,348.47,145.0,23,,6.4,0.517,13.57,0
user_006160,26-35,Rosario,Móvil,Free,359,31,144.35,77.0,4,101.6,17.7,0.463,2.59,1
user_006161,18-25,Buenos Aires,Móvil,Free,339,33,244.64,75.0,26,,18.3,0.045,2.92,1
user_006162,56+,Córdoba,Tablet,Free,227,9,314.06,161.0,8,53.7,5.1,0.636,1.19,0
user_006163,26-35,Rosario,Desktop,Basic,132,16,392.1,10.0,3,30.0,1.2,0.99,3.64,1
user_006164,46-55,Otros,Móvil,Basic,145,6,371.31,152.0,18,56.7,15.9,0.455,1.24,0
user_006165,26-35,Buenos Aires,Móvil,Premium,20,31,374.33,58.0,30,51.2,16.6,0.182,31.0,0
user_006166,26-35,Córdoba,Móvil,Basic,203,15,82.83,34.0,2,14.9,16.7,,,1
user_006167,36-45,Otros,Móvil,Basic,147,1,441.52,3.0,19,,2.5,0.754,0.2,1
user_006168,56+,Córdoba,Desktop,Free,201,26,283.14,129.0,30,,5.9,0.698,,0
user_006169,36-45,Rosario,Móvil,Basic,259,40,29.0,89.0,6,87.8,6.9,0.364,,0
user_006170,26-35,Buenos Aires,Móvil,Premium,215,13,30.38,138.0,2,92.5,10.0,0.622,1.81,1
user_006171,26-35,Córdoba,Móvil,Free,247,42,22.93,120.0,30,80.4,8.4,0.83,5.1,1
user_006172,46-55,La Plata,Desktop,Basic,26,8,165.3,146.0,18,68.2,9.4,0.55,8.0,1
user_006173,36-45,Otros,Móvil,Free,350,8,231.76,123.0,27,103.2,4.1,,,1
user_006174,18-25,Mendoza,Móvil,Basic,154,29,64.01,143.0,2,,19.7,,5.65,1
user_006175,36-45,Mendoza,Móvil,Free,192,22,85.16,164.0,10,2.5,7.0,,3.44,0
user_006176,26-35,Buenos Aires,Móvil,Free,91,45,438.55,166.0,24,,10.0,0.792,,0
user_006177,26-35,Buenos Aires,Móvil,Free,319,37,288.81,154.0,17,37.0,2.6,0.341,3.48,0
user_006178,26-35,Otros,Móvil,Free,282,29,159.45,89.0,10,112.6,8.7,,,1
user_006179,18-25,Rosario,Desktop,Free,244,34,377.0,88.0,20,20.4,4.0,,4.18,1
user_006180,36-45,Buenos Aires,Desktop,Basic,354,0,138.19,999.0,16,112.6,19.9,0.501,0.0,1
user_006181,18-25,Buenos Aires,Móvil,Free,204,21,19.81,157.0,7,17.8,2.0,0.022,3.09,1
user_006182,46-55,Rosario,Desktop,Premium,203,20,80.96,145.0,7,20.0,12.5,0.277,2.96,1
user_006183,26-35,Buenos Aires,Móvil,Free,173,8,23.21,125.0,13,78.7,18.5,0.214,1.39,0
user_006184,26-35,Rosario,Tablet,Premium,182,33,383.91,34.0,0,63.0,12.3,0.457,5.44,0
user_006185,,Buenos Aires,Móvil,Free,70,16,264.62,126.0,8,17.7,10.6,,,0
user_006186,26-35,Buenos Aires,Móvil,Free,136,22,25.87,165.0,2,119.5,17.8,0.805,4.85,0
user_006187,18-25,Córdoba,Móvil,Free,102,0,338.03,999.0,19,88.8,11.6,0.116,0.0,0
user_006188,18-25,Rosario,Tablet,Basic,352,7,354.0,117.0,23,7.8,6.8,0.406,0.6,0
user_006189,26-35,La Plata,Móvil,Free,47,34,282.6,85.0,28,2.3,16.2,0.163,,1
user_006190,26-35,Buenos Aires,Móvil,Premium,72,33,330.1,142.0,4,70.8,8.7,0.713,13.75,0
user_006191,26-35,Buenos Aires,Desktop,Basic,220,35,159.39,35.0,5,12.9,15.5,,4.77,0
user_006192,46-55,Otros,Desktop,Basic,214,32,79.89,89.0,4,98.9,10.6,0.343,,0
user_006193,26-35,Otros,Desktop,Premium,221,38,303.71,83.0,25,54.3,6.9,0.789,5.16,1
user_006194,26-35,Buenos Aires,Tablet,Basic,95,16,45.24,147.0,26,4.6,18.1,0.64,5.05,1
user_006195,46-55,Buenos Aires,Móvil,Basic,225,44,388.28,47.0,28,90.7,3.6,0.186,,0
user_006196,26-35,Mendoza,Desktop,Free,292,14,86.49,166.0,22,17.4,10.5,0.534,,1
user_006197,46-55,Rosario,Tablet,Premium,123,1,38.37,90.0,4,8.3,17.1,0.115,0.24,1
user_006198,26-35,La Plata,Desktop,Free,97,37,455.8,176.0,15,57.4,13.2,0.337,11.44,1
user_006199,26-35,Córdoba,Desktop,Basic,294,13,462.84,75.0,4,14.8,11.4,0.713,1.33,0
user_006200,26-35,La Plata,Móvil,Basic,27,1,408.56,68.0,22,83.8,8.5,0.09,1.0,1
user_006201,56+,Buenos Aires,Móvil,Premium,215,48,476.83,137.0,13,72.7,2.7,0.989,6.7,0
user_006202,18-25,La Plata,Móvil,Basic,98,20,171.27,33.0,22,54.5,7.1,0.199,6.12,0
user_006203,46-55,Buenos Aires,Móvil,Free,361,47,108.24,98.0,24,,8.2,,,0
user_006204,26-35,Rosario,Móvil,Basic,330,15,473.54,152.0,7,81.7,2.3,0.224,,0
user_006205,36-45,Otros,Desktop,Basic,9,15,221.59,83.0,14,10.0,11.0,0.597,,1
user_006206,36-45,Buenos Aires,Desktop,Free,290,5,275.68,90.0,8,,15.4,,0.52,0
user_006207,36-45,La Plata,Desktop,Premium,219,5,350.68,127.0,3,58.6,6.1,0.291,0.68,0
user_006208,46-55,Mendoza,Desktop,Free,354,33,191.32,60.0,28,58.5,8.5,0.199,2.8,1
user_006209,26-35,Córdoba,Móvil,Premium,11,44,34.58,,5,46.9,8.7,0.91,44.0,0
user_006210,18-25,Córdoba,Móvil,Basic,241,21,94.87,180.0,20,13.1,10.9,0.142,2.61,1
user_006211,36-45,Otros,Móvil,Free,252,43,273.31,72.0,5,,4.9,0.292,5.12,0
user_006212,36-45,Otros,Móvil,Free,336,24,379.92,149.0,24,19.6,5.2,0.915,2.14,0
user_006213,26-35,Buenos Aires,Móvil,Premium,235,23,498.16,86.0,20,104.0,18.3,,2.94,0
user_006214,18-25,Buenos Aires,,Premium,360,10,280.12,127.0,10,77.4,9.2,0.74,,0
user_006215,46-55,Buenos Aires,Móvil,Basic,353,29,417.66,5.0,14,13.4,10.7,0.408,2.46,0
user_006216,26-35,Buenos Aires,Móvil,Basic,185,8,108.82,66.0,28,50.0,6.6,0.154,1.3,0
user_006217,18-25,Córdoba,Móvil,Basic,288,27,479.22,116.0,11,63.1,14.1,0.299,,1
user_006218,36-45,Córdoba,Desktop,Premium,214,24,375.94,59.0,12,85.0,11.8,0.408,3.36,1
user_006219,26-35,Otros,Móvil,Free,239,0,421.3,999.0,30,43.1,12.8,0.497,0.0,1
user_006220,26-35,Mendoza,Tablet,Free,156,16,313.57,7.0,12,94.8,18.6,0.598,3.08,0
user_006221,46-55,Mendoza,Desktop,Basic,187,7,52.56,169.0,11,52.0,19.4,0.802,1.12,1
user_006222,36-45,Buenos Aires,Desktop,Free,275,12,208.58,66.0,21,,15.7,0.266,,0
user_006223,26-35,Rosario,Tablet,Basic,119,37,176.44,13.0,4,75.4,9.8,,9.33,1
user_006224,56+,Rosario,Móvil,Premium,27,6,139.47,22.0,7,38.7,19.4,,6.0,0
user_006225,26-35,Otros,Móvil,Free,55,4,96.55,17.0,2,,1.5,0.494,2.18,0
user_006226,26-35,Córdoba,Móvil,Basic,116,29,466.68,164.0,30,37.9,19.5,0.416,7.5,0
user_006227,26-35,Córdoba,Móvil,Enterprise,306,48,244.08,48.0,16,105.0,1.2,0.519,4.71,1
user_006228,46-55,Córdoba,Móvil,Free,327,1,336.74,122.0,13,87.1,10.2,0.378,0.09,1
user_006229,36-45,Córdoba,Tablet,Free,314,12,129.3,51.0,14,28.0,3.3,0.805,1.15,1
user_006230,46-55,Córdoba,Móvil,Free,43,2,240.13,117.0,6,77.8,5.7,,,1
user_006231,18-25,Otros,Móvil,Basic,230,48,190.99,145.0,17,66.7,4.3,0.754,6.26,1
user_006232,36-45,La Plata,Móvil,Free,336,23,45.2,0.0,30,74.6,9.6,0.831,,0
user_006233,26-35,Mendoza,Móvil,Premium,191,0,150.24,999.0,11,82.3,9.7,0.82,0.0,1
user_006234,56+,Mendoza,Móvil,Enterprise,315,29,25.94,70.0,3,111.4,17.7,0.392,2.76,1
user_006235,26-35,Buenos Aires,Móvil,Free,90,6,192.03,87.0,24,111.9,13.1,,,0
user_006236,56+,Buenos Aires,Desktop,Free,136,2,259.32,104.0,6,94.6,19.1,0.801,,1
user_006237,36-45,Córdoba,,Free,322,6,406.9,66.0,8,53.2,8.4,0.029,0.56,1
user_006238,26-35,Buenos Aires,Móvil,Premium,181,49,275.76,146.0,10,58.2,14.4,,8.12,0
user_006239,18-25,Rosario,Móvil,Free,189,44,141.0,155.0,11,10.8,18.2,0.555,6.98,1
user_006240,18-25,Rosario,Tablet,Basic,245,24,313.19,143.0,20,44.5,10.7,0.723,2.94,1
user_006241,26-35,Rosario,Desktop,Basic,74,38,366.91,156.0,11,46.6,10.9,0.033,15.41,0
user_006242,26-35,Rosario,Desktop,Basic,100,22,80.09,97.0,27,107.7,19.7,0.64,6.6,1
user_006243,36-45,Rosario,Desktop,Premium,210,33,21.67,13.0,10,111.4,13.3,,4.71,0
user_006244,36-45,La Plata,Tablet,Free,294,0,86.91,999.0,25,106.2,7.9,0.239,0.0,0
user_006245,46-55,Buenos Aires,Móvil,Basic,69,1,350.88,57.0,11,17.0,17.3,0.726,0.43,0
user_006246,26-35,Otros,Tablet,Free,136,25,485.91,4.0,13,85.5,9.7,,5.51,0
user_006247,56+,Otros,Móvil,Basic,178,46,330.42,42.0,27,49.0,2.9,,7.75,1
user_006248,36-45,Otros,Desktop,Free,3,27,354.48,96.0,20,,5.5,0.181,27.0,0
user_006249,36-45,Córdoba,,Free,295,44,176.65,65.0,23,114.3,1.9,,4.47,0
user_006250,26-35,Buenos Aires,Desktop,Free,121,46,79.44,118.0,5,22.2,8.5,,11.4,0
user_006251,26-35,Rosario,Móvil,Basic,115,14,499.09,145.0,4,79.6,5.6,0.986,3.65,1
user_006252,36-45,Buenos Aires,Móvil,Free,357,27,296.87,63.0,25,17.6,15.8,,,0
user_006253,26-35,Rosario,Móvil,Premium,294,27,489.1,96.0,26,27.5,1.3,0.846,2.76,0
user_006254,,Córdoba,Móvil,Basic,224,40,315.82,44.0,4,63.8,20.0,,5.36,1
user_006255,36-45,Buenos Aires,Desktop,Premium,252,46,434.5,5.0,19,,19.7,0.78,5.48,1
user_006256,18-25,Buenos Aires,Desktop,Basic,265,15,200.89,40.0,7,71.1,4.8,0.091,1.7,0
user_006257,26-35,Otros,Móvil,Basic,63,37,465.65,89.0,26,10.7,15.9,,17.62,1
user_006258,26-35,Córdoba,Móvil,Basic,285,9,180.55,97.0,14,85.7,5.3,0.133,,0
user_006259,46-55,,Tablet,Premium,16,1,293.89,60.0,3,,18.6,0.312,1.0,1
user_006260,36-45,Mendoza,Móvil,Premium,249,14,293.27,85.0,17,27.7,19.5,0.189,1.69,0
user_006261,46-55,Córdoba,Móvil,Basic,297,7,95.47,135.0,2,61.1,13.4,0.533,0.71,1
user_006262,36-45,Buenos Aires,Desktop,Premium,252,15,438.08,172.0,1,92.0,8.4,,,1
user_006263,36-45,Rosario,Desktop,Free,71,35,371.34,97.0,20,96.1,8.3,0.396,14.79,0
user_006264,18-25,Otros,Desktop,Basic,291,26,247.65,54.0,9,,19.6,0.539,2.68,0
user_006265,26-35,Córdoba,Desktop,Premium,140,40,107.24,106.0,12,66.4,14.1,0.708,8.57,1
user_006266,26-35,Mendoza,Desktop,Free,138,34,452.14,4.0,23,91.1,12.7,0.883,,0
user_006267,26-35,Otros,Móvil,Premium,310,50,107.73,127.0,18,113.6,12.3,0.372,,1
user_006268,26-35,Rosario,Tablet,Free,0,25,256.24,116.0,7,109.6,16.4,,25.0,1
user_006269,26-35,Córdoba,Desktop,Basic,135,48,342.14,138.0,29,1.9,5.6,0.977,,0
user_006270,46-55,Córdoba,Móvil,Free,346,17,317.19,161.0,29,3.4,14.9,0.109,1.47,1
user_006271,18-25,Rosario,Desktop,Free,354,39,403.92,142.0,23,56.9,8.5,0.872,,1
user_006272,26-35,Córdoba,Móvil,Premium,292,0,187.02,999.0,7,110.8,20.0,,0.0,1
user_006273,46-55,Buenos Aires,Desktop,Premium,195,15,293.77,66.0,5,,9.8,0.283,,1
user_006274,26-35,Rosario,Desktop,Basic,33,20,311.13,125.0,24,37.8,19.8,,18.18,1
user_006275,26-35,Rosario,Móvil,Free,93,47,63.96,101.0,0,95.4,4.5,,15.16,0
user_006276,36-45,Otros,Desktop,Enterprise,82,30,283.44,156.0,9,13.5,17.6,0.494,,1
user_006277,46-55,Rosario,Móvil,Basic,145,8,439.4,128.0,0,81.8,11.1,0.86,,0
user_006278,26-35,Otros,Desktop,Free,316,9,181.19,10.0,0,78.7,15.7,0.575,0.85,1
user_006279,46-55,Rosario,Móvil,Basic,12,36,350.55,11.0,17,,4.3,0.316,,0
user_006280,26-35,Rosario,Móvil,Enterprise,232,42,257.13,84.0,20,5.4,9.3,0.383,,0
user_006281,18-25,Buenos Aires,Móvil,Premium,238,34,334.53,136.0,22,62.9,14.6,0.086,4.29,0
user_006282,18-25,Córdoba,Móvil,Basic,35,17,380.51,35.0,5,105.7,17.7,0.856,14.57,0
user_006283,56+,Otros,Móvil,Free,94,4,54.67,145.0,23,,7.0,0.594,1.28,1
user_006284,56+,Córdoba,Móvil,Enterprise,177,5,226.13,2.0,9,74.3,5.9,0.701,0.85,0
user_006285,36-45,Córdoba,Móvil,Enterprise,33,16,174.11,18.0,21,80.1,18.1,0.869,14.55,0
user_006286,18-25,La Plata,Móvil,Premium,254,33,63.79,96.0,25,57.3,1.8,0.826,3.9,1
user_006287,56+,Córdoba,Móvil,Enterprise,312,31,72.68,15.0,14,112.9,10.7,0.877,2.98,0
user_006288,26-35,Otros,Tablet,Premium,329,3,323.99,108.0,9,5.0,17.7,0.337,,0
user_006289,26-35,Buenos Aires,Móvil,Premium,0,32,439.66,123.0,25,117.7,12.8,0.793,32.0,0
user_006290,36-45,,Desktop,Premium,91,27,405.69,72.0,25,104.8,10.0,0.671,8.9,1
user_006291,36-45,Mendoza,Móvil,Basic,97,31,157.03,141.0,11,75.0,15.3,0.974,,0
user_006292,56+,Córdoba,Móvil,Free,260,16,189.89,141.0,5,93.7,4.9,,1.85,1
user_006293,26-35,Córdoba,Móvil,Premium,108,49,178.82,143.0,28,93.9,13.7,0.136,13.61,1
user_006294,36-45,Buenos Aires,Desktop,Basic,56,33,25.7,34.0,10,56.8,11.8,0.356,17.68,0
user_006295,18-25,Buenos Aires,Desktop,Basic,42,27,254.35,108.0,30,19.0,5.1,0.434,19.29,1
user_006296,26-35,Rosario,Desktop,Basic,359,17,237.9,46.0,25,60.3,6.9,0.322,1.42,1
user_006297,26-35,Rosario,Móvil,Premium,116,20,42.99,159.0,9,63.9,17.3,0.674,5.17,0
user_006298,26-35,La Plata,Móvil,Basic,252,27,498.64,17.0,9,113.1,10.4,0.364,3.21,0
user_006299,36-45,Rosario,Móvil,Basic,15,4,291.94,161.0,8,40.1,7.9,0.696,4.0,0
user_006300,18-25,Buenos Aires,Desktop,Premium,164,29,410.74,21.0,29,61.5,3.0,0.896,5.3,1
user_006301,26-35,Buenos Aires,Desktop,Free,171,23,76.26,153.0,7,101.3,3.6,,4.04,1
user_006302,36-45,Buenos Aires,Desktop,Free,65,29,98.48,130.0,13,34.2,16.5,0.882,13.38,1
user_006303,18-25,Córdoba,Desktop,Basic,252,29,490.8,65.0,18,,13.1,0.61,3.45,0
user_006304,36-45,Buenos Aires,Desktop,Basic,189,6,263.46,2.0,11,38.4,6.0,0.491,0.95,1
user_006305,36-45,Córdoba,Tablet,Premium,337,33,247.48,60.0,25,86.5,12.9,,2.94,0
user_006306,36-45,Buenos Aires,Móvil,Basic,152,15,123.95,100.0,27,31.8,15.7,0.452,2.96,1
user_006307,46-55,La Plata,Móvil,Premium,290,10,375.81,142.0,17,22.0,15.4,0.778,1.03,1
user_006308,18-25,Mendoza,Móvil,Basic,240,11,193.19,76.0,1,,15.6,,1.38,0
user_006309,36-45,La Plata,Tablet,Premium,94,26,433.34,38.0,29,2.3,5.1,0.84,,0
user_006310,18-25,Córdoba,Móvil,Premium,319,48,237.28,173.0,28,98.4,17.5,0.678,4.51,0
user_006311,36-45,Rosario,Móvil,Basic,91,43,283.64,40.0,8,17.5,7.6,0.781,14.18,0
user_006312,18-25,Córdoba,Desktop,Premium,226,34,13.94,146.0,20,,3.0,0.885,4.51,1
user_006313,18-25,Rosario,Desktop,Basic,140,35,432.08,119.0,10,23.7,6.1,0.483,7.5,1
user_006314,36-45,Buenos Aires,Móvil,Free,42,24,413.97,130.0,21,69.3,3.7,0.843,17.14,0
user_006315,18-25,Otros,Móvil,Enterprise,97,2,278.83,36.0,29,99.7,11.4,,,1
user_006316,26-35,Buenos Aires,Desktop,Basic,337,40,319.67,63.0,6,46.7,15.8,0.232,3.56,0
user_006317,36-45,Buenos Aires,Móvil,Free,102,34,210.97,162.0,27,63.5,5.0,0.676,,0
user_006318,46-55,Rosario,Móvil,Premium,293,6,309.94,127.0,24,85.6,13.8,0.452,0.61,0
user_006319,36-45,La Plata,Móvil,Free,24,24,195.85,,16,80.9,17.7,0.166,24.0,1
user_006320,,Córdoba,Tablet,Premium,104,40,294.43,120.0,15,55.3,5.5,0.532,11.54,0
user_006321,56+,Rosario,Móvil,Premium,206,28,417.08,9.0,20,17.7,9.2,0.089,4.08,0
user_006322,36-45,Buenos Aires,Móvil,Free,338,42,129.77,4.0,2,106.5,7.5,,3.73,0
user_006323,18-25,Buenos Aires,Móvil,Premium,329,5,369.59,163.0,5,64.9,13.4,0.415,0.46,1
user_006324,18-25,Rosario,Móvil,Free,137,40,330.86,65.0,26,69.3,3.8,0.415,8.76,1
user_006325,26-35,Buenos Aires,Móvil,Basic,21,32,37.22,45.0,0,22.6,5.0,0.324,32.0,1
user_006326,18-25,Rosario,Desktop,Basic,35,36,468.71,17.0,4,37.9,12.6,0.062,30.86,1
user_006327,36-45,La Plata,Móvil,Free,308,46,362.73,121.0,25,27.7,15.7,0.521,4.48,0
user_006328,26-35,,Desktop,Basic,156,6,213.95,86.0,17,,7.9,0.194,1.15,1
user_006329,26-35,Buenos Aires,Desktop,Premium,16,14,221.74,102.0,10,51.2,2.9,0.321,14.0,1
user_006330,18-25,Rosario,Tablet,Free,45,10,57.26,180.0,15,22.6,17.1,0.437,6.67,1
user_006331,,Buenos Aires,Desktop,Premium,289,26,245.51,138.0,9,33.4,2.4,0.44,,1
user_006332,26-35,Buenos Aires,Desktop,Free,294,42,318.83,180.0,12,54.1,13.4,0.631,4.29,0
user_006333,18-25,Córdoba,Tablet,Free,359,42,437.54,109.0,29,46.9,12.4,0.746,3.51,1
user_006334,26-35,Córdoba,Móvil,Free,268,17,452.32,13.0,17,119.0,13.8,0.383,1.9,1
user_006335,18-25,Buenos Aires,Desktop,Free,7,11,346.27,116.0,3,,4.6,0.637,11.0,0
user_006336,36-45,Buenos Aires,Desktop,Free,101,15,233.58,15.0,28,35.1,17.8,,4.46,1
user_006337,26-35,Rosario,Desktop,Premium,270,1,366.56,80.0,1,55.7,15.7,0.454,0.11,0
user_006338,18-25,Buenos Aires,Móvil,Basic,291,31,227.51,77.0,27,60.6,10.7,,,1
user_006339,36-45,Buenos Aires,Móvil,Basic,360,50,404.63,110.0,16,114.6,6.2,,4.17,0
user_006340,46-55,Otros,Tablet,Basic,148,35,429.63,24.0,7,38.7,18.0,0.894,,1
user_006341,26-35,,Móvil,Basic,143,35,65.08,129.0,25,108.4,13.8,0.724,,0
user_006342,26-35,La Plata,Desktop,Basic,128,10,202.58,125.0,1,94.2,12.3,0.407,2.34,0
user_006343,26-35,Rosario,Móvil,Premium,80,48,146.44,132.0,3,32.3,9.0,0.256,18.0,0
user_006344,36-45,Rosario,Móvil,Basic,27,14,220.31,51.0,24,,10.9,0.898,,1
user_006345,18-25,Córdoba,Desktop,Free,27,4,114.12,76.0,15,19.0,16.7,0.939,,0
user_006346,26-35,Buenos Aires,Desktop,Basic,143,30,178.98,159.0,13,45.6,9.4,0.388,6.29,0
user_006347,56+,Buenos Aires,Desktop,Premium,131,11,245.68,158.0,30,71.9,6.6,0.939,2.52,1
user_006348,36-45,,Móvil,Free,244,14,16.81,160.0,6,26.3,8.1,0.992,,1
user_006349,56+,Buenos Aires,Tablet,Premium,347,7,181.72,21.0,30,76.7,13.9,0.516,0.61,1
user_006350,18-25,Córdoba,Móvil,Premium,3,10,155.36,129.0,19,8.7,8.2,0.306,10.0,0
user_006351,,Buenos Aires,Móvil,Free,266,49,499.25,63.0,18,103.3,1.3,0.085,5.53,0
user_006352,26-35,Otros,Desktop,Free,299,33,458.71,125.0,14,44.9,6.8,,,0
user_006353,,,Desktop,Premium,56,5,482.57,38.0,8,78.7,9.8,0.612,2.68,0
user_006354,46-55,Rosario,Móvil,Basic,118,44,44.98,51.0,10,15.1,9.8,0.992,11.19,1
user_006355,56+,Córdoba,Móvil,Premium,132,7,239.2,52.0,25,82.0,9.3,0.068,1.59,0
user_006356,18-25,Buenos Aires,Tablet,Basic,198,17,171.46,179.0,22,65.7,7.0,0.297,2.58,0
user_006357,36-45,Rosario,Móvil,Free,40,28,179.44,51.0,25,74.8,12.9,,21.0,0
user_006358,36-45,Mendoza,Desktop,Free,34,33,82.6,156.0,5,24.7,10.2,,,1
user_006359,26-35,Rosario,Desktop,Basic,273,34,211.11,170.0,10,2.0,8.9,0.121,3.74,1
user_006360,26-35,Buenos Aires,Tablet,Free,322,6,49.97,7.0,7,39.6,8.0,,0.56,0
user_006361,36-45,Rosario,Desktop,Premium,87,26,205.94,7.0,11,51.4,14.0,0.762,,0
user_006362,36-45,Buenos Aires,Móvil,Enterprise,120,1,29.67,69.0,23,86.7,5.1,0.034,0.25,0
user_006363,56+,Córdoba,Móvil,Basic,353,14,252.08,35.0,24,113.6,5.6,0.585,1.19,1
user_006364,18-25,Rosario,Desktop,Basic,307,33,231.92,16.0,18,12.8,8.3,0.67,3.22,0
user_006365,36-45,,Móvil,Free,13,26,276.35,7.0,8,,4.5,0.327,26.0,0
user_006366,26-35,Rosario,Móvil,Free,196,32,230.48,20.0,15,108.8,18.1,0.01,4.9,0
user_006367,36-45,Otros,Tablet,Free,27,41,444.27,139.0,14,113.2,12.0,0.908,,1
user_006368,36-45,Otros,Móvil,Premium,336,9,120.19,90.0,11,80.0,17.7,0.202,,1
user_006369,26-35,Buenos Aires,Desktop,Free,265,50,51.04,44.0,21,37.0,16.1,0.141,,0
user_006370,36-45,Otros,Móvil,Free,102,25,318.2,61.0,4,17.6,10.3,0.423,7.35,1
user_006371,18-25,Buenos Aires,Desktop,Basic,69,41,139.19,127.0,28,78.9,5.4,0.605,17.83,0
user_006372,18-25,La Plata,Desktop,Basic,103,40,363.37,3.0,25,87.6,11.6,0.419,11.65,1
user_006373,26-35,Buenos Aires,Móvil,Premium,171,18,322.59,48.0,23,29.8,13.9,0.46,3.16,1
user_006374,26-35,Buenos Aires,Móvil,Free,213,48,475.04,11.0,6,24.5,19.7,0.868,6.76,0
user_006375,26-35,Córdoba,Tablet,Free,261,1,163.3,56.0,7,114.9,18.7,0.098,0.11,0
user_006376,,Mendoza,Desktop,Premium,308,35,379.77,73.0,27,43.1,18.5,0.625,3.41,1
user_006377,26-35,La Plata,Móvil,Premium,245,0,130.06,999.0,21,78.4,16.3,0.784,,0
user_006378,18-25,La Plata,Móvil,Free,364,39,308.34,115.0,4,76.8,9.8,,3.21,0
user_006379,26-35,Buenos Aires,Móvil,Basic,56,5,424.95,17.0,0,93.7,11.8,0.605,,0
user_006380,26-35,Buenos Aires,Desktop,Basic,6,22,214.82,142.0,18,110.4,13.0,0.275,22.0,1
user_006381,36-45,Rosario,Móvil,Free,184,28,41.39,9.0,7,,12.3,,4.57,1
user_006382,26-35,Mendoza,Móvil,Basic,216,47,109.91,32.0,2,92.7,17.7,,6.53,1
user_006383,,Rosario,Móvil,Premium,346,39,172.12,0.0,6,4.4,3.5,0.199,3.38,0
user_006384,36-45,La Plata,Móvil,Free,365,10,21.72,115.0,11,19.2,1.4,,0.82,1
user_006385,26-35,Rosario,Móvil,Enterprise,199,0,223.22,999.0,5,27.5,13.1,,0.0,1
user_006386,36-45,Buenos Aires,Móvil,Premium,242,0,181.78,999.0,11,74.3,3.5,,0.0,0
user_006387,18-25,Mendoza,Tablet,Basic,245,48,122.38,162.0,5,39.7,9.7,0.244,,1
user_006388,56+,Córdoba,Desktop,Basic,140,5,123.44,148.0,3,,17.6,0.231,1.07,0
user_006389,26-35,Córdoba,Tablet,Free,110,19,131.62,76.0,0,13.1,12.2,0.561,5.18,0
user_006390,36-45,,Desktop,Free,8,49,109.04,118.0,3,62.2,12.1,0.888,49.0,0
user_006391,36-45,Buenos Aires,Desktop,Basic,270,34,383.98,129.0,11,50.0,5.2,0.008,,1
user_006392,36-45,Buenos Aires,Móvil,Premium,28,3,414.02,164.0,2,49.1,18.7,0.889,3.0,0
user_006393,26-35,Buenos Aires,Tablet,Free,7,25,138.22,122.0,26,4.8,17.5,0.135,25.0,0
user_006394,36-45,Buenos Aires,Desktop,Premium,304,46,336.73,140.0,17,62.5,4.1,0.232,4.54,0
user_006395,36-45,Buenos Aires,Desktop,Free,180,36,274.92,11.0,28,51.6,2.3,0.343,6.0,1
user_006396,26-35,Mendoza,Móvil,Free,166,17,345.67,110.0,24,22.9,9.1,0.364,3.07,1
user_006397,26-35,Córdoba,Móvil,Premium,303,14,175.63,88.0,27,11.0,10.1,,1.39,1
user_006398,36-45,Córdoba,Móvil,Free,13,2,445.48,148.0,19,32.6,17.7,0.278,2.0,1
user_006399,26-35,Buenos Aires,Móvil,Basic,315,32,150.61,74.0,15,88.3,1.1,0.723,,0
user_006400,26-35,Rosario,Móvil,Free,115,1,85.21,129.0,14,,2.0,0.726,0.26,0
user_006401,46-55,Buenos Aires,Móvil,Free,136,3,446.52,37.0,24,24.1,19.0,,0.66,1
user_006402,26-35,Rosario,Desktop,Basic,105,1,40.36,138.0,17,112.3,19.4,0.285,0.29,1
user_006403,36-45,Rosario,Móvil,Premium,212,21,138.45,179.0,2,22.5,19.9,0.175,,1
user_006404,36-45,Otros,Móvil,Premium,292,5,132.33,142.0,5,94.3,3.3,0.712,0.51,0
user_006405,26-35,Buenos Aires,Móvil,Basic,46,28,263.4,36.0,6,96.0,13.5,,,0
user_006406,26-35,Córdoba,Desktop,Basic,200,43,445.67,101.0,7,54.5,10.0,0.642,6.45,0
user_006407,26-35,Rosario,Móvil,Free,94,5,387.32,158.0,28,58.3,3.5,0.716,,1
user_006408,36-45,Córdoba,Tablet,Free,307,30,318.47,116.0,8,114.1,3.9,,2.93,1
user_006409,36-45,Buenos Aires,Móvil,Basic,139,14,214.3,86.0,30,79.2,12.7,0.399,3.02,0
user_006410,26-35,Córdoba,Móvil,Enterprise,341,11,474.27,137.0,4,114.0,14.5,0.482,0.97,0
user_006411,,Otros,Móvil,Basic,43,11,373.1,71.0,2,77.3,18.5,0.143,7.67,0
user_006412,36-45,Mendoza,Desktop,Free,190,4,149.93,174.0,2,33.1,2.6,0.351,0.63,1
user_006413,26-35,La Plata,Tablet,Free,290,49,345.73,30.0,8,27.1,5.1,0.934,,1
user_006414,18-25,Córdoba,Desktop,Premium,189,38,450.95,150.0,4,117.4,7.6,0.06,6.03,1
user_006415,36-45,Buenos Aires,Móvil,Premium,237,39,392.69,168.0,24,17.3,19.8,0.188,4.94,0
user_006416,26-35,Córdoba,Móvil,Premium,69,8,226.84,107.0,0,54.1,13.3,0.649,,0
user_006417,36-45,Córdoba,Móvil,Free,225,39,62.34,164.0,1,28.9,17.5,,5.2,0
user_006418,26-35,Buenos Aires,Móvil,Basic,272,37,483.71,38.0,24,,2.5,,4.08,1
user_006419,18-25,Córdoba,Móvil,Premium,131,25,16.53,6.0,3,20.0,10.0,0.121,5.73,1
user_006420,46-55,Rosario,Móvil,Premium,278,10,227.94,8.0,20,108.0,6.2,0.992,,0
user_006421,18-25,Buenos Aires,Desktop,Premium,186,39,416.03,,15,118.1,16.5,,6.29,1
user_006422,46-55,Otros,Desktop,Free,189,26,127.97,142.0,17,,6.2,0.669,4.13,1
user_006423,36-45,Rosario,Móvil,Free,40,36,199.7,106.0,29,114.2,10.8,0.228,27.0,0
user_006424,36-45,Córdoba,Móvil,Free,42,40,403.67,135.0,30,115.6,19.3,,28.57,1
user_006425,46-55,Buenos Aires,Desktop,Free,328,49,151.57,30.0,7,30.0,3.2,0.695,4.48,1
user_006426,56+,Mendoza,Móvil,Premium,14,20,161.69,135.0,25,,18.0,0.571,20.0,1
user_006427,36-45,Buenos Aires,Desktop,Basic,30,45,53.82,61.0,1,88.0,5.3,,45.0,1
user_006428,18-25,Buenos Aires,Móvil,Premium,54,10,311.88,102.0,14,7.2,9.1,0.283,5.56,0
user_006429,36-45,Mendoza,Desktop,Free,362,28,218.58,166.0,2,35.6,1.2,0.586,2.32,0
user_006430,26-35,Buenos Aires,Móvil,Basic,287,13,180.35,125.0,8,,11.6,0.861,1.36,1
user_006431,18-25,Buenos Aires,Móvil,Enterprise,193,15,492.44,134.0,29,66.0,3.5,0.541,,0
user_006432,36-45,Mendoza,Móvil,Free,273,14,235.31,,17,92.1,19.8,,,1
user_006433,26-35,Rosario,Móvil,Free,314,48,112.34,177.0,2,109.7,1.2,0.216,,0
user_006434,26-35,Rosario,Desktop,Premium,364,1,236.17,103.0,3,,13.8,0.515,0.08,0
user_006435,26-35,La Plata,Móvil,Free,106,50,128.3,57.0,17,18.4,3.0,0.6,14.15,0
user_006436,18-25,Buenos Aires,Móvil,Premium,338,38,77.56,175.0,12,67.0,17.7,0.574,,0
user_006437,46-55,Buenos Aires,Desktop,Basic,104,41,117.68,98.0,29,116.6,18.2,,,0
user_006438,56+,Rosario,Móvil,Basic,44,14,449.06,133.0,23,19.5,15.7,0.148,9.55,1
user_006439,36-45,Mendoza,Móvil,Free,258,29,165.24,173.0,15,117.8,9.8,0.037,3.37,1
user_006440,18-25,Rosario,Móvil,Free,52,34,428.17,161.0,26,64.7,3.9,0.409,19.62,0
user_006441,26-35,Mendoza,Desktop,Basic,160,31,471.86,119.0,17,109.7,10.6,0.123,5.81,0
user_006442,,Buenos Aires,Tablet,Free,360,31,74.22,10.0,12,84.7,5.0,0.617,2.58,1
user_006443,36-45,Córdoba,Móvil,Basic,147,32,471.57,150.0,24,94.0,5.6,0.465,6.53,1
user_006444,,Mendoza,Móvil,Premium,38,31,459.8,2.0,0,26.9,2.5,0.72,24.47,0
user_006445,36-45,Buenos Aires,Desktop,Basic,213,5,183.24,52.0,2,43.0,18.4,0.01,,1
user_006446,36-45,Buenos Aires,Desktop,Free,181,34,167.2,142.0,9,94.5,7.3,0.398,5.64,1
user_006447,56+,Otros,Tablet,Basic,224,33,157.79,115.0,12,,15.7,,,1
user_006448,18-25,Córdoba,Desktop,Basic,264,7,483.1,98.0,19,43.3,13.7,0.231,0.8,0
user_006449,18-25,Rosario,Móvil,Premium,178,12,380.8,109.0,1,32.0,14.6,0.328,2.02,1
user_006450,18-25,Mendoza,Desktop,Premium,68,4,311.05,61.0,29,69.2,6.9,0.806,1.76,1
user_006451,36-45,Mendoza,Móvil,Free,71,45,101.34,78.0,28,94.9,10.4,0.311,19.01,1
user_006452,26-35,Buenos Aires,Móvil,Basic,246,10,470.97,142.0,12,91.3,7.3,0.584,1.22,1
user_006453,26-35,,Desktop,Basic,1,10,60.48,12.0,13,19.3,8.3,0.792,,0
user_006454,18-25,Buenos Aires,Desktop,Free,296,38,25.91,51.0,5,88.2,13.1,0.849,,0
user_006455,18-25,Mendoza,Móvil,Premium,129,50,137.16,36.0,4,34.2,5.0,0.982,11.63,1
user_006456,46-55,Rosario,Móvil,Basic,272,20,451.48,53.0,19,101.7,12.5,0.268,2.21,1
user_006457,56+,Buenos Aires,Móvil,Free,38,42,202.71,95.0,25,102.0,12.6,,33.16,0
user_006458,56+,La Plata,Desktop,Free,19,50,290.06,92.0,30,71.8,7.1,0.602,50.0,0
user_006459,,Buenos Aires,Móvil,Free,303,27,354.11,158.0,17,98.8,10.6,0.782,,0
user_006460,18-25,Buenos Aires,Desktop,Free,123,41,99.77,123.0,6,56.7,14.6,0.792,,1
user_006461,18-25,Buenos Aires,Móvil,Basic,318,1,185.11,147.0,3,65.6,6.4,0.05,,1
user_006462,18-25,Otros,,Free,354,33,233.89,39.0,10,104.2,4.8,0.109,2.8,0
user_006463,18-25,Buenos Aires,Desktop,Enterprise,257,28,382.24,62.0,29,,6.7,0.857,,0
user_006464,36-45,Buenos Aires,Desktop,Premium,178,0,403.16,999.0,3,50.7,19.5,,0.0,1
user_006465,26-35,Mendoza,Desktop,Premium,15,26,468.05,159.0,28,86.7,4.8,0.069,26.0,1
user_006466,26-35,Córdoba,Móvil,Free,91,45,442.85,17.0,26,88.2,8.6,0.26,14.84,1
user_006467,36-45,Mendoza,Móvil,Enterprise,312,10,438.26,5.0,25,96.4,18.7,0.067,,0
user_006468,36-45,La Plata,Móvil,Premium,278,28,246.35,130.0,22,,7.0,0.847,3.02,0
user_006469,26-35,Mendoza,Móvil,Enterprise,212,11,78.8,11.0,2,112.5,16.5,0.333,1.56,0
user_006470,26-35,Buenos Aires,Móvil,Basic,326,38,465.02,50.0,27,68.0,16.6,0.409,,0
user_006471,36-45,Rosario,Móvil,Basic,357,46,378.76,4.0,13,52.5,14.8,0.493,3.87,0
user_006472,46-55,Buenos Aires,Móvil,Premium,171,50,431.2,142.0,7,,14.9,0.16,8.77,0
user_006473,36-45,La Plata,Móvil,Premium,199,32,356.1,137.0,14,95.1,3.1,0.953,4.82,1
user_006474,26-35,Buenos Aires,Móvil,Free,16,26,50.36,125.0,0,30.0,1.6,,26.0,0
user_006475,36-45,Córdoba,Móvil,Free,221,2,402.21,35.0,30,75.4,13.1,0.242,0.27,1
user_006476,56+,Mendoza,Móvil,Basic,241,43,372.79,90.0,8,,6.3,0.54,5.35,0
user_006477,18-25,Rosario,Móvil,Free,155,48,252.39,85.0,16,112.6,16.6,0.059,9.29,1
user_006478,26-35,La Plata,Desktop,Free,285,40,497.51,56.0,25,114.0,3.8,0.811,,0
user_006479,18-25,Buenos Aires,Móvil,Premium,85,32,148.46,41.0,17,14.3,5.8,0.468,11.29,1
user_006480,46-55,Córdoba,Móvil,Free,203,14,80.96,96.0,2,,5.0,0.155,2.07,1
user_006481,36-45,Buenos Aires,Desktop,Premium,305,2,339.26,95.0,25,102.9,2.3,0.047,,1
user_006482,46-55,Rosario,Móvil,Free,77,19,98.23,170.0,13,,12.6,,,1
user_006483,26-35,Buenos Aires,Móvil,Free,357,22,186.06,34.0,15,107.7,3.9,,1.85,0
user_006484,,Buenos Aires,Desktop,Premium,161,22,410.62,77.0,3,79.9,14.9,,4.1,1
user_006485,46-55,Buenos Aires,Móvil,Premium,230,31,267.8,37.0,19,18.5,2.1,0.615,4.04,1
user_006486,26-35,Córdoba,Móvil,Premium,98,6,434.46,113.0,27,7.8,1.3,,1.84,0
user_006487,36-45,Buenos Aires,Móvil,Basic,82,9,437.89,48.0,3,45.5,9.2,0.465,3.29,0
user_006488,18-25,Otros,Móvil,Free,203,10,316.66,71.0,9,116.4,7.8,0.948,1.48,0
user_006489,26-35,Buenos Aires,Móvil,Enterprise,135,32,292.93,81.0,25,45.2,5.6,0.535,7.11,1
user_006490,26-35,Córdoba,Tablet,Premium,127,7,432.6,34.0,10,111.4,10.5,0.497,1.65,0
user_006491,18-25,Buenos Aires,Móvil,Free,214,49,239.82,54.0,25,50.2,1.2,,6.87,1
user_006492,56+,Buenos Aires,Móvil,Basic,270,48,151.2,163.0,28,5.0,15.3,0.487,,0
user_006493,36-45,Buenos Aires,Móvil,Free,257,30,44.68,130.0,9,49.8,1.2,0.025,3.5,0
user_006494,18-25,Buenos Aires,Móvil,Free,196,14,490.33,63.0,18,24.2,8.2,,2.14,1
user_006495,36-45,Buenos Aires,Desktop,Basic,183,12,53.48,92.0,26,81.0,14.6,0.49,1.97,0
user_006496,36-45,Otros,Móvil,Basic,154,34,74.98,59.0,30,4.1,2.8,0.377,6.62,0
user_006497,36-45,Buenos Aires,Tablet,Basic,326,33,224.54,148.0,24,91.5,4.0,,3.04,0
user_006498,,Córdoba,Desktop,Free,221,4,173.0,169.0,12,75.0,5.3,0.937,0.54,1
user_006499,36-45,Rosario,Desktop,Basic,270,4,89.83,160.0,0,73.4,2.3,0.92,0.44,0
user_006500,26-35,Rosario,Móvil,Premium,322,33,101.59,124.0,14,77.9,16.0,0.457,3.07,0
user_006501,26-35,Córdoba,Tablet,Basic,193,25,224.06,39.0,2,85.6,10.3,,3.89,1
user_006502,56+,Buenos Aires,Móvil,Premium,221,23,230.37,54.0,30,106.8,16.1,0.481,,1
user_006503,56+,La Plata,Móvil,Free,194,34,46.59,37.0,29,65.1,19.0,0.506,5.26,1
user_006504,,Otros,Desktop,Free,358,32,143.65,70.0,10,54.2,4.6,,2.68,0
user_006505,18-25,Córdoba,Desktop,Enterprise,231,40,464.79,21.0,6,13.8,6.0,0.923,5.19,0
user_006506,18-25,Buenos Aires,Tablet,Free,175,27,133.16,71.0,25,26.1,13.0,,4.63,0
user_006507,36-45,Buenos Aires,Móvil,Free,244,37,135.08,47.0,18,70.3,8.7,0.224,4.55,1
user_006508,18-25,Rosario,Tablet,Basic,135,7,44.03,174.0,19,103.8,18.5,0.083,1.56,0
user_006509,46-55,Buenos Aires,Desktop,Enterprise,271,6,182.05,65.0,24,19.0,14.3,,0.66,0
user_006510,46-55,Córdoba,Móvil,Free,88,15,68.85,84.0,16,26.7,2.7,0.699,5.11,1
user_006511,18-25,Córdoba,Móvil,Free,254,1,315.28,30.0,23,114.6,11.2,0.268,0.12,1
user_006512,26-35,Buenos Aires,Móvil,Basic,92,28,478.36,68.0,16,101.5,14.9,0.561,9.13,0
user_006513,18-25,Mendoza,Desktop,Free,268,37,244.75,74.0,5,98.1,10.7,0.655,4.14,0
user_006514,36-45,Buenos Aires,Móvil,Free,166,44,465.12,90.0,21,65.2,16.7,,,0
user_006515,26-35,Mendoza,Móvil,Basic,289,41,36.01,158.0,27,15.2,3.3,0.138,4.26,1
user_006516,18-25,Buenos Aires,Móvil,Free,324,1,151.96,127.0,17,79.0,19.9,0.469,0.09,1
user_006517,26-35,Buenos Aires,Móvil,Premium,122,29,366.82,32.0,1,60.4,5.6,0.85,7.13,0
user_006518,36-45,Córdoba,Móvil,Free,337,8,293.64,131.0,30,8.8,2.0,0.906,0.71,0
user_006519,18-25,Córdoba,Tablet,Basic,120,47,474.75,16.0,21,48.9,19.8,0.051,11.75,1
user_006520,36-45,La Plata,Tablet,Premium,229,48,266.55,167.0,9,94.6,16.2,0.266,6.29,0
user_006521,26-35,Buenos Aires,Móvil,Basic,296,32,260.46,74.0,27,,10.5,,3.24,0
user_006522,26-35,Buenos Aires,Móvil,Free,216,26,216.58,113.0,30,116.7,19.0,0.343,3.61,0
user_006523,26-35,Buenos Aires,Desktop,Premium,277,13,455.76,22.0,2,,19.1,0.952,1.41,0
user_006524,26-35,Córdoba,Desktop,Free,82,19,169.65,134.0,21,41.6,15.2,0.59,,1
user_006525,18-25,Buenos Aires,Desktop,Free,117,47,442.49,46.0,13,110.1,5.5,0.177,12.05,0
user_006526,18-25,Córdoba,Móvil,Premium,210,40,242.52,4.0,10,17.2,2.6,0.21,,0
user_006527,,Otros,Móvil,Basic,272,25,67.53,47.0,3,8.8,5.9,0.709,2.76,1
user_006528,56+,Mendoza,Móvil,Free,226,7,180.01,79.0,14,,4.2,0.768,0.93,0
user_006529,56+,Córdoba,Móvil,Free,173,45,100.19,8.0,0,51.0,3.1,0.645,7.8,1
user_006530,46-55,Córdoba,Desktop,Premium,52,39,350.35,120.0,24,34.8,16.4,0.54,22.5,0
user_006531,46-55,Buenos Aires,Desktop,Free,279,15,166.33,132.0,20,,8.1,,1.61,0
user_006532,26-35,Rosario,Móvil,Free,80,28,151.32,18.0,12,90.0,12.6,,10.5,0
user_006533,26-35,Córdoba,Móvil,Basic,203,48,352.06,171.0,9,57.2,7.1,0.765,7.09,1
user_006534,,Buenos Aires,Desktop,Free,41,35,137.29,95.0,16,113.7,12.0,0.2,25.61,0
user_006535,26-35,Córdoba,Móvil,Premium,192,23,104.21,69.0,18,74.3,6.1,0.523,,0
user_006536,36-45,Córdoba,Móvil,Basic,227,28,85.52,6.0,19,104.8,10.5,,3.7,1
user_006537,26-35,Otros,Tablet,Basic,328,50,194.68,65.0,1,63.8,12.4,0.1,4.57,0
user_006538,26-35,Buenos Aires,Tablet,Basic,123,28,376.42,38.0,8,,4.1,0.114,6.83,0
user_006539,46-55,Rosario,Desktop,Enterprise,216,7,370.22,12.0,16,21.1,14.0,,0.97,0
user_006540,26-35,Rosario,Desktop,Free,199,46,471.39,20.0,20,17.3,19.3,0.694,6.93,1
user_006541,46-55,,Móvil,Free,70,6,377.78,121.0,30,68.7,11.2,0.148,2.57,0
user_006542,56+,Otros,Móvil,Basic,150,24,314.61,13.0,22,96.0,18.8,0.908,,1
user_006543,18-25,Buenos Aires,Desktop,Free,126,38,385.8,156.0,16,97.0,14.1,,9.05,1
user_006544,46-55,Rosario,Tablet,Free,333,16,220.57,145.0,12,85.9,11.9,0.345,1.44,0
user_006545,18-25,Rosario,Desktop,Free,191,30,70.91,81.0,17,94.2,18.0,0.011,4.71,1
user_006546,26-35,Buenos Aires,Tablet,Free,112,47,23.24,63.0,10,,9.0,0.015,,0
user_006547,36-45,Mendoza,Móvil,Premium,116,30,396.54,111.0,16,42.7,8.3,0.258,7.76,0
user_006548,36-45,Buenos Aires,Móvil,Basic,61,15,134.15,128.0,12,68.6,6.9,0.547,7.38,1
user_006549,18-25,Otros,Desktop,Basic,363,17,201.17,51.0,2,85.3,10.5,0.665,1.4,0
user_006550,46-55,Buenos Aires,Móvil,Basic,13,40,242.05,32.0,26,26.7,6.7,0.659,40.0,1
user_006551,36-45,Buenos Aires,Desktop,Free,287,30,21.48,118.0,10,23.2,17.5,0.809,3.14,1
user_006552,26-35,Córdoba,Tablet,Free,103,41,308.31,48.0,19,32.3,11.5,,11.94,1
user_006553,18-25,Córdoba,Tablet,Free,245,13,315.07,71.0,16,13.4,3.3,0.152,,0
user_006554,,Buenos Aires,Móvil,Free,289,7,431.88,53.0,5,37.6,13.0,0.637,0.73,1
user_006555,36-45,Buenos Aires,Móvil,Basic,249,22,143.16,8.0,24,47.6,12.6,0.606,2.65,0
user_006556,36-45,Rosario,Móvil,Free,238,31,278.38,66.0,18,92.3,5.1,0.769,3.91,0
user_006557,26-35,La Plata,Móvil,Premium,362,32,75.58,116.0,11,,5.6,0.559,2.65,0
user_006558,26-35,Córdoba,Móvil,Enterprise,145,7,15.88,47.0,1,17.3,5.9,0.099,1.45,0
user_006559,36-45,Rosario,Móvil,Basic,252,40,458.1,178.0,9,25.9,2.2,,4.76,0
user_006560,26-35,Buenos Aires,Móvil,Basic,157,0,492.35,999.0,7,54.4,2.9,0.285,0.0,1
user_006561,36-45,,Desktop,Premium,306,26,448.45,105.0,22,103.7,5.4,0.04,2.55,0
user_006562,46-55,Buenos Aires,Móvil,Free,325,36,193.08,47.0,14,117.2,3.2,0.17,3.32,1
user_006563,46-55,Córdoba,Móvil,Enterprise,253,38,440.65,106.0,30,88.4,14.2,0.065,,1
user_006564,46-55,Buenos Aires,Tablet,Free,126,8,328.36,63.0,7,,18.1,0.156,1.9,0
user_006565,26-35,Buenos Aires,Móvil,Basic,315,10,157.46,126.0,9,110.4,19.0,0.527,0.95,1
user_006566,56+,Buenos Aires,Móvil,Basic,120,22,370.99,58.0,14,7.5,14.4,0.71,,1
user_006567,26-35,La Plata,Móvil,Premium,68,46,455.18,143.0,15,61.2,17.7,0.1,,1
user_006568,56+,Otros,Móvil,Basic,103,14,311.77,55.0,13,71.9,11.9,0.738,,0
user_006569,36-45,Buenos Aires,Móvil,Free,61,3,110.91,81.0,5,15.4,6.7,,1.48,0
user_006570,18-25,La Plata,Tablet,Basic,316,5,128.78,136.0,27,,19.2,0.727,0.47,1
user_006571,26-35,Buenos Aires,Móvil,Basic,249,42,493.93,147.0,4,26.6,7.1,0.674,5.06,1
user_006572,,Rosario,Móvil,Premium,297,2,455.64,25.0,14,48.4,16.3,0.556,0.2,1
user_006573,46-55,La Plata,Tablet,Premium,195,15,328.4,18.0,13,33.7,1.8,0.267,2.31,1
user_006574,56+,Rosario,Desktop,Basic,249,8,66.53,135.0,29,,9.3,0.037,0.96,0
user_006575,46-55,Córdoba,Móvil,Free,240,32,82.07,155.0,28,69.6,3.1,0.0,4.0,1
user_006576,46-55,Buenos Aires,Móvil,Basic,290,48,20.23,171.0,28,50.6,9.0,0.292,4.97,1
user_006577,18-25,La Plata,Móvil,Basic,23,31,373.56,84.0,12,63.7,2.6,0.647,,0
user_006578,26-35,Buenos Aires,Desktop,Basic,236,6,137.0,59.0,19,17.0,15.0,,0.76,0
user_006579,26-35,Mendoza,Desktop,Free,285,45,244.36,42.0,24,100.4,4.2,0.27,4.74,1
user_006580,18-25,Rosario,Desktop,Basic,138,26,165.74,42.0,14,81.2,18.3,0.442,5.65,1
user_006581,18-25,Córdoba,Móvil,Free,264,0,124.54,999.0,9,63.5,18.1,0.012,0.0,0
user_006582,18-25,Otros,Desktop,Basic,13,0,221.43,999.0,8,108.3,15.1,0.629,0.0,1
user_006583,26-35,Otros,Móvil,Premium,22,31,81.53,127.0,29,85.2,15.4,0.157,31.0,1
user_006584,56+,Buenos Aires,Móvil,Premium,308,27,153.42,27.0,8,70.8,1.1,,2.63,1
user_006585,36-45,Buenos Aires,Móvil,Free,177,0,126.63,999.0,18,20.5,19.3,0.507,0.0,0
user_006586,26-35,Buenos Aires,Móvil,Free,207,12,21.44,166.0,1,46.1,11.8,,1.74,0
user_006587,46-55,Buenos Aires,Tablet,Enterprise,219,19,162.54,94.0,2,40.4,2.8,0.663,2.6,0
user_006588,,Otros,Móvil,Free,288,32,109.3,71.0,18,118.4,3.4,,3.33,1
user_006589,26-35,Mendoza,Desktop,Basic,214,41,409.11,158.0,21,62.3,17.6,,5.75,1
user_006590,26-35,Rosario,Móvil,Free,1,3,14.97,0.0,28,119.1,9.2,0.992,,1
user_006591,56+,Córdoba,Móvil,Premium,70,46,221.8,65.0,28,,8.2,,19.71,1
user_006592,18-25,Otros,Desktop,Basic,23,43,266.48,43.0,22,60.5,11.7,,43.0,0
user_006593,56+,Rosario,Desktop,Basic,133,20,313.66,48.0,27,43.9,3.4,0.805,4.51,0
user_006594,18-25,Buenos Aires,Móvil,Enterprise,25,25,26.33,176.0,14,71.6,11.4,0.313,25.0,0
user_006595,36-45,Otros,,Premium,202,19,161.12,92.0,2,22.4,19.7,0.49,2.82,0
user_006596,36-45,Rosario,Móvil,Premium,121,45,37.94,1.0,25,82.3,4.2,,11.16,0
user_006597,46-55,Mendoza,Móvil,Basic,112,36,430.19,17.0,15,,17.6,0.235,9.64,1
user_006598,36-45,La Plata,Móvil,Free,289,45,61.07,94.0,23,98.9,9.6,0.159,,1
user_006599,18-25,Mendoza,Móvil,Free,291,29,451.89,73.0,4,,19.2,0.709,2.99,1
user_006600,46-55,Buenos Aires,Móvil,Premium,99,36,414.4,20.0,4,33.4,5.0,0.552,10.91,0
user_006601,36-45,Mendoza,Móvil,Basic,31,45,263.27,84.0,12,83.7,10.2,0.438,,0
user_006602,26-35,Buenos Aires,Desktop,Premium,186,42,374.9,74.0,17,35.7,14.2,0.08,,0
user_006603,26-35,Buenos Aires,Móvil,Premium,164,39,85.42,62.0,23,53.7,3.1,0.212,7.13,1
user_006604,26-35,Buenos Aires,Tablet,Free,285,7,224.12,73.0,20,103.7,10.1,0.268,0.74,1
user_006605,18-25,Córdoba,Tablet,Premium,232,40,228.9,109.0,26,81.4,18.1,0.848,,0
user_006606,26-35,Buenos Aires,Móvil,Basic,323,16,462.88,155.0,17,17.5,11.9,0.117,1.49,0
user_006607,26-35,Mendoza,Móvil,Basic,322,35,330.54,6.0,17,42.7,18.5,0.631,3.26,1
user_006608,46-55,Buenos Aires,Tablet,Free,251,20,171.7,154.0,23,43.9,12.4,0.181,,1
user_006609,46-55,Buenos Aires,Móvil,Free,4,26,357.21,75.0,27,,12.5,0.852,26.0,0
user_006610,36-45,La Plata,Desktop,Basic,180,3,228.41,22.0,1,,16.3,0.937,0.5,0
user_006611,36-45,Rosario,Móvil,Free,322,13,495.37,40.0,7,,6.8,0.199,,0
user_006612,36-45,Buenos Aires,Móvil,Basic,113,21,205.56,35.0,12,57.6,6.9,0.1,5.58,0
user_006613,18-25,Córdoba,Tablet,Free,277,20,296.05,97.0,29,23.2,19.1,,2.17,0
user_006614,,Buenos Aires,Desktop,Basic,48,16,116.71,109.0,23,88.6,14.7,0.597,10.0,1
user_006615,26-35,Buenos Aires,Móvil,Free,64,5,12.0,24.0,11,76.0,15.1,0.07,2.34,0
user_006616,56+,Córdoba,Móvil,Premium,335,23,108.03,87.0,18,85.0,11.1,0.731,2.06,0
user_006617,46-55,Rosario,Móvil,Premium,333,3,360.16,43.0,17,28.2,8.1,0.272,,1
user_006618,26-35,Rosario,Móvil,Free,32,10,361.13,174.0,17,115.4,2.0,,9.38,1
user_006619,46-55,Otros,Móvil,Basic,231,28,332.43,,18,,17.2,0.185,3.64,0
user_006620,36-45,Rosario,Desktop,Basic,159,10,475.15,150.0,13,24.9,11.0,0.65,1.89,0
user_006621,26-35,Buenos Aires,Móvil,Basic,70,36,363.73,49.0,26,7.4,7.1,0.446,15.43,1
user_006622,56+,Mendoza,Desktop,Basic,222,19,79.55,143.0,5,101.0,2.7,,,1
user_006623,18-25,Córdoba,Desktop,Free,267,50,489.87,152.0,2,58.6,11.2,0.842,5.62,0
user_006624,36-45,La Plata,Móvil,Basic,285,44,20.88,100.0,13,3.3,19.8,0.586,4.63,1
user_006625,18-25,Córdoba,Móvil,Premium,248,17,416.05,75.0,21,2.2,13.9,0.312,2.06,1
user_006626,46-55,Córdoba,Desktop,Basic,316,7,108.24,127.0,15,58.2,12.8,0.52,0.66,0
user_006627,18-25,Córdoba,Móvil,Premium,213,9,31.23,139.0,30,102.1,16.2,0.721,1.27,1
user_006628,36-45,Córdoba,Móvil,Basic,113,17,132.14,179.0,22,10.0,3.8,,,1
user_006629,18-25,Buenos Aires,Móvil,Premium,211,7,257.17,3.0,20,114.9,7.6,0.04,1.0,1
user_006630,46-55,Otros,,Basic,84,8,364.44,,27,27.4,17.4,0.275,2.86,0
user_006631,46-55,La Plata,Móvil,Enterprise,4,40,18.05,166.0,15,36.1,4.8,0.243,40.0,0
user_006632,26-35,La Plata,Desktop,Free,325,41,379.53,130.0,15,33.9,18.8,0.026,3.78,0
user_006633,18-25,Buenos Aires,Móvil,Basic,74,1,432.11,150.0,30,,3.3,0.103,,1
user_006634,46-55,Córdoba,Móvil,Free,155,13,453.93,131.0,11,95.0,15.1,0.139,2.52,1
user_006635,36-45,Córdoba,Móvil,Free,68,43,24.8,130.0,7,96.4,1.2,0.451,18.97,1
user_006636,18-25,Rosario,Tablet,Free,66,20,21.31,121.0,7,115.0,3.1,0.823,9.09,1
user_006637,46-55,Buenos Aires,Móvil,Free,193,13,182.16,171.0,22,31.7,1.8,0.98,2.02,1
user_006638,56+,Rosario,,Enterprise,204,12,455.93,165.0,8,,15.0,0.985,1.76,0
user_006639,46-55,Buenos Aires,Móvil,Basic,265,33,388.85,77.0,7,27.0,10.8,0.02,,1
user_006640,56+,Córdoba,Móvil,Premium,200,30,487.77,1.0,26,94.5,8.2,0.754,,1
user_006641,26-35,Rosario,Móvil,Basic,83,35,347.94,96.0,16,72.1,8.6,0.947,12.65,0
user_006642,36-45,Buenos Aires,Móvil,Premium,183,47,56.7,135.0,22,25.2,2.1,0.988,,0
user_006643,46-55,La Plata,Desktop,Free,250,44,330.78,82.0,10,37.6,8.8,0.337,5.28,1
user_006644,26-35,Buenos Aires,Móvil,Premium,194,44,483.47,107.0,2,116.7,7.0,,6.8,1
user_006645,26-35,Rosario,Móvil,Premium,302,49,262.21,68.0,22,5.0,13.1,,4.87,1
user_006646,18-25,Buenos Aires,Móvil,Free,22,19,369.28,171.0,17,,6.8,0.317,19.0,1
user_006647,36-45,Buenos Aires,Desktop,Free,13,40,369.74,179.0,7,109.2,7.8,,40.0,1
user_006648,26-35,Buenos Aires,Móvil,Free,292,23,421.25,40.0,9,59.8,11.6,,2.36,0
user_006649,56+,La Plata,Móvil,Basic,204,9,33.5,11.0,3,82.8,8.3,0.022,,0
user_006650,26-35,Buenos Aires,Móvil,Basic,294,31,222.16,31.0,18,22.0,3.5,0.817,3.16,0
user_006651,26-35,Córdoba,Móvil,Free,160,49,226.98,76.0,23,28.6,13.9,0.596,9.19,0
user_006652,56+,,Móvil,Basic,169,22,109.39,45.0,4,117.9,16.6,0.972,3.91,1
user_006653,26-35,La Plata,Móvil,Free,79,30,322.41,51.0,28,79.4,13.2,0.823,,0
user_006654,36-45,Buenos Aires,Desktop,Basic,191,30,183.64,25.0,6,10.3,17.5,0.327,4.71,0
user_006655,18-25,Buenos Aires,Móvil,Free,171,33,290.18,64.0,15,80.3,19.5,0.554,5.79,0
user_006656,36-45,Buenos Aires,Móvil,Premium,212,15,311.43,70.0,2,13.3,19.0,,,1
user_006657,46-55,Rosario,Desktop,Basic,212,3,193.88,102.0,14,83.0,14.7,,0.42,0
user_006658,26-35,,Móvil,Premium,229,14,243.13,3.0,3,107.9,15.0,0.0,1.83,1
user_006659,26-35,Buenos Aires,Desktop,Basic,179,28,337.38,33.0,7,58.1,15.1,0.556,4.69,0
user_006660,26-35,,Desktop,Basic,3,27,134.08,159.0,13,42.4,15.4,0.618,27.0,0
user_006661,36-45,Buenos Aires,Móvil,Basic,69,31,347.83,64.0,28,87.9,9.0,0.422,13.48,0
user_006662,36-45,Córdoba,Desktop,Free,221,21,424.68,168.0,20,52.4,1.3,0.012,2.85,0
user_006663,56+,Córdoba,Móvil,Premium,220,46,499.49,27.0,0,,13.7,,6.27,0
user_006664,36-45,Buenos Aires,Tablet,Basic,137,48,477.54,56.0,0,4.8,16.4,0.458,,1
user_006665,26-35,Córdoba,Móvil,Premium,269,9,372.8,36.0,17,15.5,4.8,0.059,1.0,0
user_006666,26-35,Otros,Móvil,Premium,214,3,274.68,125.0,27,,15.6,0.454,0.42,1
user_006667,18-25,Otros,Desktop,Free,213,10,485.16,108.0,20,105.0,9.3,,1.41,0
user_006668,26-35,La Plata,Móvil,Basic,103,16,74.05,7.0,12,18.9,17.0,,4.66,0
user_006669,36-45,La Plata,Tablet,Premium,132,48,285.0,89.0,6,93.6,9.2,0.795,10.91,1
user_006670,18-25,Buenos Aires,Desktop,Free,289,33,40.45,2.0,5,114.5,2.9,0.466,,0
user_006671,26-35,La Plata,,Free,306,19,210.96,38.0,6,72.1,15.5,0.881,1.86,0
user_006672,18-25,Córdoba,Móvil,Free,210,48,47.96,128.0,6,100.8,13.7,0.067,,0
user_006673,26-35,Buenos Aires,Móvil,Free,142,17,273.02,141.0,25,92.6,17.8,0.771,,1
user_006674,26-35,Buenos Aires,Tablet,Premium,131,45,327.03,72.0,24,61.7,8.4,,,1
user_006675,18-25,Rosario,Móvil,Basic,132,25,399.6,122.0,26,31.9,3.6,0.421,5.68,1
user_006676,26-35,La Plata,Móvil,Free,323,18,181.31,130.0,10,3.7,11.3,,1.67,0
user_006677,56+,Rosario,Móvil,,74,10,195.44,149.0,21,5.7,13.7,,4.05,0
user_006678,36-45,Córdoba,Móvil,Premium,57,35,380.75,63.0,9,1.0,5.0,0.036,,0
user_006679,18-25,,Desktop,Premium,19,34,468.96,118.0,5,97.5,12.3,0.048,34.0,0
user_006680,26-35,Rosario,Móvil,Premium,232,40,256.91,43.0,21,6.2,5.8,,5.17,1
user_006681,46-55,Buenos Aires,Desktop,Free,22,40,382.38,120.0,9,,7.2,0.492,40.0,0
user_006682,26-35,Buenos Aires,Desktop,Free,104,20,110.39,41.0,29,96.6,5.6,,5.77,0
user_006683,18-25,Rosario,Móvil,Free,347,40,261.81,41.0,4,48.3,19.3,,3.46,1
user_006684,18-25,Rosario,Móvil,Basic,150,18,250.42,83.0,12,17.4,9.5,0.543,3.6,1
user_006685,26-35,Otros,Móvil,Free,239,34,467.96,164.0,22,76.5,6.6,0.308,4.27,0
user_006686,,Buenos Aires,Móvil,Free,166,12,474.74,125.0,3,97.8,9.2,0.644,2.17,0
user_006687,18-25,La Plata,Móvil,Free,336,34,371.2,152.0,12,44.6,1.8,0.362,3.04,1
user_006688,18-25,Buenos Aires,Móvil,Free,352,5,156.4,8.0,15,55.0,17.0,0.856,0.43,0
user_006689,36-45,Buenos Aires,Móvil,Free,324,50,409.61,48.0,14,12.9,5.4,,4.63,1
user_006690,36-45,Mendoza,Móvil,Premium,63,39,59.96,139.0,27,6.1,9.5,0.868,18.57,1
user_006691,36-45,Mendoza,Móvil,Premium,22,40,303.51,173.0,19,21.7,12.2,0.676,,0
user_006692,46-55,Córdoba,Tablet,Enterprise,305,27,400.97,58.0,17,104.5,6.0,,2.66,0
user_006693,26-35,Córdoba,Móvil,Free,97,25,68.35,166.0,20,7.2,11.1,0.022,7.73,0
user_006694,26-35,Otros,Desktop,Premium,359,48,315.53,167.0,15,64.6,8.7,0.952,,1
user_006695,36-45,La Plata,Móvil,Basic,316,28,19.95,77.0,30,79.1,1.4,0.506,2.66,1
user_006696,56+,Córdoba,Móvil,Basic,163,18,193.82,34.0,21,116.5,1.8,0.448,3.31,1
user_006697,26-35,Buenos Aires,Móvil,Basic,131,15,471.78,139.0,23,26.8,14.1,0.57,3.44,0
user_006698,18-25,Córdoba,Móvil,Basic,359,28,42.36,150.0,4,44.0,7.2,0.103,2.34,0
user_006699,26-35,La Plata,Móvil,Free,326,11,272.96,116.0,10,101.8,8.7,0.201,1.01,1
user_006700,18-25,Buenos Aires,Móvil,Basic,10,24,11.19,46.0,14,73.8,14.0,0.997,24.0,0
user_006701,26-35,Buenos Aires,Desktop,Premium,327,42,189.5,154.0,27,10.9,5.4,,3.85,1
user_006702,36-45,Buenos Aires,Móvil,Free,213,21,112.95,146.0,6,14.2,10.0,0.721,2.96,0
user_006703,18-25,Córdoba,Móvil,Free,292,23,370.53,122.0,24,118.3,11.7,0.09,2.36,0
user_006704,26-35,Rosario,Desktop,Basic,264,38,177.39,113.0,19,18.3,11.3,0.39,,0
user_006705,36-45,Córdoba,,Free,242,4,251.18,162.0,27,114.2,12.6,,0.5,0
user_006706,18-25,Buenos Aires,Móvil,Free,331,3,274.0,54.0,8,80.2,2.8,0.733,0.27,1
user_006707,18-25,Córdoba,Tablet,Free,284,33,376.42,43.0,18,12.2,7.6,0.88,3.49,1
user_006708,18-25,Rosario,Tablet,Free,126,15,112.56,,4,39.2,14.3,0.654,3.57,0
user_006709,18-25,Otros,Móvil,Premium,215,47,308.78,,1,118.7,10.8,0.651,6.56,0
user_006710,46-55,Buenos Aires,Desktop,Premium,309,37,283.06,169.0,19,,14.9,,3.59,1
user_006711,36-45,Buenos Aires,Desktop,Basic,89,15,466.85,54.0,12,70.6,8.1,0.738,5.06,0
user_006712,26-35,Córdoba,Móvil,Premium,343,13,151.44,54.0,11,51.5,17.9,0.592,1.14,0
user_006713,26-35,La Plata,Móvil,Basic,329,26,56.81,70.0,11,,4.7,0.489,2.37,1
user_006714,18-25,Córdoba,Móvil,Free,346,14,407.59,2.0,0,48.1,6.6,,1.21,0
user_006715,18-25,Rosario,Móvil,Basic,316,24,403.2,175.0,29,95.0,15.5,0.387,2.28,0
user_006716,46-55,Córdoba,Móvil,Basic,87,18,463.62,51.0,14,64.1,10.5,0.037,,0
user_006717,36-45,Rosario,Tablet,Basic,77,22,86.71,2.0,24,30.0,5.0,,8.57,1
user_006718,46-55,Buenos Aires,Móvil,Basic,42,3,395.92,29.0,22,20.3,6.1,,2.14,0
user_006719,36-45,Córdoba,Móvil,Premium,311,9,78.14,42.0,27,11.0,19.8,0.076,0.87,0
user_006720,36-45,La Plata,Móvil,Basic,343,36,178.34,12.0,12,49.5,8.1,0.788,,1
user_006721,26-35,La Plata,Desktop,Premium,250,1,278.76,25.0,9,81.4,3.4,0.643,0.12,0
user_006722,26-35,Córdoba,Móvil,Premium,83,30,372.02,67.0,15,87.1,18.6,,10.84,0
user_006723,36-45,Buenos Aires,Móvil,Premium,23,16,333.75,165.0,17,70.0,8.6,,16.0,1
user_006724,26-35,Buenos Aires,Móvil,Free,304,44,214.86,173.0,17,56.3,15.2,0.073,4.34,0
user_006725,56+,Buenos Aires,Desktop,Basic,301,48,432.84,76.0,3,76.5,19.9,0.825,4.78,0
user_006726,26-35,Otros,Móvil,Free,144,19,163.81,119.0,24,106.1,17.9,0.645,,1
user_006727,56+,Otros,Tablet,Basic,103,40,415.77,62.0,26,17.2,6.7,0.72,11.65,1
user_006728,26-35,Otros,Tablet,Enterprise,264,5,436.16,32.0,28,,18.2,0.924,0.57,1
user_006729,18-25,Buenos Aires,Desktop,Basic,1,23,95.02,6.0,10,51.9,8.9,0.333,23.0,0
user_006730,36-45,Mendoza,Móvil,Premium,71,41,41.52,118.0,24,33.4,8.1,0.394,17.32,1
user_006731,36-45,Córdoba,Móvil,Free,42,33,227.48,100.0,2,97.0,12.8,0.979,,0
user_006732,46-55,Buenos Aires,Móvil,Enterprise,154,50,67.08,33.0,20,5.7,10.5,,9.74,1
user_006733,56+,Rosario,Móvil,Basic,276,41,364.93,10.0,23,80.5,20.0,,4.46,1
user_006734,18-25,Buenos Aires,Móvil,Premium,53,10,165.25,69.0,27,17.8,1.4,0.923,5.66,1
user_006735,26-35,La Plata,Móvil,Free,172,33,487.09,12.0,5,43.1,8.7,0.232,5.76,1
user_006736,56+,Buenos Aires,Desktop,Basic,105,37,36.02,155.0,14,18.7,9.4,0.172,10.57,0
user_006737,26-35,La Plata,Móvil,Basic,109,30,140.7,65.0,23,102.9,10.9,0.165,8.26,0
user_006738,,Buenos Aires,Desktop,Free,273,9,210.2,1.0,12,41.3,9.2,,0.99,0
user_006739,36-45,Rosario,Móvil,Free,4,11,411.52,78.0,3,98.3,19.0,,11.0,0
user_006740,26-35,Mendoza,Móvil,Premium,46,16,92.57,137.0,15,61.8,12.3,0.327,10.43,1
user_006741,36-45,La Plata,Desktop,Basic,74,7,451.8,91.0,9,111.5,12.9,,2.84,0
user_006742,26-35,Córdoba,,Premium,122,34,496.5,35.0,11,58.8,16.0,0.348,8.36,0
user_006743,56+,Buenos Aires,Tablet,Basic,193,32,122.4,68.0,6,118.7,12.3,0.594,4.97,1
user_006744,26-35,Buenos Aires,Móvil,Premium,189,6,437.37,92.0,21,30.6,7.2,,0.95,0
user_006745,46-55,Córdoba,Móvil,Premium,171,42,256.56,11.0,13,60.4,12.5,0.493,,0
user_006746,26-35,Buenos Aires,Desktop,Basic,277,29,375.21,170.0,13,46.0,18.4,0.474,3.14,1
user_006747,36-45,La Plata,Móvil,Premium,134,43,32.37,116.0,22,42.7,8.2,0.957,9.63,1
user_006748,36-45,Mendoza,Tablet,Free,239,30,137.36,170.0,18,44.3,17.9,0.988,3.77,0
user_006749,26-35,Buenos Aires,Desktop,Basic,213,0,372.19,999.0,13,5.3,1.2,0.499,0.0,0
user_006750,36-45,Córdoba,Móvil,Free,30,17,267.84,21.0,10,86.7,7.1,,17.0,0
user_006751,36-45,La Plata,Móvil,Free,123,40,135.83,100.0,19,111.1,5.7,0.71,9.76,0
user_006752,18-25,Otros,Móvil,Basic,329,1,122.18,168.0,6,98.6,15.5,0.087,0.09,1
user_006753,18-25,Buenos Aires,Móvil,Free,332,44,31.22,99.0,16,20.9,14.5,0.081,3.98,1
user_006754,26-35,Córdoba,Desktop,Basic,48,31,19.92,87.0,28,,6.7,0.169,19.38,0
user_006755,,Buenos Aires,Móvil,Free,189,2,40.7,167.0,4,50.8,1.1,,0.32,0
user_006756,56+,Buenos Aires,Desktop,Premium,334,34,283.45,1.0,23,88.0,1.8,0.054,3.05,0
user_006757,18-25,Buenos Aires,Móvil,Basic,208,26,119.46,71.0,11,48.7,7.4,0.635,,0
user_006758,46-55,Mendoza,Móvil,Free,230,9,325.68,153.0,4,16.0,4.2,0.959,,0
user_006759,36-45,Buenos Aires,Móvil,Basic,46,26,451.73,174.0,27,30.6,11.8,0.152,16.96,0
user_006760,56+,Otros,Móvil,Premium,150,12,347.42,120.0,1,15.8,7.5,0.841,2.4,1
user_006761,26-35,Buenos Aires,Móvil,Premium,120,9,67.34,179.0,10,87.5,10.8,0.679,,1
user_006762,46-55,Rosario,Desktop,Basic,101,5,218.91,165.0,18,83.4,9.0,0.729,1.49,1
user_006763,36-45,Córdoba,Tablet,Basic,113,40,205.76,16.0,28,92.3,13.7,0.941,10.62,1
user_006764,36-45,Otros,Desktop,Free,197,29,16.8,72.0,21,2.9,2.8,0.978,,0
user_006765,26-35,Buenos Aires,Tablet,Free,37,10,268.33,107.0,22,10.2,3.3,0.871,,1
user_006766,26-35,Buenos Aires,Móvil,Free,101,1,57.67,22.0,21,73.6,15.1,0.723,,0
user_006767,26-35,Buenos Aires,Desktop,Free,72,8,437.14,60.0,14,2.6,6.7,,3.33,1
user_006768,26-35,Rosario,Móvil,Premium,3,41,333.17,70.0,0,66.4,1.2,0.585,41.0,0
user_006769,36-45,Buenos Aires,Desktop,Free,203,7,325.92,78.0,27,97.5,15.7,0.644,1.03,0
user_006770,18-25,Buenos Aires,Móvil,Basic,147,30,499.17,35.0,21,98.8,3.2,0.542,,1
user_006771,26-35,Rosario,Desktop,Free,109,19,410.34,20.0,1,22.2,8.4,,5.23,1
user_006772,26-35,Buenos Aires,Móvil,Basic,152,41,247.84,114.0,10,103.7,6.5,0.191,8.09,1
user_006773,46-55,Buenos Aires,Desktop,Free,86,36,69.16,8.0,24,60.8,14.2,0.321,,0
user_006774,56+,Buenos Aires,Móvil,Basic,117,27,253.59,38.0,17,,7.7,,6.92,1
user_006775,26-35,La Plata,Móvil,Basic,134,4,32.23,91.0,3,83.5,3.1,,,1
user_006776,36-45,Rosario,Móvil,Basic,285,24,373.9,55.0,8,43.6,10.2,,2.53,1
user_006777,36-45,Buenos Aires,Móvil,Premium,238,18,448.08,150.0,17,9.8,16.6,0.258,,1
user_006778,26-35,Córdoba,Móvil,Premium,175,26,470.13,134.0,0,44.7,14.2,0.302,,0
user_006779,18-25,Buenos Aires,Móvil,Free,316,33,372.94,21.0,25,110.9,13.4,0.024,3.13,0
user_006780,18-25,Buenos Aires,Móvil,Free,264,42,242.66,25.0,14,76.6,11.1,,4.77,1
user_006781,36-45,Mendoza,Móvil,Premium,222,44,257.27,61.0,13,109.7,19.7,0.718,,1
user_006782,46-55,Rosario,Móvil,Basic,344,23,326.24,139.0,5,96.9,2.3,,2.01,0
user_006783,18-25,La Plata,Desktop,Premium,43,30,25.22,142.0,18,14.9,10.8,,20.93,0
user_006784,18-25,Rosario,Desktop,Free,301,0,222.48,999.0,12,51.3,11.2,0.505,0.0,1
user_006785,46-55,Córdoba,Móvil,Basic,226,5,231.43,50.0,29,16.9,1.6,0.85,0.66,1
user_006786,56+,Rosario,Móvil,Free,223,29,149.3,85.0,26,61.7,7.9,,3.9,1
user_006787,36-45,Córdoba,Tablet,Free,300,44,130.41,74.0,4,104.6,2.0,0.812,4.4,0
user_006788,18-25,Buenos Aires,Móvil,Free,357,2,284.02,53.0,22,102.6,14.3,,0.17,1
user_006789,46-55,Córdoba,Móvil,Free,265,11,443.15,166.0,12,109.4,11.8,0.343,1.25,0
user_006790,36-45,Rosario,Móvil,Basic,14,5,189.59,65.0,2,63.3,11.3,0.136,5.0,1
user_006791,18-25,Rosario,Móvil,Free,2,4,432.88,109.0,24,78.5,5.1,0.579,,1
user_006792,26-35,Otros,Móvil,Basic,278,28,417.2,71.0,21,77.7,7.2,0.93,,0
user_006793,18-25,Córdoba,Desktop,Free,283,28,408.29,107.0,13,1.9,9.5,0.698,2.97,1
user_006794,26-35,Rosario,Desktop,Premium,217,2,251.93,26.0,7,112.7,8.0,0.573,0.28,1
user_006795,36-45,Otros,Móvil,Basic,286,37,255.18,29.0,2,61.5,9.2,0.678,,0
user_006796,26-35,Buenos Aires,Tablet,Premium,364,41,90.72,35.0,11,93.6,6.1,0.513,3.38,0
user_006797,46-55,Buenos Aires,Móvil,Basic,60,24,360.81,87.0,0,,7.0,0.063,12.0,0
user_006798,26-35,Buenos Aires,Móvil,Free,229,20,336.08,137.0,11,89.3,20.0,0.079,2.62,0
user_006799,46-55,Otros,Móvil,,209,23,431.82,2.0,21,36.2,18.4,,3.3,1
user_006800,26-35,Buenos Aires,Móvil,Free,255,9,382.46,143.0,0,78.9,14.4,0.421,,0
user_006801,36-45,Rosario,Desktop,Enterprise,278,18,389.65,6.0,26,39.4,12.3,0.692,,1
user_006802,36-45,Rosario,Móvil,Free,40,22,89.89,25.0,16,66.5,9.6,0.864,16.5,0
user_006803,18-25,La Plata,Móvil,Basic,322,12,495.99,41.0,26,,19.0,0.425,1.12,0
user_006804,46-55,Rosario,Móvil,Enterprise,36,42,282.32,140.0,26,101.9,16.7,0.354,,1
user_006805,36-45,Buenos Aires,Móvil,Free,128,33,206.11,137.0,5,76.7,11.6,0.791,7.73,0
user_006806,18-25,Buenos Aires,Móvil,Basic,189,37,130.09,64.0,12,51.3,5.5,0.506,5.87,0
user_006807,56+,Buenos Aires,Desktop,Basic,89,11,368.1,32.0,27,59.6,6.3,0.014,3.71,1
user_006808,46-55,Buenos Aires,Móvil,Premium,324,26,125.37,161.0,3,117.0,16.1,,2.41,1
user_006809,26-35,Córdoba,Móvil,Basic,105,12,432.03,175.0,25,105.5,5.3,0.833,3.43,0
user_006810,46-55,Buenos Aires,Móvil,Free,314,25,199.21,101.0,8,66.2,9.2,0.828,,1
user_006811,18-25,Buenos Aires,Móvil,Premium,51,28,331.52,26.0,14,80.0,15.0,0.274,16.47,1
user_006812,56+,Otros,Desktop,Free,21,28,440.09,1.0,29,68.1,2.4,0.003,28.0,1
user_006813,,La Plata,Tablet,Free,155,44,179.15,158.0,19,59.2,17.7,0.477,8.52,1
user_006814,46-55,Córdoba,Tablet,Free,285,50,48.68,99.0,5,39.1,7.5,,5.26,1
user_006815,26-35,Rosario,Móvil,Basic,181,47,341.27,128.0,26,,18.7,0.495,7.79,0
user_006816,36-45,,Móvil,Free,201,34,303.21,143.0,6,102.2,13.7,0.017,5.07,0
user_006817,36-45,Buenos Aires,Desktop,Premium,209,10,253.62,174.0,7,48.3,6.3,0.405,1.44,1
user_006818,26-35,Buenos Aires,Desktop,Free,6,8,408.94,44.0,6,82.3,10.5,0.345,8.0,1
user_006819,56+,Buenos Aires,Móvil,,265,3,68.32,44.0,13,98.3,1.2,0.297,0.34,0
user_006820,36-45,Rosario,Móvil,Premium,168,12,289.52,141.0,24,32.6,12.4,0.99,2.14,0
user_006821,36-45,La Plata,Tablet,Basic,1,5,148.83,66.0,11,3.0,16.0,0.179,,0
user_006822,18-25,Buenos Aires,Móvil,Basic,265,46,287.5,28.0,24,31.4,4.0,0.264,5.21,1
user_006823,26-35,Rosario,Móvil,Basic,17,20,156.9,173.0,17,18.9,10.2,0.217,20.0,0
user_006824,18-25,Buenos Aires,Móvil,Premium,6,12,308.51,68.0,5,32.7,11.0,,12.0,1
user_006825,26-35,Rosario,Móvil,Free,356,25,251.19,134.0,22,59.8,8.6,0.126,,1
user_006826,36-45,Buenos Aires,Móvil,Premium,350,40,464.22,7.0,21,69.8,9.9,0.231,3.43,1
user_006827,18-25,La Plata,Desktop,Premium,201,31,22.11,36.0,22,114.2,13.9,0.158,,0
user_006828,18-25,Córdoba,Desktop,Premium,88,28,250.68,31.0,30,58.1,5.6,0.406,9.55,1
user_006829,26-35,Mendoza,Desktop,Free,54,25,67.06,134.0,27,,12.7,0.409,,0
user_006830,18-25,Rosario,Desktop,Enterprise,281,26,295.83,150.0,10,53.5,10.0,,2.78,1
user_006831,18-25,Rosario,Móvil,Free,259,19,133.23,82.0,17,71.7,11.4,0.941,2.2,0
user_006832,46-55,,Desktop,Basic,117,20,453.54,137.0,23,25.8,14.0,0.192,,0
user_006833,56+,La Plata,Desktop,Basic,316,1,375.38,33.0,29,102.0,7.2,0.492,0.09,0
user_006834,56+,Otros,Móvil,Enterprise,39,44,211.12,25.0,27,,14.4,0.142,33.85,0
user_006835,36-45,Córdoba,Tablet,Enterprise,125,0,300.79,999.0,26,16.3,17.5,0.521,0.0,0
user_006836,26-35,Buenos Aires,Móvil,Enterprise,308,35,279.16,94.0,15,94.6,2.2,0.373,3.41,1
user_006837,56+,Córdoba,Móvil,Basic,56,10,325.63,167.0,7,,1.2,0.671,5.36,1
user_006838,46-55,Córdoba,Móvil,Premium,157,8,324.83,113.0,23,99.4,5.0,0.745,1.53,0
user_006839,46-55,Córdoba,Móvil,Free,76,4,109.64,72.0,2,100.6,11.4,0.209,1.58,0
user_006840,56+,Buenos Aires,Móvil,Basic,65,24,247.92,86.0,1,82.3,4.3,0.694,11.08,0
user_006841,46-55,Buenos Aires,Desktop,Basic,360,14,20.82,151.0,4,32.3,13.8,0.848,1.17,0
user_006842,56+,Otros,Móvil,Free,222,35,489.61,164.0,26,26.8,9.0,0.147,4.73,0
user_006843,36-45,Rosario,Desktop,Basic,123,6,142.59,123.0,7,88.2,15.1,0.14,,1
user_006844,56+,Buenos Aires,Móvil,Premium,277,34,346.29,157.0,0,,7.9,0.908,3.68,1
user_006845,46-55,Rosario,Tablet,Basic,128,26,74.93,4.0,13,,9.0,0.245,6.09,0
user_006846,26-35,Córdoba,Móvil,Premium,225,10,131.93,150.0,16,92.1,4.5,0.645,1.33,1
user_006847,46-55,Otros,Móvil,Free,334,25,360.6,102.0,11,106.5,7.9,,2.25,0
user_006848,26-35,Otros,Desktop,Free,114,18,112.48,175.0,13,47.8,9.0,0.438,4.74,1
user_006849,36-45,Rosario,Desktop,Premium,96,41,13.81,61.0,11,3.3,8.3,0.778,12.81,0
user_006850,36-45,La Plata,Móvil,Free,341,50,481.19,89.0,1,75.3,8.5,0.246,4.4,0
user_006851,46-55,Córdoba,Desktop,Free,133,38,336.08,51.0,26,110.1,14.2,0.641,8.57,1
user_006852,46-55,,Desktop,Basic,246,7,307.95,162.0,10,83.3,18.1,0.236,0.85,0
user_006853,26-35,Buenos Aires,Móvil,Basic,235,11,129.9,56.0,1,52.9,12.5,0.934,1.4,1
user_006854,36-45,Rosario,Móvil,Enterprise,138,25,68.45,129.0,26,57.7,11.2,0.048,5.43,0
user_006855,,Córdoba,Desktop,Basic,37,24,330.75,145.0,30,24.9,13.3,0.055,,0
user_006856,26-35,Mendoza,Móvil,Free,191,28,407.19,33.0,1,112.4,13.4,0.878,4.4,1
user_006857,56+,Buenos Aires,Móvil,Premium,103,42,41.07,112.0,27,41.8,19.9,,,1
user_006858,56+,La Plata,Desktop,Free,80,14,212.3,136.0,18,106.7,17.0,0.083,5.25,0
user_006859,26-35,Otros,Tablet,Premium,129,32,317.19,122.0,22,116.4,1.2,0.865,7.44,0
user_006860,18-25,Córdoba,Tablet,Basic,177,25,32.19,83.0,29,30.7,6.0,,4.24,1
user_006861,56+,Buenos Aires,Móvil,Free,307,8,45.0,6.0,20,105.9,18.7,0.149,0.78,1
user_006862,46-55,Rosario,Móvil,Free,95,38,368.07,124.0,29,21.7,9.0,,12.0,0
user_006863,18-25,Otros,Desktop,Free,76,0,84.91,999.0,6,21.3,14.2,0.163,0.0,1
user_006864,26-35,Buenos Aires,,Free,293,6,246.78,77.0,23,,1.8,0.401,,1
user_006865,36-45,Córdoba,Móvil,Basic,62,27,308.47,162.0,27,115.9,12.2,,,1
user_006866,26-35,Rosario,Desktop,Free,276,50,412.14,80.0,1,81.0,11.6,,5.43,1
user_006867,56+,Mendoza,Desktop,Premium,40,39,74.88,141.0,5,98.6,12.8,,29.25,0
user_006868,26-35,Córdoba,Desktop,Basic,196,20,120.57,68.0,1,9.9,4.5,0.542,,0
user_006869,18-25,Otros,Tablet,Free,52,18,107.16,165.0,0,,18.8,0.956,10.38,0
user_006870,18-25,Otros,Móvil,Premium,249,34,445.77,45.0,14,73.4,8.4,0.94,,1
user_006871,26-35,Buenos Aires,Desktop,Premium,210,17,67.86,34.0,7,52.9,18.8,0.072,2.43,0
user_006872,46-55,Buenos Aires,Móvil,Basic,272,43,280.52,152.0,21,,14.0,0.192,4.74,0
user_006873,36-45,,Móvil,Premium,5,16,184.26,37.0,8,18.3,19.8,0.354,,1
user_006874,36-45,Buenos Aires,Desktop,Basic,154,0,326.04,999.0,24,46.1,3.2,0.12,0.0,0
user_006875,36-45,Córdoba,Móvil,Basic,11,42,408.51,86.0,9,86.4,1.5,,42.0,0
user_006876,46-55,Buenos Aires,Móvil,Premium,278,27,387.3,143.0,17,95.6,12.1,0.103,,1
user_006877,36-45,La Plata,Desktop,Basic,121,45,88.3,48.0,20,3.5,13.9,0.232,11.16,1
user_006878,56+,Buenos Aires,Móvil,Free,272,37,15.81,22.0,3,8.3,1.9,0.567,4.08,1
user_006879,46-55,La Plata,Móvil,Enterprise,277,0,106.68,999.0,30,65.7,18.5,,0.0,1
user_006880,26-35,La Plata,Móvil,Basic,312,10,218.47,73.0,1,96.1,17.6,,0.96,1
user_006881,36-45,La Plata,Móvil,,275,23,190.47,56.0,16,58.4,11.8,0.951,2.51,0
user_006882,26-35,Buenos Aires,Tablet,Free,320,45,374.74,13.0,11,66.3,4.8,0.138,4.22,1
user_006883,26-35,Buenos Aires,Móvil,Basic,99,30,171.39,65.0,25,73.6,5.1,,9.09,1
user_006884,56+,Otros,,Free,288,31,98.87,65.0,16,32.8,4.5,0.024,3.23,0
user_006885,18-25,Buenos Aires,Móvil,Premium,51,6,477.56,17.0,13,77.3,12.5,0.727,3.53,1
user_006886,26-35,Buenos Aires,Desktop,Free,145,17,63.55,157.0,6,,1.6,,,1
user_006887,26-35,La Plata,Móvil,Premium,359,31,148.9,91.0,3,114.9,15.4,0.975,,1
user_006888,46-55,Otros,Móvil,Free,303,34,323.08,28.0,11,11.0,6.3,0.734,3.37,0
user_006889,36-45,La Plata,Móvil,Free,242,37,455.85,162.0,18,68.7,14.6,0.659,4.59,0
user_006890,46-55,Buenos Aires,Desktop,Free,194,19,327.71,25.0,16,91.1,9.1,0.724,,0
user_006891,26-35,La Plata,Móvil,Free,270,16,124.63,74.0,21,,2.6,,1.78,1
user_006892,36-45,Mendoza,Móvil,,22,9,300.46,78.0,8,87.3,15.0,0.335,9.0,0
user_006893,26-35,,Móvil,Free,202,35,99.25,5.0,0,103.4,17.4,0.391,5.2,1
user_006894,26-35,La Plata,Móvil,Free,294,49,389.96,76.0,27,57.2,19.3,0.64,5.0,1
user_006895,36-45,La Plata,Tablet,Basic,113,43,433.63,133.0,13,60.3,6.5,0.232,11.42,0
user_006896,36-45,Otros,Desktop,Premium,0,33,403.08,39.0,10,91.2,11.6,,33.0,1
user_006897,36-45,Rosario,Móvil,Free,73,46,167.67,142.0,0,104.9,14.4,0.785,18.9,0
user_006898,,Buenos Aires,Móvil,Enterprise,252,12,46.17,91.0,27,16.4,6.8,0.506,1.43,0
user_006899,26-35,Buenos Aires,Móvil,Free,27,4,307.16,47.0,29,,8.8,0.079,4.0,0
user_006900,56+,Mendoza,Desktop,Free,65,23,231.41,109.0,20,44.7,4.5,0.92,10.62,0
user_006901,26-35,Córdoba,Desktop,Basic,29,46,139.09,102.0,28,83.6,3.3,0.0,46.0,1
user_006902,46-55,Córdoba,Desktop,Premium,307,22,159.11,139.0,30,111.8,3.2,0.968,2.15,1
user_006903,,Córdoba,Móvil,Free,197,40,378.09,137.0,29,3.1,16.9,0.015,6.09,1
user_006904,18-25,Buenos Aires,Móvil,Enterprise,14,29,273.22,15.0,7,75.6,3.0,0.753,29.0,0
user_006905,56+,Rosario,Desktop,Premium,320,44,233.43,11.0,1,24.5,16.6,0.98,4.12,0
user_006906,26-35,Buenos Aires,Desktop,Basic,361,33,283.19,89.0,18,33.5,18.0,0.337,2.74,1
user_006907,26-35,Rosario,Móvil,Free,334,45,300.02,27.0,10,22.1,17.8,0.18,4.04,0
user_006908,26-35,Buenos Aires,Móvil,Free,11,40,61.07,50.0,28,,17.8,0.391,40.0,0
user_006909,46-55,Mendoza,Móvil,Free,223,1,421.11,1.0,0,37.6,7.7,0.649,,0
user_006910,36-45,Buenos Aires,Móvil,Premium,343,39,195.58,136.0,30,90.1,14.0,0.548,3.41,0
user_006911,18-25,Buenos Aires,Móvil,Basic,248,26,252.78,138.0,8,,6.0,0.066,,0
user_006912,18-25,Rosario,Móvil,Premium,289,24,82.42,36.0,20,14.2,11.3,0.584,2.49,1
user_006913,56+,Córdoba,Móvil,Free,301,0,379.87,999.0,28,26.2,11.8,0.159,0.0,0
user_006914,26-35,Buenos Aires,Desktop,Premium,307,32,131.38,149.0,22,67.4,3.1,0.115,3.13,0
user_006915,36-45,La Plata,Tablet,Free,194,43,137.88,71.0,28,19.1,17.9,0.397,,0
user_006916,18-25,Córdoba,Móvil,Premium,8,44,92.65,31.0,14,13.3,5.7,0.187,,1
user_006917,56+,Otros,Desktop,Premium,59,0,314.24,999.0,8,28.3,8.2,0.511,,0
user_006918,56+,Rosario,Móvil,Free,89,1,202.19,104.0,11,103.3,8.5,0.578,,1
user_006919,36-45,Mendoza,Desktop,Free,355,43,245.68,164.0,10,50.4,17.7,0.449,3.63,0
user_006920,26-35,Buenos Aires,Móvil,Free,324,17,424.39,69.0,7,98.7,14.2,,1.57,0
user_006921,18-25,Buenos Aires,Desktop,Free,208,47,411.75,154.0,11,34.9,2.9,0.569,,1
user_006922,,Otros,Desktop,Free,309,9,268.74,37.0,10,110.5,16.2,0.642,0.87,1
user_006923,26-35,Buenos Aires,Móvil,Free,60,25,374.74,107.0,4,44.7,16.9,0.468,12.5,0
user_006924,26-35,Otros,Desktop,Free,292,22,304.32,131.0,9,79.5,4.9,0.015,2.26,0
user_006925,26-35,Rosario,Móvil,Premium,229,18,468.75,128.0,26,78.6,4.3,0.606,2.36,1
user_006926,,Rosario,Móvil,Enterprise,123,29,261.18,132.0,22,,19.7,,7.07,1
user_006927,36-45,Buenos Aires,Desktop,Basic,331,5,472.84,155.0,1,101.6,9.0,0.606,0.45,1
user_006928,26-35,Buenos Aires,Móvil,Free,210,12,28.32,86.0,28,58.9,17.1,0.791,1.71,1
user_006929,26-35,Mendoza,Móvil,Basic,79,18,257.92,166.0,29,,15.7,0.074,6.84,1
user_006930,46-55,La Plata,Móvil,Basic,142,31,136.79,33.0,3,33.9,7.4,0.739,6.55,0
user_006931,18-25,Buenos Aires,Desktop,Basic,91,18,166.55,100.0,18,,11.7,,5.93,0
user_006932,36-45,Buenos Aires,Móvil,Basic,78,1,245.73,39.0,3,56.9,9.1,0.595,0.38,1
user_006933,36-45,Rosario,Móvil,Basic,39,22,120.68,67.0,8,,15.6,,16.92,0
user_006934,26-35,La Plata,Móvil,Premium,53,50,326.1,158.0,11,74.9,2.0,1.0,,1
user_006935,36-45,Otros,Móvil,Premium,344,15,288.59,124.0,6,39.9,3.2,0.025,1.31,0
user_006936,18-25,La Plata,Móvil,Free,69,5,265.18,177.0,16,101.3,13.7,0.524,2.17,1
user_006937,36-45,La Plata,Desktop,Basic,200,25,194.41,99.0,7,70.4,13.9,0.575,,1
user_006938,36-45,Córdoba,Móvil,Basic,344,40,88.56,24.0,16,71.4,15.7,,,1
user_006939,36-45,Buenos Aires,Móvil,Free,226,33,202.32,115.0,21,105.9,9.6,0.734,4.38,1
user_006940,26-35,Mendoza,Móvil,Basic,205,23,466.66,101.0,16,79.3,11.4,,3.37,0
user_006941,26-35,Rosario,Tablet,Free,115,45,38.24,161.0,6,67.6,14.2,0.363,,1
user_006942,36-45,Córdoba,Móvil,Premium,138,5,132.48,47.0,2,15.0,10.3,0.742,1.09,0
user_006943,46-55,Córdoba,Móvil,Free,68,16,475.76,121.0,18,98.8,13.7,0.199,7.06,1
user_006944,,Córdoba,Móvil,Free,104,42,131.2,95.0,30,16.3,13.7,0.738,12.12,0
user_006945,36-45,Rosario,Móvil,Premium,223,21,123.72,79.0,4,,6.4,0.919,2.83,1
user_006946,46-55,Rosario,Móvil,Basic,242,7,283.59,151.0,28,,18.5,0.624,0.87,1
user_006947,18-25,Rosario,Desktop,Premium,353,2,78.34,138.0,26,11.7,10.6,,0.17,1
user_006948,36-45,Buenos Aires,Móvil,Free,80,1,120.33,138.0,10,61.5,6.1,,0.38,0
user_006949,46-55,Córdoba,Móvil,Free,304,37,269.29,49.0,13,84.1,5.1,,3.65,1
user_006950,,Rosario,Móvil,Free,91,30,220.72,32.0,8,16.3,2.0,0.258,9.89,0
user_006951,26-35,Rosario,,Basic,195,3,401.03,39.0,15,,12.3,0.623,0.46,1
user_006952,26-35,Rosario,Móvil,Premium,74,3,400.42,30.0,22,62.4,16.6,0.578,1.22,0
user_006953,26-35,Buenos Aires,Tablet,Enterprise,276,36,121.89,180.0,20,46.4,5.8,,3.91,0
user_006954,,Otros,Móvil,Premium,153,47,97.65,87.0,24,84.8,18.9,0.025,9.22,1
user_006955,36-45,Otros,Móvil,Free,213,17,67.58,99.0,1,58.2,17.9,0.522,2.39,1
user_006956,26-35,Rosario,Desktop,Premium,164,49,309.06,153.0,11,23.3,12.1,,8.96,0
user_006957,36-45,Buenos Aires,Móvil,Basic,173,16,61.41,76.0,24,95.6,17.6,0.626,2.77,1
user_006958,26-35,Buenos Aires,Desktop,Basic,254,5,96.71,7.0,5,70.0,6.8,0.829,0.59,1
user_006959,56+,Buenos Aires,Móvil,Basic,233,32,37.79,85.0,11,,4.2,0.347,4.12,0
user_006960,18-25,Córdoba,Móvil,Free,205,26,318.58,4.0,14,45.3,1.7,,3.8,1
user_006961,26-35,Córdoba,Desktop,Premium,167,33,476.54,134.0,0,52.0,16.2,,5.93,1
user_006962,36-45,Otros,Móvil,Basic,264,40,365.96,173.0,2,82.5,19.9,0.151,4.55,0
user_006963,56+,Rosario,Móvil,Free,192,6,103.28,152.0,24,73.1,10.6,0.098,0.94,1
user_006964,18-25,Buenos Aires,Desktop,Basic,5,30,429.37,4.0,8,27.3,4.9,0.355,30.0,1
user_006965,26-35,Córdoba,Móvil,Enterprise,10,32,379.72,45.0,16,73.6,12.6,0.679,32.0,0
user_006966,18-25,Córdoba,Móvil,Basic,307,4,66.68,136.0,0,,2.7,0.436,0.39,1
user_006967,46-55,Mendoza,Móvil,Basic,15,41,482.57,154.0,3,86.2,4.0,0.111,,0
user_006968,18-25,Buenos Aires,Desktop,Enterprise,118,6,394.1,23.0,10,98.1,6.4,0.908,,1
user_006969,18-25,Buenos Aires,Tablet,Premium,262,3,39.72,117.0,1,40.1,4.9,,0.34,1
user_006970,36-45,Córdoba,Móvil,Basic,297,33,211.06,50.0,1,14.2,10.4,0.177,3.33,0
user_006971,36-45,Buenos Aires,Desktop,Premium,338,30,342.23,94.0,7,56.9,8.1,0.646,2.66,1
user_006972,46-55,Córdoba,Móvil,Premium,49,3,357.3,154.0,4,,15.7,0.307,1.84,1
user_006973,36-45,Córdoba,Móvil,Premium,135,13,30.46,57.0,10,7.1,19.2,0.444,2.89,0
user_006974,18-25,Buenos Aires,Móvil,Free,164,3,112.21,71.0,21,53.2,16.4,0.007,0.55,1
user_006975,36-45,La Plata,Desktop,Basic,151,49,46.45,119.0,7,52.3,16.8,0.854,9.74,1
user_006976,26-35,Buenos Aires,Tablet,Free,289,1,315.35,90.0,26,112.9,9.8,0.663,0.1,0
user_006977,18-25,Buenos Aires,Desktop,Free,238,34,48.11,51.0,30,35.4,3.2,0.021,,0
user_006978,18-25,Mendoza,Desktop,Enterprise,192,21,327.06,116.0,30,,9.2,0.856,3.28,0
user_006979,36-45,Buenos Aires,Móvil,Free,203,44,89.51,127.0,6,108.4,11.7,0.799,6.5,1
user_006980,,Buenos Aires,Móvil,Free,29,33,460.34,1.0,27,95.0,7.3,0.381,33.0,0
user_006981,36-45,Buenos Aires,Móvil,Basic,279,26,360.85,63.0,23,41.3,1.0,0.31,,1
user_006982,36-45,Otros,Móvil,Premium,26,20,393.27,45.0,10,118.4,10.8,0.446,20.0,1
user_006983,46-55,Buenos Aires,Móvil,Free,11,13,181.47,122.0,25,17.9,12.0,0.821,,0
user_006984,36-45,Buenos Aires,Móvil,Free,59,29,466.39,44.0,17,22.2,2.8,0.439,14.75,1
user_006985,56+,Buenos Aires,Desktop,Basic,161,41,278.79,15.0,1,94.3,10.9,0.074,7.64,0
user_006986,18-25,,Móvil,Free,15,3,432.45,16.0,5,18.2,3.0,0.137,3.0,0
user_006987,56+,Mendoza,Desktop,Basic,89,9,125.84,117.0,25,38.1,17.4,0.285,3.03,0
user_006988,56+,La Plata,Desktop,Basic,73,32,17.6,32.0,5,41.0,1.9,0.105,,1
user_006989,36-45,Mendoza,Desktop,Basic,174,5,115.48,178.0,8,22.6,16.7,0.304,0.86,1
user_006990,,Córdoba,Móvil,Free,325,7,39.84,68.0,12,96.0,7.5,,0.65,0
user_006991,18-25,Buenos Aires,Móvil,Free,76,18,367.19,124.0,23,80.8,13.7,0.811,,1
user_006992,36-45,Buenos Aires,Desktop,Free,310,0,180.17,999.0,2,28.5,15.7,0.914,0.0,1
user_006993,18-25,Rosario,Desktop,Premium,109,42,191.69,80.0,25,31.6,14.2,,11.56,1
user_006994,26-35,Córdoba,Móvil,Basic,204,20,188.87,89.0,26,44.4,3.8,0.069,2.94,0
user_006995,36-45,Rosario,Móvil,Free,364,50,417.59,144.0,5,21.5,18.7,0.672,,0
user_006996,26-35,Buenos Aires,Móvil,Free,217,18,281.31,90.0,8,95.5,14.6,0.592,,1
user_006997,18-25,Buenos Aires,Móvil,Free,133,21,333.69,12.0,4,30.7,15.9,0.609,4.74,0
user_006998,26-35,Buenos Aires,Tablet,Basic,32,49,273.92,40.0,17,48.2,2.5,0.507,45.94,1
user_006999,26-35,Buenos Aires,Móvil,Free,103,36,323.01,56.0,25,34.6,1.2,,10.49,1
user_007000,36-45,Mendoza,Móvil,Premium,246,12,34.99,28.0,25,9.3,3.6,0.947,1.46,0
user_007001,,Rosario,Móvil,Basic,239,27,214.17,103.0,15,24.9,19.9,0.735,3.39,1
user_007002,46-55,Rosario,Tablet,Enterprise,302,5,99.61,20.0,19,2.7,4.7,0.912,,0
user_007003,56+,Buenos Aires,Móvil,Basic,29,17,381.85,105.0,25,107.3,6.8,0.733,,0
user_007004,36-45,La Plata,Desktop,Premium,234,16,158.22,165.0,2,,1.3,0.443,2.05,1
user_007005,36-45,Buenos Aires,Móvil,Basic,50,2,122.36,104.0,24,106.7,12.9,0.865,1.2,1
user_007006,36-45,Rosario,Móvil,,317,43,417.05,70.0,29,51.9,15.4,0.979,4.07,1
user_007007,26-35,Rosario,Móvil,Free,160,19,28.86,16.0,30,37.6,5.9,0.63,3.56,1
user_007008,,Rosario,Tablet,Free,117,31,478.43,56.0,10,,7.3,,7.95,1
user_007009,18-25,Buenos Aires,Móvil,Premium,228,28,462.79,9.0,24,1.2,13.5,0.566,3.68,0
user_007010,18-25,Buenos Aires,Desktop,Basic,284,0,477.43,999.0,29,3.8,8.9,0.71,0.0,0
user_007011,36-45,Buenos Aires,Móvil,Premium,0,48,70.6,114.0,19,100.8,11.2,0.568,48.0,0
user_007012,36-45,Buenos Aires,Móvil,Free,262,37,125.15,,24,77.3,16.7,0.511,4.24,1
user_007013,36-45,Rosario,Desktop,Free,255,1,309.27,180.0,9,,7.1,,,0
user_007014,18-25,Buenos Aires,Móvil,Premium,90,1,223.56,99.0,18,12.7,14.5,0.764,0.33,1
user_007015,26-35,Otros,Móvil,Basic,195,29,489.86,150.0,12,58.2,1.1,,,0
user_007016,36-45,La Plata,Móvil,Free,95,30,128.89,40.0,12,65.1,7.2,0.952,,1
user_007017,26-35,Mendoza,Móvil,Premium,36,47,73.09,151.0,9,8.5,16.5,,,1
user_007018,46-55,Buenos Aires,Móvil,Enterprise,148,23,72.09,81.0,13,55.5,14.4,,4.66,1
user_007019,36-45,Buenos Aires,Tablet,Free,53,7,456.09,108.0,21,90.1,8.2,0.896,3.96,0
user_007020,56+,Buenos Aires,Móvil,Basic,321,20,80.84,77.0,4,51.5,17.0,0.602,1.87,0
user_007021,26-35,Otros,Desktop,Basic,47,28,211.47,109.0,19,94.6,16.5,0.051,,1
user_007022,36-45,Córdoba,Tablet,Basic,126,0,138.13,999.0,24,30.0,12.2,0.709,0.0,0
user_007023,26-35,Buenos Aires,Tablet,Enterprise,148,30,30.9,141.0,7,37.3,1.1,0.07,6.08,1
user_007024,18-25,,Desktop,Premium,314,3,44.09,56.0,0,111.8,13.5,0.508,0.29,0
user_007025,56+,Córdoba,Desktop,Enterprise,52,24,16.7,180.0,19,35.5,5.4,0.152,13.85,0
user_007026,56+,Otros,Móvil,Premium,304,8,106.4,163.0,7,78.3,6.2,,0.79,1
user_007027,,La Plata,Desktop,Free,135,16,248.26,160.0,14,66.7,3.5,0.111,3.56,1
user_007028,56+,Mendoza,Móvil,Basic,166,50,354.43,59.0,26,45.0,2.6,0.657,9.04,0
user_007029,56+,Córdoba,Desktop,Basic,218,28,355.08,111.0,13,32.7,2.7,0.272,,0
user_007030,36-45,Córdoba,Desktop,Basic,217,16,268.19,75.0,18,55.2,3.0,0.329,2.21,1
user_007031,36-45,La Plata,Móvil,Premium,115,14,82.51,164.0,18,57.1,5.5,0.053,,1
user_007032,56+,Otros,Móvil,Premium,247,38,264.7,39.0,26,86.3,15.2,0.615,4.62,1
user_007033,18-25,Rosario,Móvil,Premium,46,14,98.04,85.0,19,86.9,8.1,0.561,,0
user_007034,26-35,Buenos Aires,Desktop,Free,231,3,491.14,98.0,11,11.9,13.4,0.217,,1
user_007035,56+,Buenos Aires,Móvil,Basic,289,12,195.68,86.0,16,66.2,16.5,0.72,1.25,0
user_007036,56+,Córdoba,Móvil,Free,50,2,363.94,77.0,17,65.8,17.9,0.145,1.2,1
user_007037,26-35,Rosario,Desktop,Premium,18,32,193.33,90.0,16,,6.4,0.038,,0
user_007038,46-55,La Plata,Móvil,Free,213,33,401.96,152.0,19,10.6,9.9,0.006,4.65,1
user_007039,46-55,Córdoba,Tablet,Free,111,45,264.26,2.0,21,114.1,9.1,0.919,12.16,0
user_007040,18-25,Otros,Tablet,Basic,140,4,82.18,2.0,2,51.1,7.9,0.394,,1
user_007041,26-35,Buenos Aires,Móvil,Premium,312,21,300.6,91.0,12,,4.4,0.101,,1
user_007042,18-25,Otros,Desktop,Free,278,49,167.43,64.0,26,13.1,5.7,0.095,5.29,0
user_007043,26-35,Córdoba,Desktop,Premium,71,25,104.47,38.0,10,107.9,16.2,,10.56,0
user_007044,18-25,Mendoza,Desktop,Free,319,1,152.65,56.0,2,5.0,1.7,,0.09,1
user_007045,26-35,Córdoba,Desktop,Basic,342,38,53.02,27.0,30,,11.7,0.067,,1
user_007046,56+,Otros,Desktop,Basic,106,30,83.45,77.0,15,99.0,3.7,0.112,8.49,0
user_007047,18-25,Buenos Aires,Móvil,Basic,58,34,354.66,137.0,26,24.9,5.5,0.211,17.59,1
user_007048,,Otros,Desktop,Premium,149,28,387.81,17.0,7,43.3,3.5,0.139,5.64,0
user_007049,56+,Otros,Tablet,Basic,8,27,58.66,125.0,14,114.1,1.5,,27.0,1
user_007050,36-45,Rosario,Desktop,Premium,277,21,348.57,115.0,5,78.4,6.1,0.547,2.27,0
user_007051,36-45,Buenos Aires,Desktop,Free,60,32,290.27,140.0,7,44.1,1.6,0.138,16.0,1
user_007052,36-45,Mendoza,Móvil,Premium,200,1,319.84,101.0,9,108.3,18.3,,0.15,0
user_007053,18-25,Córdoba,Móvil,Free,360,36,43.88,127.0,21,22.3,18.7,0.003,,1
user_007054,36-45,Otros,Móvil,Free,145,34,451.75,41.0,10,2.4,5.6,,7.03,1
user_007055,18-25,Buenos Aires,Móvil,Basic,268,16,85.38,15.0,18,32.5,10.9,0.296,1.79,0
user_007056,36-45,Buenos Aires,Desktop,Free,145,11,160.78,127.0,20,105.2,9.9,0.448,2.28,1
user_007057,46-55,Otros,Desktop,Premium,321,45,53.1,164.0,16,5.0,19.9,0.774,,0
user_007058,46-55,Buenos Aires,Móvil,Premium,36,34,27.68,70.0,6,63.9,7.5,0.977,,0
user_007059,46-55,Rosario,Móvil,Free,131,5,332.83,85.0,28,116.9,19.0,0.317,1.15,1
user_007060,26-35,La Plata,Móvil,Premium,178,28,194.2,12.0,14,119.0,16.0,0.468,,0
user_007061,46-55,Mendoza,Desktop,Basic,80,41,370.43,125.0,7,19.1,9.0,0.368,15.38,0
user_007062,46-55,Mendoza,Móvil,Premium,122,44,54.31,153.0,4,40.4,14.7,0.37,10.82,1
user_007063,56+,Buenos Aires,Desktop,Premium,27,21,387.47,117.0,24,6.7,3.8,,21.0,0
user_007064,36-45,Otros,Desktop,Premium,185,24,443.17,65.0,13,68.5,18.3,0.236,3.89,0
user_007065,56+,Buenos Aires,Desktop,Enterprise,219,35,104.06,43.0,26,9.8,4.7,0.185,4.79,0
user_007066,26-35,Buenos Aires,Móvil,Free,112,18,14.59,6.0,0,33.5,5.1,0.289,4.82,1
user_007067,,Buenos Aires,Móvil,Enterprise,164,38,423.33,128.0,2,59.7,10.2,0.276,6.95,0
user_007068,18-25,Córdoba,Móvil,Free,241,34,398.44,67.0,9,29.5,16.7,0.995,,0
user_007069,36-45,La Plata,Móvil,Free,291,38,160.6,142.0,9,67.5,15.2,0.961,3.92,0
user_007070,36-45,Córdoba,Móvil,Basic,187,49,441.22,161.0,23,112.8,13.9,,,1
user_007071,56+,Otros,Móvil,Premium,311,43,399.16,,2,,3.8,0.336,4.15,1
user_007072,36-45,Córdoba,Móvil,Free,54,11,339.02,67.0,23,102.5,18.2,0.836,6.11,1
user_007073,36-45,Rosario,Desktop,Free,168,44,197.87,169.0,30,40.7,14.3,0.011,7.86,0
user_007074,18-25,Córdoba,Móvil,Premium,25,20,48.96,60.0,23,8.1,8.8,0.852,20.0,1
user_007075,26-35,Buenos Aires,Desktop,Premium,293,30,404.6,168.0,9,,6.7,0.768,3.07,0
user_007076,36-45,Buenos Aires,Móvil,Free,218,40,166.64,112.0,29,5.8,10.0,0.812,5.5,0
user_007077,36-45,Buenos Aires,Móvil,Free,226,38,69.88,170.0,0,21.6,4.0,0.596,,1
user_007078,36-45,Mendoza,Desktop,Basic,331,28,469.52,131.0,2,9.9,14.3,0.352,2.54,1
user_007079,36-45,Buenos Aires,Móvil,Premium,9,28,216.79,144.0,3,97.5,9.8,,28.0,0
user_007080,18-25,Mendoza,Desktop,Basic,350,49,482.42,11.0,16,,17.4,0.155,4.2,1
user_007081,36-45,Buenos Aires,Móvil,Free,111,50,305.21,60.0,9,16.6,17.0,0.269,13.51,1
user_007082,26-35,Córdoba,Móvil,Free,57,32,397.0,94.0,10,10.2,8.7,0.835,16.84,1
user_007083,36-45,Buenos Aires,Móvil,Basic,213,20,403.64,176.0,26,110.2,3.6,,2.82,1
user_007084,18-25,Buenos Aires,Móvil,Basic,348,14,376.79,126.0,11,75.3,13.2,0.737,1.21,0
user_007085,36-45,Otros,Tablet,Free,12,40,264.47,92.0,16,97.1,7.5,0.411,,1
user_007086,,Rosario,Desktop,Free,350,23,301.97,147.0,15,43.9,4.7,0.62,1.97,1
user_007087,46-55,Rosario,Móvil,Basic,282,40,473.0,170.0,3,75.0,1.8,0.28,4.26,1
user_007088,26-35,Córdoba,Móvil,Premium,237,44,419.97,149.0,6,43.9,2.0,0.546,,1
user_007089,18-25,Córdoba,Móvil,Basic,264,0,452.99,999.0,8,103.6,8.6,0.141,0.0,1
user_007090,26-35,Mendoza,Móvil,Premium,223,48,442.14,72.0,19,46.8,14.9,0.262,6.46,0
user_007091,46-55,Córdoba,Tablet,Premium,0,34,188.1,113.0,0,8.9,18.9,0.302,34.0,0
user_007092,26-35,Mendoza,Desktop,Free,276,44,373.37,95.0,15,86.9,3.1,0.053,4.78,0
user_007093,56+,Buenos Aires,Móvil,Basic,27,9,11.45,166.0,3,107.1,5.9,,9.0,1
user_007094,36-45,Otros,Tablet,Basic,180,18,302.82,100.0,0,17.2,4.1,0.044,3.0,1
user_007095,56+,Buenos Aires,Móvil,Basic,280,20,174.65,101.0,2,59.3,10.8,,2.14,0
user_007096,18-25,Mendoza,Tablet,Free,115,36,72.29,112.0,18,59.5,8.7,,9.39,1
user_007097,18-25,Buenos Aires,Desktop,Premium,342,49,16.82,29.0,0,6.9,13.7,0.271,4.3,0
user_007098,,Buenos Aires,Tablet,Free,67,0,375.5,999.0,6,44.4,17.9,0.955,0.0,0
user_007099,46-55,Mendoza,Móvil,Premium,308,39,113.87,80.0,15,46.7,16.9,,3.8,1
user_007100,36-45,Rosario,Móvil,Free,139,44,378.27,148.0,20,9.4,8.7,0.777,9.5,0
user_007101,,Rosario,Móvil,Free,325,40,116.22,111.0,13,27.6,14.4,0.081,3.69,0
user_007102,18-25,Otros,Móvil,Basic,88,49,235.21,139.0,22,99.3,6.6,0.52,,1
user_007103,36-45,Buenos Aires,Móvil,Premium,210,27,119.24,112.0,25,39.5,14.2,0.759,3.86,0
user_007104,18-25,Buenos Aires,Móvil,Free,197,7,212.39,137.0,6,92.9,3.3,0.265,1.07,0
user_007105,36-45,Mendoza,Móvil,Basic,307,33,25.83,48.0,5,54.6,18.6,0.332,3.22,0
user_007106,18-25,Córdoba,Móvil,,223,48,94.93,57.0,4,119.3,19.2,0.739,,1
user_007107,,Buenos Aires,Desktop,Basic,95,0,326.25,,20,18.8,18.7,,0.0,1
user_007108,18-25,Mendoza,Móvil,Basic,142,12,160.34,133.0,11,16.7,11.2,0.684,2.54,0
user_007109,36-45,Buenos Aires,Móvil,Free,291,43,56.77,38.0,0,14.1,15.1,0.168,4.43,1
user_007110,36-45,Córdoba,Móvil,Premium,118,25,167.89,40.0,2,89.1,10.0,0.49,,1
user_007111,46-55,Buenos Aires,Móvil,Premium,83,20,486.94,54.0,19,3.5,5.7,0.378,7.23,1
user_007112,26-35,Rosario,Móvil,Premium,303,19,287.08,160.0,24,74.8,16.1,0.513,1.88,1
user_007113,26-35,Buenos Aires,Móvil,Basic,269,22,341.5,33.0,3,97.3,12.1,0.932,2.45,0
user_007114,26-35,Rosario,Desktop,Premium,67,17,106.52,162.0,4,99.7,2.7,,7.61,1
user_007115,46-55,Mendoza,Móvil,Premium,268,43,328.01,30.0,16,100.6,15.6,0.143,4.81,1
user_007116,18-25,Otros,Móvil,Premium,226,29,178.71,17.0,6,,4.8,0.116,3.85,1
user_007117,36-45,Córdoba,Desktop,Free,180,23,451.02,152.0,21,10.0,18.7,0.55,,1
user_007118,36-45,Otros,Móvil,Free,86,7,377.11,110.0,5,45.4,3.1,0.427,2.44,1
user_007119,36-45,Rosario,Móvil,Basic,351,3,362.72,94.0,22,110.6,9.8,0.897,0.26,0
user_007120,36-45,Rosario,Desktop,Basic,316,46,333.8,63.0,15,58.1,11.7,0.028,4.37,1
user_007121,26-35,Buenos Aires,Móvil,Free,194,40,21.52,33.0,15,56.1,10.2,0.173,6.19,0
user_007122,46-55,Mendoza,Móvil,Basic,43,41,451.45,125.0,23,19.3,15.8,0.508,,0
user_007123,46-55,Buenos Aires,Móvil,Basic,286,5,373.88,53.0,11,104.6,10.7,0.747,0.52,0
user_007124,26-35,Buenos Aires,Móvil,Free,247,7,279.47,53.0,30,18.5,5.1,,0.85,1
user_007125,18-25,Buenos Aires,Móvil,Free,363,13,452.57,151.0,27,75.6,5.4,0.106,1.07,0
user_007126,36-45,Rosario,Móvil,Free,60,44,55.72,85.0,1,78.9,19.3,0.567,22.0,0
user_007127,18-25,Otros,Móvil,Basic,301,7,283.42,129.0,14,2.0,10.8,0.559,0.7,0
user_007128,18-25,Buenos Aires,Móvil,Premium,341,39,59.13,56.0,4,107.3,5.4,,3.43,0
user_007129,18-25,Buenos Aires,Móvil,Enterprise,163,4,495.3,102.0,18,99.0,9.6,0.791,0.74,1
user_007130,18-25,Córdoba,Móvil,Free,108,18,398.19,109.0,19,45.9,1.0,,5.0,0
user_007131,18-25,Buenos Aires,Desktop,Basic,341,46,416.91,172.0,16,110.8,2.2,0.268,4.05,0
user_007132,18-25,Córdoba,Móvil,Free,159,38,456.9,150.0,5,26.7,12.8,0.718,,0
user_007133,18-25,Córdoba,Móvil,Basic,284,3,397.1,147.0,24,68.5,11.1,0.034,0.32,0
user_007134,46-55,Buenos Aires,Tablet,Free,200,0,58.21,999.0,28,9.0,17.7,0.487,0.0,1
user_007135,46-55,Buenos Aires,Móvil,Basic,189,15,473.06,50.0,11,91.5,19.2,0.682,,1
user_007136,36-45,Córdoba,Desktop,Premium,280,30,180.44,136.0,8,73.3,3.4,0.55,3.21,1
user_007137,46-55,Buenos Aires,Móvil,Free,169,49,262.88,158.0,12,14.6,12.7,0.831,8.7,1
user_007138,36-45,Córdoba,Móvil,Basic,200,14,412.47,141.0,29,68.6,13.3,0.084,2.1,1
user_007139,18-25,Buenos Aires,Móvil,Basic,147,19,98.5,33.0,29,62.3,2.5,0.826,3.88,1
user_007140,26-35,Córdoba,Móvil,Free,355,13,81.02,30.0,28,58.9,2.6,0.379,,1
user_007141,56+,Buenos Aires,Móvil,Premium,128,49,248.52,84.0,11,54.3,1.7,0.103,,0
user_007142,46-55,La Plata,Móvil,Basic,240,45,201.74,167.0,19,79.3,11.8,0.671,5.62,1
user_007143,26-35,Otros,Móvil,Enterprise,300,9,363.07,57.0,4,31.2,19.7,0.041,0.9,0
user_007144,26-35,Buenos Aires,Móvil,Premium,196,8,394.44,153.0,14,73.1,8.7,0.392,1.22,1
user_007145,26-35,Mendoza,Desktop,Enterprise,294,12,87.33,106.0,26,,17.7,,,0
user_007146,18-25,La Plata,Desktop,Free,225,21,190.69,111.0,29,80.6,3.4,0.605,2.8,1
user_007147,56+,Buenos Aires,Móvil,Free,126,48,466.42,107.0,18,27.2,17.4,0.575,11.43,1
user_007148,18-25,La Plata,Móvil,Basic,152,40,359.84,128.0,5,7.7,17.0,0.586,7.89,0
user_007149,36-45,La Plata,Tablet,Basic,196,30,19.16,160.0,24,96.0,6.2,,,0
user_007150,46-55,Buenos Aires,Móvil,Premium,22,12,248.5,48.0,21,14.4,19.5,,12.0,1
user_007151,18-25,Mendoza,Móvil,Free,107,6,398.39,37.0,3,88.6,4.4,0.152,1.68,0
user_007152,46-55,Córdoba,Tablet,Basic,77,20,435.37,165.0,3,58.0,11.7,0.998,7.79,1
user_007153,56+,Córdoba,Tablet,Basic,324,46,175.83,96.0,0,,12.5,0.108,,0
user_007154,36-45,Córdoba,Tablet,Free,126,39,220.18,169.0,8,90.9,11.6,0.184,9.29,0
user_007155,18-25,Córdoba,Móvil,Basic,225,32,217.11,32.0,4,30.6,7.2,0.23,4.27,1
user_007156,36-45,Buenos Aires,Móvil,Basic,224,45,282.97,137.0,15,83.5,13.5,0.498,6.03,0
user_007157,26-35,Otros,Desktop,Enterprise,281,3,309.14,62.0,27,93.4,6.3,0.357,,0
user_007158,36-45,Otros,Móvil,Free,174,9,371.01,11.0,24,106.1,2.9,0.256,1.55,0
user_007159,36-45,Córdoba,Móvil,Basic,358,44,63.19,19.0,11,91.3,16.5,0.585,3.69,1
user_007160,46-55,Buenos Aires,Móvil,Basic,76,24,71.86,61.0,13,80.8,9.4,,9.47,0
user_007161,46-55,Buenos Aires,Móvil,Premium,282,24,256.08,83.0,18,53.0,8.9,0.799,2.55,0
user_007162,26-35,Córdoba,Móvil,Basic,331,21,196.64,100.0,10,115.3,9.0,0.215,,0
user_007163,56+,Rosario,Móvil,Basic,104,0,370.18,999.0,29,1.5,1.0,0.397,0.0,1
user_007164,18-25,La Plata,Tablet,Premium,152,23,343.99,34.0,22,110.9,15.0,0.831,4.54,0
user_007165,46-55,Córdoba,Móvil,Premium,296,21,88.86,101.0,8,85.5,19.1,0.979,,0
user_007166,36-45,Buenos Aires,Desktop,Basic,333,0,205.19,999.0,18,28.2,6.6,0.51,0.0,1
user_007167,36-45,Buenos Aires,Móvil,Premium,311,7,139.94,7.0,28,71.2,7.0,0.793,0.68,0
user_007168,26-35,Otros,Móvil,Free,313,44,296.87,116.0,0,100.9,6.6,0.822,4.22,0
user_007169,26-35,La Plata,Móvil,Basic,266,3,114.91,17.0,25,97.1,5.2,0.504,0.34,1
user_007170,36-45,Buenos Aires,Móvil,Basic,36,34,409.57,89.0,29,79.5,8.7,0.25,28.33,1
user_007171,36-45,Otros,Desktop,Basic,60,46,175.1,86.0,9,16.5,18.9,0.09,23.0,1
user_007172,46-55,La Plata,Móvil,Free,56,38,434.09,85.0,18,,4.2,0.747,20.36,1
user_007173,56+,,Desktop,Free,254,20,409.82,10.0,10,83.9,17.5,0.365,2.36,0
user_007174,56+,La Plata,Móvil,Basic,36,17,306.52,86.0,22,15.2,2.3,0.255,14.17,1
user_007175,18-25,,Desktop,Premium,360,41,92.17,146.0,21,3.1,17.9,,,1
user_007176,18-25,Córdoba,Móvil,Premium,135,44,197.37,150.0,11,92.3,14.0,,9.78,1
user_007177,18-25,Córdoba,Desktop,Premium,105,12,294.0,126.0,23,27.3,3.1,,3.43,0
user_007178,26-35,Buenos Aires,Tablet,Free,45,22,56.79,144.0,20,95.9,9.0,0.31,14.67,1
user_007179,56+,Córdoba,Móvil,Premium,336,26,398.66,116.0,7,91.5,12.1,0.871,2.32,0
user_007180,18-25,Buenos Aires,Tablet,Basic,181,8,426.8,92.0,12,,3.0,0.88,1.33,1
user_007181,56+,Mendoza,Móvil,Premium,44,9,281.86,171.0,14,88.1,15.3,0.442,6.14,1
user_007182,46-55,Buenos Aires,Móvil,Premium,217,2,271.0,114.0,1,31.3,6.5,,0.28,1
user_007183,36-45,Córdoba,Móvil,Free,157,9,244.84,92.0,20,64.4,12.2,0.889,1.72,0
user_007184,36-45,Córdoba,Móvil,Free,292,49,301.13,170.0,8,80.7,8.4,0.598,,1
user_007185,46-55,Córdoba,Móvil,Premium,365,22,139.17,174.0,5,21.7,5.0,,1.81,1
user_007186,56+,Rosario,Móvil,Premium,152,28,75.6,173.0,13,69.9,13.6,0.157,5.53,0
user_007187,46-55,Buenos Aires,Desktop,Free,312,25,48.7,115.0,20,5.2,10.7,0.358,2.4,1
user_007188,36-45,Mendoza,Móvil,Free,228,17,305.82,169.0,23,76.0,1.3,0.679,,0
user_007189,18-25,,Desktop,Basic,237,19,218.38,54.0,1,91.3,6.7,0.538,2.41,0
user_007190,46-55,Rosario,Desktop,Free,219,2,258.11,75.0,7,77.1,9.3,,0.27,0
user_007191,26-35,La Plata,Móvil,Free,2,30,57.68,148.0,18,48.5,5.3,0.691,30.0,1
user_007192,36-45,La Plata,Móvil,Free,17,44,34.98,31.0,7,,10.6,0.879,44.0,1
user_007193,36-45,Córdoba,Móvil,Basic,28,8,364.75,79.0,30,4.7,8.9,0.338,8.0,1
user_007194,56+,Buenos Aires,Móvil,Free,176,7,281.48,32.0,4,10.2,5.7,0.969,1.19,0
user_007195,18-25,Córdoba,Móvil,Free,138,41,389.0,139.0,26,,1.9,0.105,8.91,1
user_007196,36-45,Otros,Tablet,Basic,194,44,480.28,64.0,19,43.2,5.1,0.254,6.8,1
user_007197,18-25,Córdoba,Móvil,Free,138,17,65.2,72.0,1,113.7,4.5,0.604,3.7,1
user_007198,46-55,Buenos Aires,Móvil,Free,148,32,419.75,180.0,20,47.7,15.6,0.557,6.49,0
user_007199,36-45,Buenos Aires,Móvil,Basic,289,48,153.14,121.0,15,103.0,19.2,0.074,4.98,1
user_007200,36-45,Rosario,Móvil,Basic,261,5,354.45,80.0,20,29.7,19.4,0.621,0.57,1
user_007201,18-25,Otros,Móvil,Basic,120,25,396.62,137.0,3,66.2,2.0,0.281,6.25,0
user_007202,18-25,Mendoza,Desktop,Free,329,2,482.67,150.0,17,77.7,5.5,,0.18,0
user_007203,36-45,Rosario,Móvil,Basic,235,26,428.01,161.0,17,77.3,9.0,,3.32,0
user_007204,26-35,Rosario,Móvil,Premium,207,17,373.76,20.0,25,12.6,3.3,0.706,2.46,1
user_007205,26-35,Buenos Aires,,Free,67,6,425.0,27.0,21,17.1,6.5,0.393,,0
user_007206,36-45,Rosario,Móvil,Enterprise,29,34,303.82,12.0,15,7.4,9.8,0.235,,1
user_007207,36-45,Buenos Aires,Móvil,Enterprise,70,11,267.97,30.0,20,114.9,1.1,0.118,4.71,0
user_007208,56+,Buenos Aires,Desktop,Basic,186,7,234.29,180.0,3,68.4,3.4,0.863,1.13,0
user_007209,26-35,Buenos Aires,Móvil,Free,196,22,30.91,78.0,3,71.7,9.6,0.498,3.37,0
user_007210,18-25,Córdoba,Desktop,Premium,299,7,416.93,148.0,22,115.5,9.6,0.833,0.7,0
user_007211,56+,Otros,Desktop,Premium,134,23,242.21,104.0,21,56.5,19.2,0.677,5.15,0
user_007212,36-45,Buenos Aires,Móvil,Free,305,39,471.85,158.0,19,94.9,4.5,0.731,,1
user_007213,26-35,Córdoba,Desktop,Free,66,50,30.13,90.0,0,109.9,9.1,0.115,22.73,0
user_007214,36-45,Buenos Aires,Móvil,Free,173,33,267.84,15.0,25,8.5,12.0,0.853,5.72,0
user_007215,46-55,Rosario,Desktop,Free,55,43,100.93,12.0,8,43.9,17.8,0.492,23.45,1
user_007216,36-45,Rosario,Móvil,Free,300,9,345.6,151.0,14,18.6,17.2,0.204,0.9,1
user_007217,36-45,Buenos Aires,Móvil,Free,353,41,272.96,64.0,10,99.2,18.0,,3.48,1
user_007218,46-55,Buenos Aires,Móvil,Premium,15,42,493.15,10.0,19,13.9,4.9,0.887,42.0,1
user_007219,26-35,La Plata,Desktop,Basic,112,32,233.82,13.0,29,,5.4,,8.57,1
user_007220,18-25,Otros,Móvil,Premium,14,19,452.21,94.0,25,,10.7,0.062,19.0,1
user_007221,26-35,Rosario,Desktop,Free,198,37,104.24,122.0,4,42.2,15.4,0.536,,1
user_007222,26-35,Buenos Aires,Móvil,Basic,150,35,168.1,94.0,28,11.9,11.1,,7.0,0
user_007223,26-35,Rosario,Desktop,Free,31,17,179.69,53.0,26,105.7,15.1,0.169,,0
user_007224,26-35,Buenos Aires,Tablet,Free,215,46,190.58,152.0,22,56.0,11.8,0.714,,1
user_007225,18-25,Otros,Móvil,Free,271,15,81.54,41.0,13,83.2,4.1,0.615,1.66,0
user_007226,36-45,Buenos Aires,,Basic,90,26,168.19,70.0,11,83.3,8.7,0.007,8.67,0
user_007227,26-35,Buenos Aires,Móvil,Basic,187,39,194.38,66.0,2,57.9,17.1,0.395,6.26,0
user_007228,36-45,Buenos Aires,Tablet,Basic,45,38,140.12,,5,,4.6,0.368,25.33,0
user_007229,36-45,Córdoba,Móvil,Free,103,26,386.88,132.0,15,4.3,2.2,,7.57,0
user_007230,26-35,Rosario,Móvil,Premium,4,13,281.21,55.0,6,57.1,10.3,,13.0,0
user_007231,,Mendoza,Desktop,Basic,353,42,183.24,55.0,27,114.1,5.1,0.432,3.57,1
user_007232,18-25,Córdoba,Desktop,Premium,345,15,253.95,,15,92.4,4.1,0.54,,1
user_007233,,Buenos Aires,Desktop,Premium,161,43,157.08,19.0,12,77.6,19.8,0.979,,0
user_007234,36-45,Córdoba,Móvil,Free,132,34,304.1,33.0,6,,9.5,,7.73,1
user_007235,36-45,Rosario,Móvil,Free,89,23,80.17,3.0,24,25.8,19.8,0.465,7.75,0
user_007236,36-45,Otros,Móvil,Premium,207,5,496.76,120.0,9,,10.8,0.737,0.72,0
user_007237,36-45,Córdoba,Móvil,Free,148,18,147.63,156.0,16,43.0,17.7,0.464,3.65,0
user_007238,26-35,Otros,Desktop,Free,184,45,403.51,175.0,11,38.4,1.1,0.341,7.34,1
user_007239,46-55,Buenos Aires,Móvil,Basic,65,8,166.79,107.0,28,91.8,3.3,0.228,3.69,0
user_007240,46-55,Buenos Aires,Móvil,Enterprise,43,6,361.87,161.0,5,,18.3,0.343,4.19,1
user_007241,26-35,Buenos Aires,,Basic,243,31,375.56,100.0,14,11.3,2.7,0.158,,1
user_007242,46-55,Mendoza,Desktop,Premium,179,11,65.46,125.0,29,,1.7,0.506,1.84,0
user_007243,18-25,Mendoza,Desktop,Premium,106,6,423.04,28.0,24,64.7,14.2,0.963,1.7,1
user_007244,36-45,Mendoza,Móvil,Basic,130,32,78.56,59.0,8,91.6,12.4,0.964,7.38,1
user_007245,26-35,Mendoza,Móvil,Enterprise,98,47,369.3,149.0,29,106.4,13.8,,14.39,1
user_007246,,Buenos Aires,Tablet,Premium,97,50,17.07,48.0,20,12.2,16.1,,15.46,1
user_007247,56+,,Móvil,Basic,118,37,274.44,116.0,29,,7.6,,,1
user_007248,36-45,Buenos Aires,Móvil,Basic,275,37,440.99,79.0,16,18.0,14.6,0.145,,1
user_007249,46-55,La Plata,Desktop,Premium,232,1,333.03,23.0,26,77.9,2.7,0.747,,0
user_007250,26-35,Buenos Aires,Móvil,Premium,188,40,389.36,89.0,22,75.5,19.3,0.644,6.38,1
user_007251,36-45,Rosario,Móvil,Basic,218,12,102.17,170.0,29,60.5,6.9,0.892,1.65,1
user_007252,36-45,Buenos Aires,Desktop,Free,289,36,384.04,143.0,17,7.3,11.7,,3.74,0
user_007253,56+,La Plata,Móvil,Premium,157,13,221.79,30.0,23,45.2,4.3,0.562,2.48,1
user_007254,26-35,Córdoba,Móvil,Free,273,24,303.95,24.0,13,72.5,2.5,0.887,2.64,1
user_007255,36-45,La Plata,Móvil,Free,177,6,190.84,17.0,2,78.2,1.6,0.08,1.02,0
user_007256,36-45,Rosario,Móvil,Free,195,16,404.53,56.0,9,91.0,13.2,0.959,,1
user_007257,36-45,,Tablet,Premium,237,7,104.7,92.0,27,37.7,8.3,,0.89,1
user_007258,,La Plata,Móvil,Basic,357,43,215.25,144.0,2,101.0,15.8,,,1
user_007259,36-45,Mendoza,Móvil,Premium,215,4,80.54,35.0,30,103.9,14.0,0.613,0.56,0
user_007260,26-35,Buenos Aires,Móvil,Basic,113,12,129.58,16.0,14,32.2,6.8,,3.19,0
user_007261,26-35,Buenos Aires,Móvil,Basic,7,28,336.37,141.0,24,117.8,4.2,0.638,28.0,0
user_007262,36-45,Córdoba,Móvil,Premium,96,9,196.09,110.0,21,63.7,9.6,,2.81,1
user_007263,26-35,Buenos Aires,Móvil,Free,334,39,41.37,17.0,15,113.7,11.3,,,1
user_007264,,Rosario,Tablet,Premium,140,3,101.86,78.0,5,12.9,3.6,0.617,0.64,0
user_007265,56+,La Plata,Móvil,Basic,98,28,77.07,65.0,4,,4.7,0.293,8.57,0
user_007266,36-45,Buenos Aires,Móvil,Free,293,9,476.68,61.0,0,19.7,7.4,0.669,0.92,0
user_007267,46-55,Córdoba,Móvil,Premium,364,18,428.04,163.0,8,33.0,5.9,0.06,1.48,0
user_007268,18-25,Rosario,Móvil,Free,192,34,274.04,14.0,11,41.2,16.1,0.529,5.31,0
user_007269,26-35,Mendoza,Desktop,Premium,342,36,327.95,64.0,9,74.3,2.0,0.572,,0
user_007270,36-45,Buenos Aires,Móvil,Premium,74,50,367.83,22.0,11,25.5,13.7,,20.27,1
user_007271,46-55,Buenos Aires,Móvil,Free,272,32,213.55,27.0,30,90.7,8.1,0.396,3.53,1
user_007272,26-35,Córdoba,Móvil,Free,219,33,226.18,166.0,2,,5.2,0.793,4.52,1
user_007273,56+,Córdoba,Desktop,Free,82,11,412.61,42.0,15,32.2,12.8,,4.02,0
user_007274,,Rosario,,Free,338,39,478.87,94.0,28,44.8,8.3,,3.46,0
user_007275,56+,Mendoza,Móvil,Premium,188,29,474.66,56.0,17,86.0,7.4,0.442,4.63,0
user_007276,56+,Buenos Aires,Móvil,Free,30,24,431.13,6.0,13,24.1,12.0,0.627,,1
user_007277,18-25,Córdoba,Desktop,Free,56,14,377.18,117.0,24,40.3,17.7,0.099,,0
user_007278,26-35,Buenos Aires,Móvil,Enterprise,201,11,72.8,147.0,13,43.5,19.9,0.104,1.64,0
user_007279,56+,Córdoba,Móvil,Premium,309,30,50.96,58.0,8,,3.1,0.6,2.91,1
user_007280,46-55,Córdoba,Móvil,Basic,7,3,498.13,46.0,10,101.9,19.9,0.797,3.0,0
user_007281,46-55,Rosario,Móvil,Premium,329,17,261.86,134.0,25,99.6,10.5,,1.55,0
user_007282,18-25,La Plata,Desktop,Basic,328,15,476.13,167.0,23,91.0,1.2,0.925,1.37,1
user_007283,26-35,Buenos Aires,Desktop,Free,44,24,305.86,110.0,29,105.5,11.5,0.563,16.36,0
user_007284,18-25,Córdoba,Desktop,Free,9,41,83.88,6.0,19,11.9,18.2,0.235,41.0,1
user_007285,26-35,Mendoza,Tablet,Free,146,34,98.63,122.0,7,27.2,9.7,0.611,6.99,1
user_007286,46-55,Otros,Desktop,Premium,135,13,44.52,88.0,28,62.9,12.7,,2.89,0
user_007287,26-35,Rosario,Móvil,Basic,199,21,274.98,120.0,22,28.1,4.5,0.476,3.17,0
user_007288,26-35,Córdoba,Móvil,Premium,207,12,133.42,26.0,24,31.1,12.3,0.98,1.74,1
user_007289,36-45,Otros,Móvil,Basic,70,26,367.8,128.0,30,86.1,4.5,0.113,11.14,1
user_007290,26-35,Rosario,Móvil,Basic,244,47,95.73,96.0,15,73.2,9.8,0.168,5.78,1
user_007291,26-35,Córdoba,Móvil,Free,78,43,298.87,93.0,21,35.4,19.1,0.061,16.54,1
user_007292,46-55,Buenos Aires,Móvil,Free,351,11,56.7,144.0,4,107.6,13.0,0.29,0.94,1
user_007293,18-25,Buenos Aires,Móvil,Premium,259,50,294.58,150.0,18,75.7,3.9,0.49,5.79,0
user_007294,18-25,Buenos Aires,Desktop,Free,209,4,124.23,134.0,6,100.5,17.5,0.89,0.57,0
user_007295,26-35,Mendoza,Desktop,Free,344,2,489.43,81.0,2,39.9,4.9,0.219,0.17,1
user_007296,46-55,Otros,Móvil,Basic,302,36,77.98,10.0,22,117.9,4.6,0.769,3.58,1
user_007297,18-25,Mendoza,Móvil,Free,31,36,291.75,179.0,30,12.3,13.6,0.163,34.84,1
user_007298,26-35,Córdoba,Desktop,Free,217,0,357.92,999.0,9,84.6,6.6,0.7,0.0,0
user_007299,46-55,Mendoza,Desktop,Free,215,37,299.68,1.0,6,108.3,8.6,0.351,5.16,1
user_007300,26-35,Rosario,Móvil,Free,203,29,299.85,94.0,13,36.0,5.7,0.475,4.29,0
user_007301,18-25,Rosario,Móvil,Free,265,17,430.49,44.0,1,,3.2,0.09,1.92,1
user_007302,56+,Córdoba,Móvil,Premium,304,30,291.26,89.0,0,113.6,11.6,0.2,2.96,1
user_007303,56+,Buenos Aires,Móvil,Premium,129,19,298.16,157.0,26,112.7,11.5,,4.42,1
user_007304,36-45,Otros,Desktop,Free,54,26,150.7,13.0,20,87.0,16.4,,14.44,1
user_007305,,Buenos Aires,Móvil,Basic,250,30,250.49,78.0,30,118.3,7.9,0.044,,1
user_007306,18-25,Buenos Aires,Móvil,Basic,79,28,47.56,146.0,12,105.4,16.5,0.26,10.63,1
user_007307,46-55,Córdoba,Desktop,Premium,114,24,82.35,119.0,19,58.2,9.2,0.38,6.32,1
user_007308,36-45,Mendoza,Móvil,Free,74,18,39.23,38.0,17,74.7,17.8,0.15,7.3,1
user_007309,26-35,,Tablet,Premium,133,35,342.1,2.0,5,67.2,12.8,0.41,7.89,1
user_007310,,Córdoba,Móvil,Premium,11,7,405.69,124.0,24,41.8,15.8,0.368,7.0,1
user_007311,56+,Rosario,Móvil,Free,255,22,225.72,151.0,28,44.0,9.0,0.382,2.59,0
user_007312,36-45,Córdoba,Móvil,Free,295,0,258.26,999.0,10,33.8,19.4,,0.0,0
user_007313,46-55,Buenos Aires,Móvil,Free,155,19,492.65,123.0,18,2.5,11.6,0.892,,1
user_007314,26-35,Córdoba,Móvil,Premium,1,42,471.27,69.0,26,70.2,9.2,,,1
user_007315,26-35,La Plata,Desktop,Premium,178,35,497.31,77.0,17,4.5,15.4,0.717,5.9,1
user_007316,36-45,La Plata,Móvil,Premium,193,33,216.2,103.0,25,31.8,16.3,0.814,5.13,0
user_007317,,Otros,Desktop,Premium,84,29,197.26,26.0,14,55.4,2.2,0.637,10.36,1
user_007318,26-35,La Plata,Móvil,Free,280,2,88.9,5.0,30,11.8,15.6,0.278,,1
user_007319,18-25,Mendoza,Móvil,Premium,349,19,10.05,6.0,19,4.8,9.9,,1.63,1
user_007320,26-35,Buenos Aires,Desktop,Free,210,22,206.02,150.0,13,113.4,13.5,0.02,3.14,1
user_007321,36-45,Rosario,Desktop,Premium,35,1,205.25,145.0,19,21.6,10.5,,0.86,1
user_007322,56+,,Móvil,Free,69,11,81.04,0.0,30,102.7,11.1,0.932,4.78,0
user_007323,46-55,Otros,Móvil,Free,136,7,413.26,23.0,30,69.1,10.6,0.839,1.54,0
user_007324,56+,,Tablet,Basic,222,41,31.4,22.0,11,62.9,10.8,0.523,5.54,0
user_007325,46-55,Córdoba,Desktop,Free,299,11,386.1,14.0,24,78.5,13.4,,1.1,1
user_007326,26-35,Mendoza,Tablet,Basic,282,17,61.94,131.0,18,41.5,15.6,0.403,1.81,0
user_007327,56+,La Plata,Móvil,Basic,139,5,171.16,35.0,18,56.4,12.9,0.52,1.08,1
user_007328,26-35,Buenos Aires,Desktop,Free,155,12,487.78,180.0,12,67.7,11.5,0.699,2.32,1
user_007329,36-45,Buenos Aires,Desktop,Premium,94,36,235.37,127.0,20,70.3,10.3,0.907,11.49,0
user_007330,56+,Buenos Aires,Móvil,Basic,190,22,323.95,138.0,12,28.4,12.8,0.497,3.47,0
user_007331,36-45,La Plata,Móvil,Premium,162,12,70.81,42.0,9,76.3,12.6,0.717,2.22,0
user_007332,56+,La Plata,Desktop,Basic,88,41,133.03,102.0,13,64.1,11.7,0.494,13.98,0
user_007333,18-25,Córdoba,Móvil,Basic,220,8,121.9,100.0,27,119.0,4.4,0.771,1.09,1
user_007334,46-55,Buenos Aires,Móvil,Basic,50,5,380.76,173.0,21,65.9,9.5,0.686,,1
user_007335,26-35,Córdoba,Desktop,Basic,99,15,499.95,21.0,5,34.7,7.1,,4.55,1
user_007336,56+,Otros,Desktop,Basic,21,44,457.91,171.0,22,33.0,5.5,0.789,44.0,0
user_007337,,,Móvil,Basic,321,18,32.69,168.0,6,103.5,7.2,0.587,1.68,0
user_007338,26-35,Buenos Aires,Desktop,Free,186,50,495.7,33.0,8,,6.7,0.192,8.06,0
user_007339,18-25,La Plata,Móvil,Enterprise,29,19,164.44,54.0,9,84.8,17.4,0.595,19.0,0
user_007340,26-35,,Tablet,Free,198,14,263.34,176.0,10,72.4,18.7,0.956,,0
user_007341,26-35,La Plata,Móvil,,231,0,353.88,999.0,23,85.3,18.2,0.137,0.0,0
user_007342,36-45,Buenos Aires,Móvil,Free,287,50,446.17,36.0,7,50.1,4.1,,,0
user_007343,36-45,Buenos Aires,Desktop,Basic,106,5,57.22,70.0,22,107.3,1.6,0.522,1.42,1
user_007344,46-55,Buenos Aires,Desktop,Free,226,30,302.75,119.0,22,112.3,2.8,0.61,3.98,0
user_007345,18-25,Rosario,Móvil,Premium,288,27,346.34,37.0,26,63.1,17.5,,,0
user_007346,26-35,Córdoba,Móvil,Basic,187,37,331.53,166.0,22,88.7,12.1,0.655,5.94,0
user_007347,36-45,Buenos Aires,Desktop,Basic,19,47,425.01,9.0,30,36.6,3.7,0.094,47.0,0
user_007348,26-35,Rosario,Móvil,Basic,197,36,293.3,177.0,11,109.9,7.9,0.251,5.48,1
user_007349,18-25,Córdoba,Móvil,Basic,22,37,401.98,74.0,8,55.1,13.7,0.098,,0
user_007350,36-45,Buenos Aires,Móvil,Basic,298,26,317.56,92.0,22,105.5,1.1,0.569,2.62,0
user_007351,18-25,Rosario,Móvil,Free,120,34,158.51,21.0,12,26.4,6.3,0.12,8.5,0
user_007352,,Otros,Desktop,Premium,311,9,363.69,78.0,26,4.9,9.1,0.962,0.87,0
user_007353,56+,Córdoba,Desktop,Free,302,0,303.03,999.0,3,59.4,1.9,0.917,0.0,0
user_007354,46-55,Buenos Aires,Desktop,Free,15,44,168.37,108.0,17,117.4,9.7,0.927,44.0,1
user_007355,26-35,Rosario,Móvil,Free,174,25,76.78,152.0,2,,17.8,0.481,4.31,0
user_007356,36-45,Buenos Aires,Móvil,Basic,344,8,422.88,1.0,17,24.0,6.6,0.774,0.7,0
user_007357,18-25,Córdoba,Móvil,Basic,341,2,15.95,166.0,17,12.0,1.9,0.026,,1
user_007358,26-35,La Plata,,Free,293,28,483.55,145.0,29,112.6,9.0,0.515,2.87,1
user_007359,26-35,Córdoba,Móvil,,74,16,246.5,113.0,4,103.0,6.4,,6.49,0
user_007360,36-45,Rosario,Móvil,Basic,196,33,395.73,33.0,27,8.0,16.9,,5.05,1
user_007361,26-35,Córdoba,Móvil,Free,172,15,498.35,43.0,6,105.9,12.3,0.594,2.62,0
user_007362,46-55,Mendoza,Tablet,Basic,56,41,344.85,122.0,22,58.1,14.6,0.031,21.96,1
user_007363,26-35,Otros,Desktop,Premium,81,37,384.44,44.0,17,85.3,5.6,0.104,13.7,0
user_007364,18-25,Rosario,Móvil,Basic,268,36,309.45,24.0,4,,9.3,,4.03,0
user_007365,46-55,Buenos Aires,Móvil,Premium,188,19,295.97,178.0,9,99.9,11.3,0.629,3.03,0
user_007366,18-25,Rosario,Móvil,,114,14,332.97,156.0,11,11.8,17.1,0.417,3.68,1
user_007367,56+,Buenos Aires,Desktop,Free,33,36,133.37,115.0,4,76.8,17.0,,32.73,0
user_007368,26-35,Buenos Aires,Móvil,Basic,262,27,453.35,136.0,23,108.9,10.4,,3.09,1
user_007369,26-35,Rosario,Desktop,Enterprise,318,44,17.02,52.0,6,,19.4,0.381,4.15,1
user_007370,46-55,Córdoba,Móvil,Basic,210,2,305.98,9.0,2,,3.6,0.316,0.29,0
user_007371,56+,La Plata,Móvil,Free,37,3,390.7,85.0,15,,2.6,0.742,2.43,1
user_007372,26-35,Buenos Aires,Móvil,Free,238,34,317.69,69.0,22,114.1,7.3,0.087,4.29,1
user_007373,26-35,,Móvil,Free,67,18,297.52,33.0,10,7.8,8.7,,8.06,1
user_007374,26-35,Buenos Aires,Móvil,Free,311,17,399.73,125.0,3,11.1,7.1,0.241,1.64,0
user_007375,26-35,Otros,Móvil,Premium,358,44,223.08,21.0,6,12.5,3.2,0.129,3.69,1
user_007376,36-45,Córdoba,Tablet,Basic,68,24,425.57,60.0,10,13.2,8.2,0.134,,0
user_007377,26-35,La Plata,Desktop,Free,268,8,202.46,52.0,19,91.3,1.7,0.039,,1
user_007378,56+,Buenos Aires,Móvil,Free,144,35,122.4,1.0,0,69.6,6.1,0.223,7.29,1
user_007379,18-25,Córdoba,Móvil,Free,94,41,335.02,22.0,28,53.0,17.0,,13.09,1
user_007380,36-45,Buenos Aires,Desktop,Free,63,35,281.32,159.0,30,112.9,3.4,,16.67,1
user_007381,26-35,Rosario,Móvil,,352,29,116.71,109.0,26,116.1,13.5,0.382,2.47,0
user_007382,26-35,Córdoba,Móvil,Free,154,16,98.18,151.0,29,111.4,11.5,0.981,3.12,0
user_007383,26-35,La Plata,Móvil,Basic,282,18,216.6,82.0,25,89.6,8.2,0.034,1.91,1
user_007384,26-35,Buenos Aires,Desktop,Premium,8,39,444.92,128.0,22,96.3,15.7,0.889,39.0,0
user_007385,36-45,Rosario,Móvil,Premium,210,33,426.55,76.0,18,8.5,6.3,0.113,4.71,1
user_007386,46-55,Córdoba,Móvil,Free,96,28,117.94,172.0,8,73.0,15.0,,8.75,1
user_007387,18-25,Buenos Aires,Móvil,Basic,192,16,142.0,148.0,23,118.3,16.5,0.008,2.5,1
user_007388,56+,La Plata,Móvil,Free,332,35,404.09,50.0,22,,18.6,0.211,3.16,0
user_007389,26-35,La Plata,Móvil,Free,363,45,398.91,48.0,8,95.3,17.3,0.007,3.72,0
user_007390,46-55,Otros,Desktop,Basic,337,3,82.05,164.0,11,108.8,4.6,0.66,0.27,0
user_007391,26-35,Buenos Aires,Desktop,Free,68,25,210.52,75.0,13,98.4,12.5,,,1
user_007392,,Buenos Aires,Móvil,Enterprise,183,30,135.89,126.0,20,111.3,18.0,0.7,4.92,1
user_007393,26-35,Buenos Aires,Móvil,Basic,50,32,462.05,175.0,10,62.5,11.7,,19.2,1
user_007394,26-35,Córdoba,Móvil,Basic,160,23,489.3,8.0,7,34.7,11.5,0.428,4.31,1
user_007395,26-35,Buenos Aires,Desktop,Free,13,42,13.72,159.0,11,26.1,7.6,,42.0,1
user_007396,18-25,Buenos Aires,Desktop,Basic,125,49,425.8,98.0,2,119.9,19.1,0.769,11.76,0
user_007397,26-35,Buenos Aires,,Free,88,14,215.78,43.0,29,66.7,9.2,0.023,4.77,1
user_007398,36-45,Córdoba,Tablet,Premium,81,31,270.47,124.0,6,112.7,12.3,0.27,11.48,0
user_007399,26-35,Buenos Aires,Móvil,Basic,216,23,464.67,89.0,15,37.7,15.6,,,1
user_007400,56+,La Plata,Móvil,Basic,341,21,360.17,166.0,12,39.5,3.9,0.565,1.85,1
user_007401,46-55,Otros,Desktop,Premium,342,37,403.46,99.0,30,106.4,17.4,,3.25,0
user_007402,46-55,Buenos Aires,Desktop,Free,2,1,320.58,112.0,28,88.9,11.9,0.342,1.0,1
user_007403,56+,Córdoba,Desktop,Free,135,35,33.93,8.0,25,96.5,18.1,,7.78,1
user_007404,26-35,Mendoza,Desktop,Free,278,8,384.97,84.0,2,117.3,19.4,0.313,,0
user_007405,26-35,Rosario,Desktop,Premium,191,15,139.33,161.0,1,22.6,14.1,0.121,2.36,0
user_007406,56+,Buenos Aires,Móvil,Premium,52,27,316.11,112.0,14,89.2,6.4,,15.58,1
user_007407,56+,Buenos Aires,Móvil,Basic,28,2,437.35,9.0,6,13.2,15.4,0.483,2.0,0
user_007408,26-35,Mendoza,Desktop,Premium,245,6,307.8,25.0,22,52.1,15.4,0.713,0.73,1
user_007409,18-25,Buenos Aires,Móvil,Premium,128,48,433.49,114.0,19,30.4,11.5,0.74,11.25,0
user_007410,36-45,Rosario,Desktop,Enterprise,300,34,60.29,120.0,16,70.2,7.8,,3.4,0
user_007411,26-35,Otros,Móvil,Free,102,40,22.35,88.0,3,21.4,17.1,,11.76,1
user_007412,36-45,Buenos Aires,Desktop,Basic,50,29,55.54,19.0,7,,19.4,0.102,17.4,1
user_007413,56+,La Plata,Móvil,Premium,18,12,424.94,89.0,27,21.2,10.4,0.256,12.0,0
user_007414,18-25,Córdoba,Desktop,Free,2,42,354.47,171.0,16,84.1,4.9,0.758,,1
user_007415,36-45,Otros,Móvil,Basic,19,38,370.05,27.0,11,119.6,8.3,0.593,38.0,1
user_007416,36-45,Córdoba,Móvil,Basic,16,29,209.54,86.0,22,88.0,11.9,0.45,29.0,1
user_007417,18-25,Otros,Desktop,Free,238,29,260.68,24.0,28,59.5,2.6,0.858,3.66,1
user_007418,18-25,Buenos Aires,Móvil,Free,35,7,275.88,175.0,9,54.9,9.9,0.458,6.0,0
user_007419,18-25,Córdoba,Móvil,Basic,73,34,212.3,63.0,17,20.2,8.4,0.547,,0
user_007420,36-45,Córdoba,Desktop,Free,319,14,51.68,124.0,20,,5.1,0.33,,1
user_007421,46-55,La Plata,Móvil,Basic,300,0,146.56,999.0,6,119.2,13.2,0.74,0.0,0
user_007422,36-45,Otros,Desktop,Basic,294,43,199.5,154.0,28,84.5,7.5,0.679,,1
user_007423,26-35,Córdoba,Tablet,Free,86,0,255.92,999.0,28,109.0,10.8,0.083,0.0,0
user_007424,36-45,La Plata,Móvil,Free,111,44,169.91,170.0,16,54.2,16.4,0.962,11.89,0
user_007425,26-35,Otros,Móvil,Premium,258,26,240.44,75.0,2,48.0,10.3,,,1
user_007426,36-45,,Tablet,Premium,62,38,316.85,151.0,15,73.8,11.1,,18.39,0
user_007427,36-45,Mendoza,Desktop,Free,50,31,71.28,177.0,20,115.4,16.3,,18.6,0
user_007428,56+,,Desktop,Free,127,26,128.48,119.0,3,2.9,13.1,,6.14,1
user_007429,36-45,Otros,Móvil,,17,47,214.4,19.0,25,24.0,18.4,0.009,,1
user_007430,18-25,Córdoba,Móvil,Premium,195,22,484.52,11.0,23,115.7,15.6,0.45,3.38,1
user_007431,46-55,Buenos Aires,Móvil,Free,299,12,153.12,165.0,25,58.9,18.5,0.513,1.2,0
user_007432,26-35,Rosario,Desktop,Basic,103,7,115.58,59.0,3,97.4,3.5,0.681,2.04,1
user_007433,26-35,Rosario,Tablet,Premium,232,31,438.63,57.0,14,,18.1,0.132,,0
user_007434,56+,Otros,Desktop,Premium,115,3,481.13,130.0,7,,5.1,0.084,,1
user_007435,,Córdoba,Desktop,Basic,285,16,176.38,124.0,26,116.9,19.3,,1.68,1
user_007436,56+,Rosario,Desktop,Free,154,32,96.27,125.0,13,48.9,9.5,,6.23,1
user_007437,18-25,Buenos Aires,Tablet,Basic,238,6,79.51,52.0,22,59.1,8.8,,,0
user_007438,26-35,Buenos Aires,Desktop,Premium,251,49,417.7,170.0,11,79.8,14.3,,5.86,1
user_007439,26-35,Rosario,Móvil,Premium,138,41,58.38,101.0,3,34.0,10.9,0.476,8.91,0
user_007440,18-25,Córdoba,Desktop,Enterprise,9,10,366.86,110.0,16,112.9,3.8,0.127,10.0,1
user_007441,56+,Rosario,Móvil,Basic,33,6,445.84,88.0,12,29.2,17.2,0.927,,1
user_007442,18-25,La Plata,Desktop,Basic,193,23,327.41,130.0,4,107.2,18.2,0.657,3.58,0
user_007443,18-25,Buenos Aires,Móvil,Free,335,42,402.57,64.0,19,103.0,1.9,0.535,3.76,1
user_007444,18-25,Buenos Aires,Desktop,Free,245,21,498.54,106.0,24,117.5,11.5,0.588,2.57,1
user_007445,36-45,Buenos Aires,Desktop,Basic,242,21,292.26,74.0,11,75.6,13.7,0.892,2.6,0
user_007446,18-25,Mendoza,Desktop,Free,364,32,417.27,54.0,25,69.3,17.9,0.529,2.64,1
user_007447,26-35,Mendoza,Desktop,Basic,127,27,140.7,64.0,19,17.5,8.7,0.661,6.38,0
user_007448,36-45,Mendoza,Móvil,Basic,306,37,23.37,12.0,5,87.6,15.1,0.083,,1
user_007449,36-45,Rosario,,Free,138,38,10.58,34.0,0,40.8,1.3,0.973,8.26,0
user_007450,18-25,Mendoza,Desktop,Free,42,45,184.01,143.0,11,43.7,15.2,,32.14,1
user_007451,46-55,Otros,Móvil,Free,299,8,280.88,63.0,7,62.7,3.6,,0.8,0
user_007452,36-45,Mendoza,Desktop,Basic,202,26,244.09,99.0,22,,2.0,0.938,3.86,1
user_007453,36-45,Otros,Desktop,Free,184,3,36.85,4.0,8,80.1,18.7,0.202,0.49,0
user_007454,36-45,La Plata,Móvil,Free,292,29,215.3,40.0,22,111.7,16.2,0.856,2.98,0
user_007455,26-35,Buenos Aires,Móvil,Free,262,20,32.99,35.0,19,62.9,14.0,0.404,2.29,1
user_007456,26-35,Otros,Móvil,Basic,9,2,56.15,38.0,22,58.6,1.0,0.114,2.0,0
user_007457,56+,Córdoba,Desktop,Enterprise,61,26,140.37,68.0,19,86.0,7.0,0.903,12.79,1
user_007458,26-35,Rosario,Desktop,Free,154,19,232.47,38.0,5,15.1,13.8,0.686,,0
user_007459,36-45,Mendoza,Desktop,Basic,188,43,72.47,33.0,27,57.9,9.2,0.375,6.86,0
user_007460,36-45,Otros,Móvil,Premium,250,5,66.41,35.0,6,101.0,18.9,0.97,0.6,1
user_007461,36-45,La Plata,Móvil,Premium,287,3,86.06,159.0,16,24.4,15.1,0.747,0.31,1
user_007462,26-35,Buenos Aires,Móvil,Basic,128,18,17.75,63.0,17,,14.5,0.528,,1
user_007463,26-35,La Plata,Desktop,Basic,102,4,49.7,138.0,20,93.4,10.0,0.009,1.18,1
user_007464,36-45,Mendoza,Tablet,Free,235,23,286.12,44.0,7,35.4,9.0,0.229,2.94,0
user_007465,18-25,Buenos Aires,Desktop,Free,256,2,43.08,18.0,15,104.4,13.5,0.238,,0
user_007466,26-35,La Plata,Tablet,Premium,74,37,329.43,174.0,21,13.6,17.2,0.638,15.0,0
user_007467,36-45,Buenos Aires,Móvil,Basic,131,22,218.84,28.0,5,26.9,17.5,0.046,,1
user_007468,26-35,,Desktop,Free,142,2,85.11,26.0,24,16.2,1.5,0.436,0.42,1
user_007469,18-25,Córdoba,Tablet,Basic,245,33,315.13,131.0,7,111.3,10.9,0.376,4.04,1
user_007470,56+,Buenos Aires,Móvil,Basic,12,1,175.45,105.0,16,77.6,15.8,0.877,1.0,0
user_007471,18-25,Buenos Aires,Móvil,Basic,97,14,221.72,75.0,24,71.3,18.8,0.978,4.33,1
user_007472,,Mendoza,Móvil,Free,258,41,363.47,167.0,27,41.7,18.7,0.32,4.77,0
user_007473,36-45,Buenos Aires,Móvil,Basic,110,24,381.06,152.0,27,47.3,19.0,0.728,6.55,1
user_007474,26-35,Córdoba,Desktop,Free,352,25,365.37,57.0,6,64.6,6.1,,2.13,1
user_007475,36-45,Buenos Aires,,Premium,342,34,418.13,177.0,8,73.1,19.0,0.415,2.98,0
user_007476,18-25,,Desktop,Premium,151,43,279.81,39.0,10,,8.1,0.954,,1
user_007477,26-35,Buenos Aires,Móvil,Free,321,39,179.21,71.0,21,49.8,6.9,0.915,3.64,1
user_007478,,Buenos Aires,Móvil,Premium,32,43,461.94,158.0,29,,5.8,0.278,40.31,0
user_007479,36-45,Córdoba,Desktop,Premium,39,47,435.37,109.0,27,85.9,10.5,,36.15,0
user_007480,36-45,Rosario,Móvil,Premium,224,14,286.59,11.0,25,32.6,10.6,0.803,1.88,1
user_007481,36-45,Otros,Desktop,Premium,308,34,415.83,76.0,16,108.3,1.6,0.423,,0
user_007482,26-35,Rosario,Móvil,Basic,78,17,21.37,180.0,1,88.5,16.6,0.525,,1
user_007483,26-35,Rosario,Desktop,Free,274,9,90.53,126.0,17,96.2,15.7,,0.99,1
user_007484,36-45,Rosario,Móvil,Basic,0,43,98.91,156.0,26,108.5,4.8,0.757,43.0,1
user_007485,36-45,Rosario,Desktop,Premium,19,3,375.36,131.0,11,94.9,7.6,0.224,3.0,0
user_007486,26-35,Córdoba,Móvil,Free,120,3,458.42,53.0,29,56.3,18.3,0.075,0.75,0
user_007487,36-45,Rosario,Móvil,Premium,19,30,219.51,174.0,10,85.2,1.1,0.87,30.0,1
user_007488,26-35,Rosario,Móvil,Premium,263,16,152.55,19.0,1,13.8,13.8,0.57,1.83,0
user_007489,26-35,Buenos Aires,Móvil,Premium,237,8,114.82,17.0,14,68.9,6.2,0.974,1.01,1
user_007490,18-25,Córdoba,Móvil,Free,359,22,363.31,19.0,13,10.0,1.3,0.145,1.84,0
user_007491,46-55,Córdoba,Móvil,Premium,124,8,290.47,91.0,28,41.5,6.5,0.577,1.94,1
user_007492,18-25,,Móvil,Free,125,13,465.09,65.0,3,88.7,7.9,0.495,3.12,1
user_007493,18-25,Rosario,Móvil,Free,255,41,211.85,150.0,9,33.7,8.3,0.925,4.82,1
user_007494,18-25,Mendoza,Móvil,Free,180,8,340.54,129.0,4,25.1,12.6,0.334,1.33,1
user_007495,36-45,Córdoba,Desktop,Premium,191,12,246.19,104.0,22,60.5,3.9,0.472,1.88,1
user_007496,18-25,Otros,Tablet,Free,35,30,455.04,94.0,18,76.8,19.1,,25.71,1
user_007497,56+,Córdoba,Móvil,Basic,186,16,298.6,173.0,25,76.4,17.6,0.491,,0
user_007498,26-35,Buenos Aires,Móvil,Basic,44,16,279.84,104.0,6,39.0,17.2,0.148,10.91,0
user_007499,46-55,Córdoba,Desktop,Enterprise,308,14,120.06,92.0,21,115.2,16.2,0.188,1.36,1
user_007500,26-35,Buenos Aires,Móvil,Basic,323,39,191.74,120.0,27,51.2,11.3,0.937,3.62,1
user_007501,26-35,Rosario,Desktop,Basic,287,17,317.26,29.0,5,103.3,12.1,0.742,,1
user_007502,18-25,Buenos Aires,Móvil,Premium,133,38,359.17,22.0,18,,8.6,0.309,8.57,0
user_007503,56+,Buenos Aires,Desktop,Premium,57,32,88.87,22.0,14,30.9,6.4,,16.84,0
user_007504,36-45,Otros,Móvil,Free,53,36,71.28,24.0,3,17.6,11.9,,,1
user_007505,18-25,La Plata,,Free,127,0,77.36,999.0,5,56.6,11.2,,0.0,1
user_007506,36-45,Buenos Aires,Desktop,Free,13,47,250.76,5.0,30,59.0,1.5,0.858,47.0,1
user_007507,26-35,Buenos Aires,Móvil,Basic,228,16,251.35,71.0,2,10.3,10.4,0.803,2.11,0
user_007508,36-45,Rosario,Desktop,Free,52,25,254.58,110.0,2,114.6,20.0,,14.42,1
user_007509,56+,Córdoba,Móvil,Premium,309,36,195.57,53.0,19,10.6,1.6,0.555,,0
user_007510,36-45,Rosario,Tablet,Free,39,40,308.32,116.0,27,87.9,11.8,0.154,,0
user_007511,36-45,Córdoba,Móvil,Free,254,17,386.52,0.0,8,55.1,15.1,,2.01,1
user_007512,18-25,Buenos Aires,Móvil,Premium,230,37,11.11,3.0,29,59.3,18.7,0.21,4.83,0
user_007513,,Mendoza,Móvil,Basic,10,3,481.79,26.0,16,,15.9,0.26,3.0,0
user_007514,46-55,Mendoza,Móvil,Premium,142,0,241.54,999.0,20,72.8,13.5,0.156,0.0,0
user_007515,46-55,Córdoba,Móvil,Free,242,29,91.02,65.0,20,85.8,9.6,0.008,3.6,1
user_007516,36-45,Rosario,Desktop,Basic,113,7,160.86,97.0,4,19.8,12.8,,1.86,1
user_007517,18-25,Buenos Aires,Móvil,Free,65,6,326.37,11.0,27,85.6,19.4,0.288,2.77,0
user_007518,56+,Córdoba,Móvil,Free,147,20,288.96,55.0,16,76.2,15.7,0.448,4.08,0
user_007519,36-45,Mendoza,Tablet,Basic,104,41,350.16,35.0,17,15.1,11.6,,11.83,1
user_007520,46-55,Buenos Aires,Móvil,Basic,133,20,407.17,170.0,29,109.2,14.4,0.311,4.51,0
user_007521,56+,Mendoza,Móvil,Basic,238,0,188.34,999.0,15,71.4,9.3,0.238,,1
user_007522,56+,Rosario,Tablet,Free,63,33,55.07,135.0,12,21.5,14.5,0.532,,0
user_007523,46-55,Buenos Aires,Desktop,Free,8,43,363.48,135.0,21,47.8,1.9,0.864,43.0,0
user_007524,36-45,Otros,Móvil,Free,167,21,401.8,86.0,3,67.0,5.9,,,0
user_007525,36-45,Rosario,Móvil,Basic,263,0,207.28,999.0,28,,19.4,0.711,0.0,1
user_007526,26-35,Buenos Aires,Móvil,Premium,299,8,472.9,53.0,27,57.7,10.4,,0.8,1
user_007527,26-35,Buenos Aires,Móvil,Free,230,44,417.51,150.0,11,20.8,3.9,0.253,5.74,1
user_007528,36-45,Rosario,Tablet,Premium,72,41,162.4,36.0,0,44.0,10.6,0.995,17.08,1
user_007529,46-55,Córdoba,Desktop,Premium,279,7,123.73,164.0,18,80.1,13.8,0.957,,1
user_007530,56+,Rosario,Desktop,Free,288,5,359.01,76.0,1,93.5,13.7,0.437,0.52,1
user_007531,18-25,Buenos Aires,Desktop,Premium,106,49,131.05,82.0,10,93.2,17.8,0.65,13.87,0
user_007532,56+,Córdoba,Desktop,Basic,146,18,32.81,123.0,18,14.7,15.6,0.829,3.7,1
user_007533,26-35,Rosario,Móvil,Enterprise,352,14,412.66,113.0,20,,4.2,0.234,1.19,0
user_007534,56+,Buenos Aires,Móvil,Basic,148,11,371.63,97.0,16,35.1,7.6,0.975,,1
user_007535,26-35,Buenos Aires,Móvil,Free,199,0,189.06,999.0,24,,4.9,,0.0,1
user_007536,46-55,La Plata,Móvil,Premium,8,31,64.72,123.0,26,104.1,10.4,0.115,31.0,1
user_007537,18-25,Córdoba,Desktop,Free,320,9,415.27,168.0,17,17.5,16.7,,0.84,0
user_007538,18-25,Buenos Aires,Móvil,Basic,52,29,174.6,93.0,5,73.6,13.2,0.828,16.73,1
user_007539,26-35,Buenos Aires,Tablet,Free,115,11,288.22,0.0,17,35.5,11.3,0.34,2.87,1
user_007540,36-45,Buenos Aires,Móvil,Enterprise,319,47,264.32,165.0,27,16.3,17.4,0.434,4.42,1
user_007541,26-35,Buenos Aires,Tablet,Free,53,33,44.72,176.0,7,23.3,4.3,0.304,18.68,0
user_007542,56+,Otros,Móvil,Free,188,35,74.62,20.0,11,77.8,18.0,0.696,5.59,1
user_007543,26-35,Rosario,Móvil,Free,156,0,47.14,999.0,8,60.5,6.8,0.306,0.0,1
user_007544,18-25,Rosario,Móvil,Premium,139,48,404.66,150.0,12,8.9,12.3,0.489,10.36,1
user_007545,18-25,Buenos Aires,Móvil,Basic,86,50,105.93,165.0,20,96.4,10.3,,17.44,0
user_007546,,Buenos Aires,Desktop,Basic,64,7,445.38,47.0,30,,7.3,0.324,3.28,0
user_007547,26-35,Otros,Móvil,Basic,114,16,266.62,160.0,14,48.3,6.4,0.941,,0
user_007548,18-25,Rosario,Móvil,Premium,29,7,156.49,119.0,5,3.9,11.6,0.043,7.0,1
user_007549,18-25,Córdoba,Móvil,Basic,325,7,32.31,103.0,14,87.1,16.0,,0.65,1
user_007550,56+,Buenos Aires,Móvil,Free,103,26,372.39,4.0,10,89.9,8.1,0.203,,1
user_007551,26-35,Córdoba,Móvil,Free,266,27,247.08,81.0,7,90.0,14.8,0.335,3.05,1
user_007552,18-25,La Plata,Móvil,Free,227,5,42.95,168.0,16,94.7,10.2,0.062,0.66,1
user_007553,56+,Rosario,Tablet,Basic,134,16,492.87,169.0,24,62.8,7.9,0.458,3.58,0
user_007554,56+,La Plata,,Free,85,42,481.48,140.0,1,87.6,19.8,0.667,14.82,1
user_007555,36-45,Rosario,Tablet,Free,199,13,101.56,28.0,28,43.3,15.4,0.8,1.96,1
user_007556,46-55,Buenos Aires,Móvil,Basic,265,8,479.49,89.0,22,98.9,19.9,,0.91,0
user_007557,36-45,Buenos Aires,Móvil,Premium,322,8,256.0,60.0,23,109.3,7.3,0.884,0.75,0
user_007558,36-45,Buenos Aires,Tablet,Free,108,11,279.31,47.0,14,80.2,4.8,0.803,3.06,1
user_007559,46-55,La Plata,Desktop,Free,12,29,434.86,169.0,9,77.0,8.7,,29.0,1
user_007560,46-55,Mendoza,Móvil,Basic,273,18,478.14,115.0,15,62.0,14.5,0.5,,1
user_007561,36-45,Buenos Aires,Móvil,Premium,29,23,243.52,20.0,9,10.3,10.2,,23.0,1
user_007562,26-35,Córdoba,Móvil,Free,13,20,294.27,154.0,16,104.7,6.9,0.379,,1
user_007563,18-25,Córdoba,Desktop,Basic,275,7,46.56,65.0,5,30.4,15.1,0.559,0.76,1
user_007564,26-35,Mendoza,Desktop,Free,80,49,385.72,15.0,23,79.0,5.4,0.303,18.38,1
user_007565,56+,Otros,Desktop,Basic,265,39,11.38,63.0,12,101.3,5.6,0.592,4.42,1
user_007566,46-55,Córdoba,Móvil,Basic,148,46,226.15,115.0,23,5.3,2.9,0.457,,1
user_007567,26-35,Córdoba,Móvil,Free,229,5,314.51,79.0,0,19.3,19.8,0.244,0.66,1
user_007568,56+,Buenos Aires,Móvil,Enterprise,159,36,38.96,140.0,2,62.1,19.4,0.159,6.79,0
user_007569,36-45,Buenos Aires,Tablet,Free,302,15,281.87,42.0,21,83.7,17.0,0.286,1.49,0
user_007570,,La Plata,Desktop,Premium,45,40,170.8,63.0,22,48.3,13.5,,26.67,1
user_007571,26-35,Mendoza,Desktop,Premium,185,43,388.81,2.0,17,85.9,7.0,0.58,,1
user_007572,46-55,Córdoba,Móvil,Basic,214,4,261.18,46.0,18,40.6,16.3,0.393,0.56,1
user_007573,56+,Mendoza,Desktop,Enterprise,352,39,296.34,79.0,26,109.9,7.2,0.894,3.32,0
user_007574,26-35,Buenos Aires,Desktop,Premium,9,45,416.12,2.0,5,32.2,16.5,,45.0,0
user_007575,,Buenos Aires,Móvil,Free,229,17,116.85,83.0,23,3.3,5.9,,2.23,0
user_007576,36-45,Buenos Aires,Desktop,Premium,216,12,50.21,93.0,18,21.2,6.3,,1.67,1
user_007577,26-35,,Móvil,Free,223,28,227.57,4.0,13,28.7,8.1,0.637,3.77,0
user_007578,18-25,Rosario,Móvil,Free,170,15,319.72,41.0,22,41.8,10.0,0.605,2.65,0
user_007579,18-25,Buenos Aires,Desktop,Basic,141,9,74.76,127.0,16,20.3,6.3,0.606,1.91,1
user_007580,36-45,La Plata,,Enterprise,319,23,121.31,113.0,5,34.4,3.9,0.945,2.16,1
user_007581,18-25,Rosario,Móvil,Premium,54,40,325.72,155.0,11,19.5,1.1,0.951,22.22,1
user_007582,36-45,La Plata,Móvil,Basic,118,21,269.61,139.0,22,82.9,4.1,0.962,5.34,0
user_007583,,Córdoba,Móvil,Free,65,37,55.74,84.0,9,,12.6,0.892,17.08,1
user_007584,56+,Rosario,Desktop,Free,129,38,110.66,146.0,3,80.5,15.5,0.852,8.84,1
user_007585,46-55,Buenos Aires,Móvil,Basic,288,2,407.88,59.0,27,111.2,10.7,0.648,,0
user_007586,36-45,Buenos Aires,Móvil,Basic,180,42,462.17,63.0,9,33.0,5.8,0.704,7.0,0
user_007587,36-45,Buenos Aires,Móvil,Premium,91,28,96.37,117.0,9,103.2,10.2,,9.23,1
user_007588,26-35,Rosario,Móvil,Free,294,30,98.42,143.0,7,,16.7,0.326,,0
user_007589,56+,Rosario,Desktop,Premium,69,41,470.05,,24,54.6,15.7,,17.83,1
user_007590,36-45,Rosario,Móvil,Basic,198,30,84.07,96.0,3,73.4,16.0,,4.55,0
user_007591,36-45,Buenos Aires,Móvil,Premium,118,44,253.17,88.0,8,114.1,16.9,,11.19,0
user_007592,36-45,Mendoza,Móvil,Free,322,28,331.4,146.0,26,31.0,9.5,0.61,2.61,1
user_007593,36-45,Córdoba,Móvil,Premium,158,11,352.94,112.0,13,116.2,18.9,0.246,2.09,1
user_007594,36-45,Buenos Aires,Desktop,Premium,358,49,185.8,57.0,23,,7.8,0.188,4.11,0
user_007595,36-45,Buenos Aires,Desktop,Premium,323,20,410.47,123.0,9,49.8,10.3,,1.86,1
user_007596,56+,Buenos Aires,Móvil,Basic,202,25,195.11,72.0,11,115.1,2.1,0.036,3.71,1
user_007597,18-25,Córdoba,Móvil,Free,265,10,45.09,40.0,21,1.0,15.0,0.973,,0
user_007598,,Córdoba,Desktop,Free,43,24,352.57,158.0,7,39.7,10.9,0.513,16.74,1
user_007599,26-35,Córdoba,Móvil,Enterprise,300,37,329.37,177.0,26,116.2,14.9,,3.7,1
user_007600,56+,Buenos Aires,Desktop,Basic,194,44,143.46,10.0,5,9.0,10.1,0.786,6.8,0
user_007601,18-25,La Plata,Móvil,Enterprise,336,44,127.25,109.0,26,,18.6,0.581,3.93,0
user_007602,36-45,La Plata,,Basic,134,11,334.2,33.0,27,118.2,11.7,0.394,2.46,1
user_007603,36-45,Mendoza,Desktop,Free,179,30,354.93,159.0,3,32.6,7.9,0.571,,0
user_007604,26-35,Mendoza,Móvil,Free,279,46,480.11,169.0,3,12.2,12.2,0.139,4.95,1
user_007605,18-25,,Móvil,Free,155,11,136.14,157.0,24,10.8,17.7,0.793,2.13,1
user_007606,36-45,Córdoba,Móvil,Premium,238,43,141.2,50.0,6,14.6,6.1,0.373,,1
user_007607,56+,Rosario,Móvil,Basic,56,49,486.02,126.0,15,8.4,16.1,0.601,26.25,0
user_007608,26-35,Córdoba,Móvil,Free,30,39,258.84,79.0,23,11.9,16.6,0.993,39.0,1
user_007609,26-35,Rosario,Móvil,Free,12,27,40.25,108.0,10,84.6,2.7,0.536,,1
user_007610,18-25,Otros,Móvil,Basic,298,25,252.44,179.0,29,68.8,6.6,,2.52,0
user_007611,36-45,Otros,Móvil,Free,136,7,457.22,0.0,23,51.6,15.1,0.199,,0
user_007612,26-35,La Plata,Tablet,Premium,276,45,469.58,140.0,29,109.2,13.8,,4.89,1
user_007613,36-45,Rosario,Desktop,Premium,258,27,42.47,125.0,9,110.9,16.9,0.227,3.14,0
user_007614,26-35,Rosario,Tablet,Premium,139,28,318.97,,9,25.6,2.7,0.166,6.04,1
user_007615,26-35,Córdoba,Móvil,Free,224,29,312.57,174.0,15,48.1,4.4,0.123,3.88,1
user_007616,18-25,Córdoba,Móvil,Free,45,9,164.07,126.0,25,64.7,7.1,0.439,6.0,1
user_007617,56+,Rosario,Móvil,Enterprise,1,11,386.34,110.0,15,87.0,13.9,0.834,11.0,1
user_007618,36-45,Buenos Aires,Móvil,Free,22,26,302.56,125.0,12,56.9,6.7,0.526,26.0,0
user_007619,26-35,Otros,Móvil,Premium,83,33,347.66,164.0,30,61.3,13.2,,11.93,0
user_007620,36-45,La Plata,Móvil,Free,265,31,430.5,169.0,1,77.8,3.6,0.591,3.51,0
user_007621,46-55,Córdoba,Tablet,Free,300,38,334.13,136.0,2,52.7,6.7,,3.8,1
user_007622,26-35,Rosario,Tablet,Basic,116,7,358.15,6.0,21,22.9,11.6,0.69,,0
user_007623,56+,Otros,Móvil,Free,105,27,413.02,166.0,30,79.3,14.4,0.087,7.71,1
user_007624,46-55,Rosario,Desktop,Free,147,12,384.47,33.0,16,49.9,12.3,0.085,2.45,0
user_007625,36-45,Buenos Aires,Tablet,Premium,238,10,498.39,46.0,22,62.0,17.5,0.716,1.26,0
user_007626,18-25,La Plata,Desktop,Free,147,10,479.51,123.0,1,80.7,19.2,0.048,2.04,1
user_007627,26-35,Rosario,Móvil,Premium,195,41,440.98,69.0,2,19.9,8.2,,6.31,0
user_007628,26-35,Córdoba,Móvil,Premium,98,9,216.13,131.0,24,104.0,8.9,0.597,,0
user_007629,26-35,Otros,,Free,309,6,355.93,119.0,28,,3.6,0.168,0.58,0
user_007630,46-55,Otros,Desktop,Free,232,36,185.4,104.0,25,48.2,4.6,0.026,,1
user_007631,46-55,Mendoza,Desktop,Premium,140,18,135.84,85.0,11,115.0,10.8,0.137,3.86,1
user_007632,46-55,Buenos Aires,Móvil,Premium,198,7,441.38,143.0,24,40.8,7.0,0.431,,1
user_007633,26-35,Córdoba,Móvil,Premium,22,17,277.28,91.0,13,35.9,12.9,0.516,17.0,0
user_007634,26-35,Córdoba,Desktop,Free,347,22,214.1,14.0,10,65.0,5.0,0.179,,0
user_007635,18-25,Otros,Tablet,Free,10,7,488.83,135.0,3,,15.6,0.122,7.0,0
user_007636,,La Plata,Tablet,Premium,249,3,487.61,130.0,2,,9.1,0.119,0.36,0
user_007637,36-45,,Desktop,Basic,237,48,251.54,143.0,17,89.7,14.1,0.25,6.08,1
user_007638,46-55,Mendoza,Desktop,Free,342,15,85.85,1.0,28,41.8,14.1,0.266,1.32,0
user_007639,18-25,Mendoza,Móvil,Premium,321,4,324.59,20.0,7,117.9,19.2,0.976,,1
user_007640,,La Plata,Tablet,Enterprise,16,40,400.02,17.0,28,,4.5,0.13,,0
user_007641,56+,La Plata,Móvil,Basic,154,7,426.86,27.0,0,106.0,2.2,0.65,1.36,1
user_007642,46-55,Rosario,Móvil,Free,307,32,40.95,45.0,13,81.1,19.0,0.247,3.13,1
user_007643,26-35,Buenos Aires,Tablet,Basic,114,20,188.71,61.0,30,39.8,7.5,0.618,5.26,1
user_007644,36-45,Córdoba,Desktop,Basic,112,27,129.15,60.0,16,101.0,9.1,0.301,,0
user_007645,56+,Rosario,Móvil,Free,73,9,147.52,22.0,27,106.0,9.4,0.35,3.7,1
user_007646,36-45,Otros,Desktop,Basic,60,14,212.25,35.0,27,15.2,1.1,0.99,7.0,0
user_007647,26-35,Buenos Aires,Desktop,Free,117,44,300.18,38.0,9,,8.0,0.477,,0
user_007648,46-55,Otros,Móvil,Basic,44,2,100.64,17.0,8,58.3,16.5,0.756,1.36,0
user_007649,46-55,Otros,Desktop,Premium,204,40,392.48,52.0,25,33.7,9.5,0.607,5.88,0
user_007650,18-25,Buenos Aires,Móvil,Basic,251,20,148.43,22.0,14,7.7,9.2,,2.39,1
user_007651,56+,Córdoba,Tablet,Premium,265,43,201.96,109.0,16,107.6,15.0,0.455,4.87,0
user_007652,36-45,Mendoza,Desktop,Free,50,45,35.05,43.0,10,93.8,18.2,,27.0,0
user_007653,46-55,Buenos Aires,Móvil,Free,48,24,411.68,166.0,14,83.2,1.1,0.05,,1
user_007654,18-25,La Plata,Móvil,Premium,77,42,399.93,111.0,27,112.2,14.6,0.02,16.36,0
user_007655,26-35,Otros,Móvil,Free,158,33,281.73,108.0,13,25.0,1.2,0.204,6.27,1
user_007656,18-25,Mendoza,Móvil,Basic,312,29,257.06,118.0,14,47.1,9.4,,2.79,0
user_007657,56+,Buenos Aires,Desktop,Free,242,37,249.51,92.0,30,,12.0,0.994,4.59,1
user_007658,36-45,Rosario,Móvil,Basic,97,44,351.6,104.0,3,105.1,3.2,,13.61,1
user_007659,26-35,Buenos Aires,Móvil,Free,182,42,339.83,102.0,26,119.2,4.5,,,0
user_007660,36-45,Buenos Aires,Desktop,Premium,181,4,493.61,126.0,26,,8.6,0.485,,1
user_007661,,Córdoba,Tablet,Basic,20,14,221.67,93.0,3,92.8,1.0,0.201,14.0,1
user_007662,26-35,Otros,Tablet,Basic,257,39,170.48,82.0,16,8.3,1.5,,4.55,0
user_007663,26-35,Buenos Aires,Móvil,Premium,75,36,270.46,162.0,12,29.9,14.9,0.923,14.4,1
user_007664,46-55,Buenos Aires,Móvil,Basic,166,20,34.71,8.0,28,,1.8,0.399,,0
user_007665,36-45,Córdoba,Desktop,Free,12,7,305.18,76.0,21,34.0,3.3,0.817,7.0,1
user_007666,18-25,Buenos Aires,Móvil,Free,49,18,236.2,89.0,20,119.6,14.3,0.319,11.02,0
user_007667,46-55,Buenos Aires,Móvil,Free,193,35,383.54,,19,63.2,14.8,0.089,5.44,1
user_007668,36-45,Rosario,Desktop,Free,156,14,265.94,138.0,12,96.8,2.3,0.883,2.69,0
user_007669,56+,Mendoza,Desktop,Free,313,19,364.12,127.0,24,39.1,15.1,0.962,1.82,0
user_007670,18-25,Rosario,Tablet,Free,314,10,150.62,133.0,26,21.8,6.4,0.105,0.96,1
user_007671,18-25,,Móvil,Free,95,30,108.9,155.0,1,5.0,1.6,0.174,9.47,0
user_007672,56+,La Plata,Desktop,Free,59,3,137.08,3.0,20,107.3,18.2,0.913,,1
user_007673,26-35,Buenos Aires,Móvil,Free,166,12,19.59,156.0,3,49.3,18.8,0.075,2.17,0
user_007674,36-45,Mendoza,Móvil,Basic,50,13,446.48,132.0,19,50.8,19.9,0.466,,0
user_007675,26-35,La Plata,Desktop,Free,165,49,86.19,165.0,22,24.7,9.1,0.988,8.91,0
user_007676,18-25,Otros,Móvil,Free,54,21,141.65,130.0,9,31.2,19.2,0.129,11.67,1
user_007677,18-25,Mendoza,Móvil,Free,250,40,485.28,106.0,6,33.1,19.5,0.39,4.8,0
user_007678,46-55,Córdoba,Desktop,Premium,282,45,486.27,174.0,6,40.6,3.4,0.833,4.79,0
user_007679,26-35,Córdoba,Desktop,Premium,280,31,218.58,105.0,29,92.2,19.4,0.927,,0
user_007680,46-55,Otros,Desktop,Free,76,46,374.43,160.0,18,20.8,17.7,0.318,18.16,0
user_007681,36-45,Mendoza,Móvil,Enterprise,220,19,91.53,76.0,24,71.0,4.5,0.24,2.59,1
user_007682,36-45,Otros,Desktop,Basic,234,0,433.18,999.0,21,110.2,12.8,0.837,0.0,1
user_007683,56+,Otros,Tablet,Premium,293,38,479.91,141.0,14,78.7,19.2,0.09,3.89,0
user_007684,26-35,Otros,Móvil,Basic,51,3,84.54,0.0,16,19.9,18.4,,1.76,0
user_007685,26-35,Córdoba,Móvil,Premium,24,8,268.34,132.0,21,75.9,8.8,,8.0,1
user_007686,26-35,Mendoza,Móvil,Premium,92,0,135.44,999.0,19,26.6,12.6,0.905,0.0,0
user_007687,36-45,Buenos Aires,Tablet,Basic,84,37,214.61,85.0,26,1.6,6.7,0.991,,0
user_007688,36-45,Mendoza,Móvil,Free,42,3,472.68,169.0,16,6.7,15.5,0.545,2.14,0
user_007689,36-45,Mendoza,Móvil,Free,285,49,309.93,136.0,30,89.4,15.5,0.942,,0
user_007690,26-35,Córdoba,Móvil,Premium,195,39,111.51,73.0,28,119.5,14.5,0.819,6.0,0
user_007691,36-45,Córdoba,Desktop,Basic,347,19,304.27,131.0,13,5.8,19.0,0.875,1.64,0
user_007692,18-25,Buenos Aires,Móvil,Basic,212,39,34.8,174.0,11,42.7,10.3,0.51,5.52,1
user_007693,26-35,Rosario,Desktop,Basic,231,42,20.67,155.0,28,111.9,2.9,0.08,5.45,1
user_007694,36-45,Mendoza,Móvil,Basic,52,21,485.32,43.0,13,92.5,3.9,0.53,12.12,0
user_007695,36-45,Otros,Desktop,Enterprise,120,28,118.82,171.0,29,,15.2,0.488,7.0,0
user_007696,18-25,Córdoba,Móvil,Free,79,23,224.97,69.0,3,3.4,4.8,0.413,8.73,1
user_007697,36-45,Córdoba,Móvil,Premium,66,46,110.22,45.0,6,,3.3,0.362,,1
user_007698,56+,Rosario,Móvil,Basic,233,10,322.27,39.0,16,83.2,6.8,0.009,1.29,1
user_007699,26-35,Buenos Aires,Móvil,Free,215,19,230.13,155.0,24,73.8,13.2,,,1
user_007700,26-35,Buenos Aires,Móvil,Basic,57,11,455.71,94.0,6,28.9,3.6,,5.79,1
user_007701,56+,Buenos Aires,Móvil,Enterprise,313,21,142.07,162.0,16,110.3,11.3,0.607,2.01,0
user_007702,36-45,Buenos Aires,Desktop,Basic,344,16,39.05,158.0,0,,3.1,0.268,1.4,0
user_007703,46-55,Córdoba,Desktop,Premium,203,1,273.31,60.0,5,77.1,2.3,0.122,0.15,0
user_007704,18-25,Otros,Desktop,Premium,195,18,343.56,130.0,13,,13.1,0.297,2.77,0
user_007705,,Buenos Aires,Desktop,Premium,156,22,247.25,134.0,8,112.6,6.4,0.814,4.23,1
user_007706,,Buenos Aires,Móvil,Premium,132,33,325.82,81.0,15,46.9,15.6,,7.5,0
user_007707,26-35,La Plata,Móvil,Basic,250,28,125.15,21.0,24,91.1,11.9,0.883,3.36,0
user_007708,46-55,,Móvil,Basic,136,18,416.83,51.0,14,99.8,16.9,0.271,3.97,0
user_007709,26-35,Buenos Aires,Móvil,Enterprise,22,13,466.6,105.0,18,19.0,8.8,0.567,13.0,0
user_007710,36-45,Mendoza,Tablet,Basic,300,29,320.69,59.0,1,53.6,8.0,0.261,2.9,1
user_007711,,Buenos Aires,Móvil,Basic,195,43,404.35,31.0,8,102.4,10.4,0.894,6.62,0
user_007712,18-25,La Plata,Desktop,Basic,350,43,496.37,153.0,11,91.5,17.2,0.072,3.69,0
user_007713,26-35,Otros,Desktop,Basic,84,28,166.67,22.0,12,32.7,16.0,0.447,10.0,0
user_007714,46-55,Córdoba,Móvil,,198,12,310.11,96.0,5,103.6,15.1,,1.82,0
user_007715,36-45,La Plata,Desktop,Premium,354,16,281.07,90.0,23,115.6,6.9,0.968,1.36,0
user_007716,36-45,Otros,Móvil,Premium,343,46,433.28,174.0,3,28.9,16.2,0.701,4.02,1
user_007717,46-55,Buenos Aires,Tablet,Free,31,31,228.0,130.0,13,84.2,5.3,0.522,30.0,1
user_007718,26-35,Córdoba,Móvil,Basic,44,17,52.36,91.0,2,,6.4,0.041,11.59,0
user_007719,26-35,Rosario,Móvil,Free,129,44,222.22,19.0,4,39.2,15.1,0.812,10.23,0
user_007720,18-25,Rosario,Móvil,Basic,228,7,343.0,102.0,8,66.8,14.1,0.473,,0
user_007721,26-35,Rosario,Móvil,Free,60,36,112.03,143.0,20,43.2,17.6,0.697,18.0,1
user_007722,26-35,Rosario,Desktop,Basic,294,0,489.22,999.0,8,91.5,7.2,0.091,,1
user_007723,,La Plata,Desktop,Premium,131,40,459.2,17.0,11,,15.5,0.642,9.16,0
user_007724,36-45,Buenos Aires,Móvil,Premium,274,34,400.1,146.0,22,67.1,2.6,0.177,3.72,0
user_007725,46-55,Córdoba,Móvil,,60,23,163.22,179.0,28,28.6,15.9,0.846,11.5,0
user_007726,26-35,Córdoba,Móvil,Basic,108,47,77.41,17.0,4,106.8,18.9,0.798,13.06,1
user_007727,46-55,Mendoza,Tablet,Free,154,27,388.83,168.0,12,46.4,13.5,0.268,5.26,1
user_007728,26-35,Buenos Aires,Desktop,Basic,74,5,115.57,150.0,26,15.0,6.6,0.354,2.03,0
user_007729,46-55,Buenos Aires,,Basic,9,13,372.65,123.0,12,110.2,12.2,,13.0,0
user_007730,26-35,La Plata,Móvil,Free,24,35,105.14,132.0,18,16.1,9.3,0.729,35.0,0
user_007731,46-55,Otros,Desktop,Premium,3,17,45.53,97.0,11,,10.0,0.953,17.0,0
user_007732,36-45,Rosario,Móvil,Basic,26,0,477.53,999.0,5,15.8,14.0,0.33,0.0,0
user_007733,,Otros,Móvil,Premium,270,14,368.4,63.0,2,18.6,17.2,0.729,,1
user_007734,46-55,Otros,Desktop,Free,173,28,292.06,137.0,17,118.7,1.4,0.003,,0
user_007735,26-35,Rosario,Móvil,Free,108,23,67.64,176.0,19,45.9,16.6,0.551,6.39,1
user_007736,26-35,Buenos Aires,Desktop,Free,313,36,186.98,49.0,29,81.0,12.1,,3.45,0
user_007737,26-35,Córdoba,Móvil,Free,287,33,337.93,88.0,2,108.6,19.1,0.593,3.45,0
user_007738,36-45,Córdoba,Móvil,Premium,23,14,382.58,15.0,26,35.2,14.3,0.946,14.0,1
user_007739,18-25,La Plata,Desktop,Basic,185,15,261.92,179.0,16,22.2,4.2,0.416,,0
user_007740,36-45,Córdoba,Desktop,Free,346,40,248.19,113.0,14,50.1,6.5,0.968,3.47,1
user_007741,46-55,Mendoza,Móvil,Free,279,26,348.03,15.0,18,32.4,17.7,0.612,2.8,0
user_007742,36-45,,Móvil,Free,87,30,315.01,38.0,13,,9.5,,10.34,0
user_007743,26-35,Buenos Aires,Móvil,Basic,50,36,208.82,156.0,27,106.7,15.2,0.796,,1
user_007744,46-55,Buenos Aires,Móvil,Basic,77,6,249.12,101.0,21,65.7,17.8,0.962,2.34,1
user_007745,46-55,Buenos Aires,Móvil,Basic,163,10,94.01,108.0,7,,17.6,0.922,1.84,0
user_007746,36-45,Mendoza,Desktop,Free,225,5,340.86,113.0,13,22.5,16.6,,0.67,1
user_007747,26-35,Mendoza,Tablet,Basic,99,7,388.45,117.0,0,87.4,11.2,0.062,2.12,0
user_007748,26-35,La Plata,Desktop,Free,233,0,149.2,999.0,26,68.3,16.8,,,1
user_007749,56+,Buenos Aires,Móvil,Basic,197,27,204.13,178.0,2,40.0,18.8,0.359,4.11,0
user_007750,46-55,Rosario,Móvil,Free,358,29,414.29,143.0,24,34.3,13.1,0.462,2.43,0
user_007751,56+,Otros,Móvil,Free,23,33,349.77,64.0,22,6.3,1.2,0.33,33.0,1
user_007752,36-45,La Plata,Móvil,Premium,260,45,172.5,38.0,20,19.7,2.6,0.493,5.19,1
user_007753,36-45,La Plata,Móvil,Basic,27,25,211.66,24.0,24,96.1,16.9,0.363,25.0,1
user_007754,56+,Otros,Móvil,Free,145,47,144.6,177.0,21,,8.5,0.185,9.72,0
user_007755,36-45,Otros,Móvil,Free,311,38,483.66,59.0,4,56.6,3.4,0.696,3.67,1
user_007756,46-55,Buenos Aires,,Free,174,16,171.19,112.0,16,8.6,19.4,0.592,2.76,1
user_007757,36-45,Buenos Aires,Móvil,Free,160,2,229.89,110.0,18,,3.6,0.073,0.38,1
user_007758,18-25,Buenos Aires,Desktop,Premium,350,36,455.14,118.0,22,92.5,7.6,,,1
user_007759,18-25,Córdoba,Desktop,Free,162,6,414.51,104.0,7,91.1,1.7,0.007,1.11,1
user_007760,18-25,Córdoba,Móvil,Premium,156,3,467.04,70.0,0,86.9,17.3,0.602,0.58,0
user_007761,56+,Otros,Desktop,Free,58,48,230.93,15.0,13,14.9,18.1,,24.83,1
user_007762,36-45,Rosario,Móvil,Free,172,13,493.07,115.0,16,62.4,2.7,0.66,2.27,1
user_007763,36-45,Buenos Aires,Tablet,Basic,203,35,101.39,99.0,24,,15.0,0.362,5.17,0
user_007764,36-45,Mendoza,Móvil,Basic,182,43,93.66,145.0,23,32.5,14.6,0.826,7.09,0
user_007765,18-25,Otros,Móvil,Basic,14,17,15.72,116.0,2,56.4,14.5,0.823,17.0,0
user_007766,26-35,Buenos Aires,Móvil,Free,133,12,150.62,16.0,11,22.4,16.6,0.644,2.71,1
user_007767,46-55,,Desktop,Free,179,37,281.62,84.0,2,93.2,19.0,,6.2,0
user_007768,36-45,La Plata,Móvil,Basic,280,11,373.24,113.0,19,113.3,16.0,,1.18,0
user_007769,18-25,Buenos Aires,,Free,225,32,124.3,67.0,8,112.1,18.9,,4.27,1
user_007770,36-45,La Plata,Tablet,Basic,116,44,247.65,5.0,30,88.7,12.6,,,1
user_007771,26-35,Rosario,Móvil,,259,4,309.03,101.0,11,19.1,6.6,0.331,0.46,0
user_007772,26-35,Rosario,Desktop,Basic,334,29,223.63,155.0,15,117.6,17.4,0.57,2.6,1
user_007773,26-35,Mendoza,Tablet,Basic,336,35,66.35,83.0,27,2.8,1.2,0.771,,1
user_007774,36-45,Mendoza,Móvil,Premium,8,43,183.11,21.0,18,61.3,5.0,,43.0,1
user_007775,36-45,Rosario,Móvil,Premium,58,37,170.47,43.0,7,45.7,4.3,0.713,19.14,0
user_007776,,Rosario,Desktop,Free,263,20,476.34,116.0,22,90.8,12.2,0.231,2.28,1
user_007777,18-25,La Plata,Móvil,Premium,9,8,374.66,119.0,16,62.9,4.2,0.94,8.0,1
user_007778,56+,,Tablet,Free,21,28,437.5,177.0,23,118.4,6.9,,28.0,1
user_007779,36-45,Buenos Aires,Móvil,Premium,58,11,195.52,72.0,28,34.8,12.6,0.031,5.69,1
user_007780,26-35,Buenos Aires,Desktop,Basic,296,14,296.93,8.0,18,67.8,15.8,0.001,1.42,0
user_007781,36-45,Otros,Móvil,Enterprise,190,35,411.89,113.0,29,90.5,2.9,,5.53,0
user_007782,,Córdoba,Móvil,Premium,68,11,221.99,91.0,13,38.6,17.3,0.823,4.85,0
user_007783,56+,Rosario,Móvil,Free,358,0,156.83,999.0,9,30.0,16.6,0.15,,0
user_007784,,,Móvil,Free,151,18,284.73,90.0,29,116.7,15.9,0.247,,0
user_007785,46-55,Córdoba,Móvil,Free,32,31,272.6,47.0,26,77.0,13.2,0.32,,1
user_007786,36-45,Mendoza,Móvil,Premium,33,12,273.8,160.0,20,113.2,17.5,0.089,10.91,1
user_007787,26-35,Rosario,Desktop,Free,56,25,251.75,6.0,30,,18.2,0.283,13.39,0
user_007788,46-55,Buenos Aires,Tablet,Free,340,11,381.92,81.0,23,119.6,11.0,0.005,0.97,1
user_007789,,Buenos Aires,Tablet,Basic,251,35,265.39,112.0,17,,2.5,0.351,4.18,1
user_007790,26-35,Rosario,Desktop,Basic,341,25,471.2,13.0,15,30.9,7.3,,2.2,0
user_007791,26-35,Mendoza,Móvil,Free,104,44,275.36,145.0,5,37.8,15.2,0.942,12.69,0
user_007792,36-45,Buenos Aires,Móvil,Basic,39,31,425.91,170.0,11,91.9,8.1,0.563,23.85,0
user_007793,56+,Buenos Aires,Móvil,Free,63,14,474.36,75.0,3,108.0,2.6,0.105,6.67,1
user_007794,56+,Buenos Aires,Móvil,Premium,273,6,206.23,51.0,14,32.1,13.7,0.604,0.66,0
user_007795,46-55,Buenos Aires,Desktop,Free,145,11,56.49,68.0,24,109.8,3.5,0.531,2.28,1
user_007796,,,Tablet,Basic,54,34,142.85,52.0,14,34.3,3.4,0.488,,1
user_007797,56+,Buenos Aires,Desktop,Premium,87,1,304.27,36.0,5,53.4,2.9,0.556,0.34,1
user_007798,36-45,Rosario,Móvil,Premium,193,13,36.32,90.0,21,79.0,15.9,0.695,2.02,1
user_007799,26-35,Rosario,Móvil,Free,283,37,409.0,156.0,12,33.4,2.7,0.257,3.92,1
user_007800,26-35,Córdoba,Desktop,Free,179,4,70.26,35.0,18,10.2,9.5,0.81,0.67,1
user_007801,,Buenos Aires,Desktop,Premium,291,5,231.51,34.0,6,97.6,13.4,0.391,0.52,0
user_007802,36-45,Rosario,Móvil,Premium,246,31,61.84,122.0,2,64.2,5.4,0.809,3.78,0
user_007803,26-35,Buenos Aires,Desktop,Free,327,36,31.08,180.0,4,89.9,13.9,0.78,,1
user_007804,26-35,Otros,Móvil,Free,308,24,468.88,120.0,3,33.7,17.6,0.863,2.34,1
user_007805,36-45,Buenos Aires,Tablet,Premium,46,11,25.59,26.0,0,84.3,13.9,0.775,7.17,0
user_007806,26-35,Córdoba,Móvil,,20,1,223.85,21.0,5,62.0,10.5,0.665,1.0,1
user_007807,46-55,Buenos Aires,Móvil,Enterprise,154,15,374.47,85.0,25,87.0,11.3,,2.92,1
user_007808,46-55,Rosario,Móvil,Enterprise,109,35,216.64,154.0,1,70.1,3.1,0.39,9.63,1
user_007809,26-35,La Plata,Desktop,Premium,168,23,208.18,36.0,8,40.0,7.4,0.197,4.11,1
user_007810,,Rosario,,Basic,321,32,187.69,80.0,17,43.9,18.0,,2.99,0
user_007811,26-35,Buenos Aires,Móvil,Free,50,22,267.01,20.0,9,28.4,18.5,,,1
user_007812,26-35,La Plata,Móvil,Premium,219,31,143.55,102.0,21,102.6,9.0,,4.25,1
user_007813,46-55,Córdoba,Móvil,Free,156,48,228.71,106.0,0,40.3,10.0,0.897,9.23,0
user_007814,26-35,Buenos Aires,Desktop,Free,306,24,144.84,131.0,4,12.3,6.3,,2.35,1
user_007815,46-55,Mendoza,Desktop,Basic,31,49,475.55,85.0,19,,16.7,0.585,47.42,1
user_007816,18-25,Córdoba,Móvil,Basic,247,40,270.13,121.0,19,115.4,10.7,,4.86,0
user_007817,18-25,Buenos Aires,Móvil,Enterprise,274,1,396.93,94.0,16,47.2,2.2,0.87,,1
user_007818,26-35,Córdoba,Móvil,Basic,357,37,327.51,26.0,4,22.9,3.2,,3.11,0
user_007819,36-45,Otros,Móvil,Enterprise,254,34,348.63,69.0,18,8.4,3.5,0.59,,0
user_007820,36-45,Buenos Aires,Desktop,Free,317,49,428.06,153.0,14,73.5,16.0,0.987,4.64,1
user_007821,18-25,Córdoba,Móvil,Basic,65,2,360.52,4.0,23,92.9,4.9,0.248,0.92,0
user_007822,26-35,La Plata,Móvil,Free,140,46,15.05,45.0,17,53.6,4.4,0.202,9.86,1
user_007823,26-35,Mendoza,Desktop,Free,81,26,190.33,172.0,16,51.5,3.6,,9.63,0
user_007824,26-35,La Plata,Desktop,Premium,29,21,264.06,3.0,0,77.4,5.8,0.661,21.0,0
user_007825,26-35,La Plata,Móvil,Premium,319,4,470.51,88.0,28,78.5,3.2,0.434,0.38,1
user_007826,18-25,Mendoza,Móvil,Basic,27,15,467.36,57.0,1,105.0,14.5,0.507,15.0,1
user_007827,36-45,Rosario,Móvil,Basic,105,19,411.43,89.0,22,106.0,13.4,0.568,5.43,0
user_007828,18-25,Buenos Aires,Móvil,Premium,190,23,216.33,75.0,22,44.9,10.4,,3.63,1
user_007829,26-35,Otros,Móvil,Free,307,23,62.55,95.0,27,116.8,7.6,0.284,2.25,1
user_007830,26-35,Rosario,Móvil,Premium,243,6,130.35,142.0,4,7.6,6.3,0.218,,1
user_007831,46-55,Buenos Aires,Móvil,Basic,109,29,344.16,82.0,7,79.1,5.9,,7.98,1
user_007832,46-55,La Plata,Móvil,Free,245,33,250.21,87.0,17,46.6,4.4,0.943,4.04,1
user_007833,26-35,,Móvil,Premium,198,26,147.06,137.0,18,48.5,2.3,0.334,3.94,0
user_007834,46-55,La Plata,Móvil,Premium,147,15,293.02,149.0,23,68.3,11.1,,3.06,1
user_007835,26-35,Buenos Aires,Desktop,Premium,363,6,189.36,145.0,30,102.4,12.8,0.912,,1
user_007836,36-45,Córdoba,Móvil,Free,32,34,42.71,154.0,7,115.0,15.6,,31.88,1
user_007837,36-45,Rosario,Móvil,Basic,108,6,494.82,105.0,23,1.9,8.8,0.083,1.67,0
user_007838,36-45,Buenos Aires,Desktop,Free,167,46,482.39,125.0,21,52.0,5.5,0.072,,0
user_007839,36-45,Córdoba,Móvil,Premium,307,7,256.71,22.0,22,49.5,10.7,,0.68,1
user_007840,46-55,Buenos Aires,Móvil,Premium,181,35,478.55,54.0,16,41.3,11.2,,,1
user_007841,36-45,Mendoza,Desktop,Basic,129,22,426.81,55.0,10,111.9,18.5,0.561,5.12,1
user_007842,36-45,,Móvil,Free,344,22,308.5,122.0,21,38.1,11.4,,1.92,0
user_007843,26-35,Córdoba,Móvil,Free,87,11,97.64,10.0,5,37.1,15.9,0.663,,0
user_007844,18-25,Mendoza,Desktop,Basic,52,2,356.59,33.0,30,109.2,1.6,0.96,1.15,0
user_007845,56+,La Plata,Móvil,Basic,34,32,169.32,38.0,28,105.5,19.9,0.729,28.24,1
user_007846,26-35,La Plata,Móvil,Basic,14,16,466.88,20.0,28,52.4,8.5,0.947,,1
user_007847,18-25,Rosario,Móvil,Basic,358,6,11.52,18.0,20,13.1,19.9,0.271,0.5,0
user_007848,18-25,Rosario,Móvil,Free,21,4,247.82,85.0,16,68.0,2.3,0.101,4.0,0
user_007849,26-35,Córdoba,Tablet,Free,123,25,84.03,13.0,19,60.2,7.5,,,0
user_007850,,Mendoza,Móvil,Basic,56,26,162.33,176.0,1,7.2,3.5,0.209,13.93,1
user_007851,36-45,Buenos Aires,Desktop,Premium,280,45,191.42,114.0,28,,14.6,0.157,4.82,1
user_007852,36-45,Córdoba,Móvil,Free,202,33,182.8,13.0,20,37.3,8.5,0.053,4.9,1
user_007853,36-45,La Plata,Desktop,Free,50,50,152.45,178.0,3,46.9,12.0,0.173,30.0,1
user_007854,26-35,Córdoba,Desktop,Basic,132,5,460.44,84.0,19,112.6,18.2,0.033,1.14,1
user_007855,18-25,Buenos Aires,Móvil,Basic,19,39,420.08,78.0,8,44.9,17.1,0.663,39.0,1
user_007856,26-35,Otros,Móvil,Free,36,46,361.73,124.0,7,117.4,5.7,0.597,38.33,0
user_007857,26-35,Mendoza,Móvil,Premium,311,7,123.09,16.0,7,34.3,11.5,0.88,0.68,0
user_007858,56+,Otros,Móvil,Basic,273,38,414.03,83.0,4,36.8,3.2,0.228,4.18,1
user_007859,46-55,Buenos Aires,Móvil,Premium,97,35,265.06,115.0,9,33.0,10.5,0.112,,0
user_007860,56+,Córdoba,Móvil,Premium,274,32,201.45,141.0,24,85.7,4.0,0.317,3.5,0
user_007861,36-45,Rosario,Tablet,Premium,40,19,77.14,174.0,2,,4.5,0.828,14.25,0
user_007862,46-55,La Plata,Móvil,Basic,67,40,477.75,21.0,8,23.4,19.8,0.779,17.91,1
user_007863,,Córdoba,Desktop,Premium,228,26,459.13,167.0,18,82.9,19.7,0.505,3.42,0
user_007864,26-35,Rosario,Móvil,Free,208,24,63.81,5.0,26,91.2,15.7,0.272,3.46,0
user_007865,18-25,La Plata,Móvil,Free,231,21,496.1,,11,67.3,18.7,0.997,2.73,1
user_007866,46-55,Otros,Desktop,Enterprise,125,31,43.61,18.0,0,50.7,18.2,,7.44,0
user_007867,26-35,Córdoba,Móvil,Basic,258,35,479.68,53.0,20,31.9,4.5,0.631,,1
user_007868,36-45,Buenos Aires,Móvil,Premium,339,0,229.4,999.0,3,7.9,4.0,0.734,0.0,0
user_007869,36-45,Córdoba,Móvil,Free,291,28,124.35,172.0,6,,2.4,0.449,2.89,1
user_007870,,La Plata,Móvil,Free,15,46,471.5,97.0,11,53.7,6.2,,46.0,0
user_007871,18-25,Córdoba,Móvil,Free,172,18,33.23,58.0,26,87.9,8.5,0.245,3.14,1
user_007872,,Buenos Aires,Móvil,Basic,245,23,34.89,112.0,28,,5.6,,2.82,0
user_007873,26-35,Rosario,Móvil,Basic,30,29,356.98,8.0,3,73.2,4.7,0.77,29.0,0
user_007874,26-35,Rosario,Móvil,Basic,210,7,379.92,56.0,5,,18.1,0.792,1.0,1
user_007875,36-45,Córdoba,Móvil,Premium,42,17,328.81,54.0,15,93.8,6.2,0.503,,1
user_007876,18-25,Buenos Aires,Desktop,Free,176,33,481.27,56.0,30,111.3,14.5,0.409,5.62,1
user_007877,46-55,Buenos Aires,Móvil,Basic,328,45,381.13,161.0,17,,7.8,0.918,4.12,0
user_007878,36-45,Buenos Aires,Móvil,Basic,28,22,337.53,157.0,19,65.9,17.0,,22.0,1
user_007879,18-25,Buenos Aires,Móvil,Free,334,1,187.38,138.0,10,111.5,18.7,,0.09,1
user_007880,,Buenos Aires,Móvil,Free,343,2,257.94,122.0,28,59.8,16.8,0.929,0.17,1
user_007881,56+,Buenos Aires,Móvil,Free,79,40,322.39,61.0,14,20.9,19.3,0.24,15.19,0
user_007882,36-45,Mendoza,Móvil,Free,347,24,455.3,26.0,13,7.1,3.9,0.451,2.07,0
user_007883,36-45,Rosario,Móvil,Basic,226,42,99.49,119.0,14,,17.0,,5.58,0
user_007884,18-25,Rosario,Desktop,Basic,10,14,92.79,180.0,10,,2.5,0.719,,0
user_007885,26-35,Buenos Aires,Móvil,Basic,86,12,115.2,73.0,13,18.1,8.8,0.251,4.19,0
user_007886,18-25,Buenos Aires,Desktop,Premium,236,17,406.85,92.0,19,12.9,14.1,0.972,2.16,0
user_007887,36-45,Mendoza,Desktop,Free,243,30,447.08,114.0,13,20.3,19.4,,3.7,1
user_007888,46-55,Otros,Desktop,Free,16,26,19.32,35.0,27,98.5,19.3,0.312,26.0,1
user_007889,36-45,Córdoba,Desktop,Premium,78,44,63.32,9.0,4,53.9,15.0,0.558,16.92,0
user_007890,56+,Otros,Móvil,Basic,91,7,497.58,30.0,13,34.5,1.9,,2.31,0
user_007891,46-55,Córdoba,Desktop,Premium,209,27,437.23,85.0,6,77.7,18.1,,3.88,0
user_007892,26-35,Córdoba,Desktop,Basic,161,29,380.87,90.0,26,55.1,5.1,0.794,5.4,1
user_007893,46-55,Rosario,Desktop,Premium,80,12,46.37,57.0,7,67.5,15.3,,,1
user_007894,46-55,Córdoba,Tablet,Enterprise,285,8,87.94,42.0,4,,6.7,0.902,0.84,0
user_007895,46-55,Rosario,Desktop,Free,33,42,460.73,178.0,4,46.1,11.7,0.601,38.18,0
user_007896,46-55,Córdoba,Tablet,Free,167,18,494.51,80.0,24,83.9,11.7,0.816,3.23,1
user_007897,26-35,Rosario,Móvil,Basic,64,50,162.55,27.0,28,87.3,8.6,0.372,,1
user_007898,36-45,Buenos Aires,Móvil,Basic,167,19,328.35,143.0,7,95.1,14.8,0.594,3.41,0
user_007899,36-45,Mendoza,Móvil,Free,106,3,335.61,75.0,1,98.1,5.1,0.722,,0
user_007900,36-45,Rosario,Móvil,Premium,184,18,342.52,12.0,17,43.0,18.1,0.34,2.93,1
user_007901,18-25,Mendoza,Desktop,Basic,202,40,345.96,143.0,3,46.1,1.7,,,1
user_007902,46-55,Buenos Aires,Móvil,Basic,48,26,299.76,117.0,17,,18.7,0.596,16.25,1
user_007903,26-35,La Plata,Desktop,Free,166,35,55.38,67.0,25,59.2,19.7,,6.33,1
user_007904,18-25,,Móvil,Free,147,2,204.19,86.0,2,38.5,18.0,,0.41,1
user_007905,,Rosario,Desktop,Premium,273,49,23.37,54.0,12,,4.9,0.788,5.38,1
user_007906,36-45,Mendoza,Desktop,Free,238,13,195.05,88.0,13,82.2,8.0,0.522,,1
user_007907,36-45,Otros,Móvil,Premium,312,6,244.64,121.0,17,108.3,13.8,0.939,,1
user_007908,26-35,Buenos Aires,Desktop,Basic,121,37,222.58,101.0,14,43.5,6.0,0.692,9.17,1
user_007909,18-25,Mendoza,Móvil,Basic,180,42,417.39,90.0,17,88.8,10.0,0.243,7.0,1
user_007910,46-55,Otros,Móvil,Free,32,9,329.39,148.0,0,3.7,8.5,0.303,8.44,1
user_007911,56+,Rosario,Móvil,Free,100,20,28.27,69.0,17,,2.2,0.883,6.0,1
user_007912,18-25,,Móvil,Premium,343,34,237.39,125.0,25,7.3,2.8,,2.97,1
user_007913,56+,Rosario,Móvil,Free,236,4,185.22,155.0,13,50.9,13.2,,0.51,1
user_007914,,Buenos Aires,Desktop,Enterprise,272,15,370.62,158.0,26,29.5,9.5,0.032,,1
user_007915,,Rosario,Desktop,Premium,118,30,172.59,78.0,29,78.4,12.3,0.639,7.63,0
user_007916,36-45,Córdoba,Móvil,Free,2,22,229.17,144.0,4,59.5,2.1,0.506,22.0,1
user_007917,18-25,Buenos Aires,Móvil,Premium,177,3,152.61,58.0,9,101.2,11.2,0.401,0.51,1
user_007918,36-45,Otros,Desktop,Free,309,9,125.98,46.0,25,34.4,19.5,,,1
user_007919,46-55,Mendoza,Desktop,Free,72,44,435.25,11.0,4,86.2,3.8,0.726,18.33,0
user_007920,26-35,Buenos Aires,Móvil,Free,183,20,154.78,57.0,3,38.7,15.9,0.173,3.28,0
user_007921,36-45,Buenos Aires,Tablet,Free,294,38,197.68,92.0,3,102.7,7.6,0.06,3.88,1
user_007922,26-35,Rosario,Móvil,Premium,85,18,373.65,110.0,13,67.7,2.0,,6.35,0
user_007923,56+,Buenos Aires,Móvil,Basic,192,1,338.21,78.0,6,62.0,12.3,0.724,,1
user_007924,46-55,Córdoba,Móvil,Free,210,5,394.49,22.0,28,7.2,10.4,0.886,0.71,1
user_007925,36-45,Buenos Aires,Móvil,Free,3,31,244.3,37.0,19,56.8,4.6,0.215,31.0,0
user_007926,26-35,Córdoba,Móvil,Free,37,19,201.15,31.0,4,88.1,10.7,0.879,15.41,0
user_007927,46-55,Buenos Aires,Tablet,Basic,13,44,295.15,162.0,7,,12.7,0.499,44.0,1
user_007928,56+,Rosario,Desktop,,273,45,99.03,117.0,19,2.3,10.2,0.205,,0
user_007929,18-25,Rosario,Desktop,Basic,0,43,185.07,114.0,17,28.2,10.8,,43.0,0
user_007930,56+,Rosario,Desktop,Free,189,13,422.82,76.0,12,85.1,13.2,0.913,2.06,0
user_007931,36-45,Córdoba,Móvil,Free,294,15,309.86,170.0,24,,11.6,,1.53,0
user_007932,56+,La Plata,Móvil,Basic,341,37,267.82,158.0,18,88.9,14.1,0.749,,1
user_007933,36-45,Córdoba,Móvil,Basic,73,36,272.1,101.0,27,96.5,13.0,,14.79,0
user_007934,26-35,Otros,Tablet,Premium,127,23,185.71,10.0,25,65.8,4.7,0.262,5.43,0
user_007935,26-35,Buenos Aires,Desktop,Basic,84,39,169.32,72.0,9,106.6,10.2,0.831,13.93,1
user_007936,36-45,Córdoba,Móvil,Enterprise,93,47,207.78,145.0,29,63.9,3.4,0.662,15.16,0
user_007937,36-45,Buenos Aires,Desktop,Free,314,13,304.98,177.0,29,114.5,4.1,0.594,1.24,1
user_007938,36-45,Otros,Móvil,Premium,141,1,412.3,153.0,11,79.6,3.5,0.899,0.21,1
user_007939,18-25,Córdoba,Móvil,Free,257,15,348.37,28.0,0,92.7,9.6,0.904,1.75,1
user_007940,26-35,Mendoza,Móvil,Basic,276,3,119.49,35.0,16,6.5,13.7,0.142,0.33,1
user_007941,46-55,Rosario,Móvil,,3,18,378.83,65.0,12,114.1,4.1,0.177,18.0,1
user_007942,26-35,Buenos Aires,Móvil,Premium,48,24,119.26,22.0,16,,5.3,0.335,,1
user_007943,26-35,Buenos Aires,Móvil,Basic,179,2,319.65,128.0,1,44.6,1.1,0.113,0.34,0
user_007944,36-45,Córdoba,Móvil,Premium,279,36,14.3,20.0,15,85.7,3.7,0.9,,0
user_007945,36-45,Buenos Aires,Móvil,Basic,109,42,441.81,63.0,3,45.1,5.0,0.364,11.56,1
user_007946,36-45,Buenos Aires,Móvil,Free,17,40,340.25,47.0,21,60.2,16.7,0.736,40.0,1
user_007947,36-45,Rosario,Desktop,Free,55,0,371.48,999.0,24,,19.0,,0.0,0
user_007948,46-55,Mendoza,Desktop,Basic,228,14,137.53,180.0,8,47.8,10.5,0.631,1.84,0
user_007949,36-45,Rosario,Móvil,Premium,7,35,417.28,150.0,30,105.0,1.8,,,1
user_007950,56+,Córdoba,Tablet,Free,285,20,138.87,60.0,17,22.4,2.5,0.417,2.11,0
user_007951,36-45,Rosario,Móvil,Basic,105,4,301.94,166.0,30,9.0,19.9,0.004,1.14,0
user_007952,18-25,Otros,Desktop,Premium,357,46,238.05,2.0,24,54.6,15.2,0.224,3.87,1
user_007953,36-45,Buenos Aires,Móvil,Premium,43,9,52.37,119.0,21,87.9,11.6,0.566,6.28,1
user_007954,26-35,Buenos Aires,Móvil,Premium,220,41,466.3,171.0,20,20.0,3.5,0.268,5.59,1
user_007955,56+,Buenos Aires,Desktop,Free,210,23,80.67,87.0,5,112.4,13.9,,3.29,0
user_007956,56+,Rosario,Desktop,Premium,219,0,151.92,999.0,21,,11.1,,,1
user_007957,26-35,Rosario,Móvil,Free,216,30,433.45,9.0,15,59.8,4.0,0.25,4.17,1
user_007958,46-55,La Plata,Móvil,Enterprise,222,33,281.41,180.0,30,88.9,6.4,,4.46,0
user_007959,18-25,Buenos Aires,Desktop,Basic,253,31,193.43,80.0,4,113.8,10.3,,,0
user_007960,,Córdoba,Tablet,Basic,61,16,490.27,11.0,24,84.5,11.9,0.256,,1
user_007961,18-25,La Plata,Móvil,Free,51,8,362.48,115.0,0,10.4,18.1,,4.71,1
user_007962,46-55,,Desktop,Premium,193,49,475.38,112.0,15,113.4,9.9,0.856,,0
user_007963,18-25,Buenos Aires,,Premium,172,41,345.12,115.0,12,46.5,8.5,0.05,7.15,0
user_007964,18-25,La Plata,Desktop,Free,66,10,124.35,40.0,11,23.4,11.0,,4.55,1
user_007965,18-25,Rosario,Móvil,Basic,134,46,70.76,100.0,23,67.3,19.2,0.446,10.3,0
user_007966,,Buenos Aires,Desktop,Free,340,6,217.78,146.0,29,41.0,8.6,0.9,,0
user_007967,18-25,Otros,Móvil,Free,72,50,17.4,14.0,15,95.3,14.7,0.876,20.83,0
user_007968,,Buenos Aires,Desktop,Basic,151,10,140.91,16.0,24,11.4,2.5,0.242,1.99,1
user_007969,26-35,Buenos Aires,Tablet,Premium,72,13,409.59,,25,8.4,17.2,0.786,,1
user_007970,46-55,Buenos Aires,Móvil,Premium,168,48,296.07,177.0,27,14.6,9.4,0.714,8.57,1
user_007971,26-35,La Plata,Desktop,Premium,169,25,421.55,26.0,9,,5.2,0.538,4.44,1
user_007972,18-25,Mendoza,Desktop,Basic,41,21,61.53,95.0,7,66.0,2.8,0.78,,0
user_007973,26-35,Rosario,Móvil,Enterprise,275,25,22.76,101.0,13,116.4,14.1,,2.73,1
user_007974,18-25,Buenos Aires,Desktop,Premium,255,39,210.92,61.0,14,58.1,2.2,0.667,4.59,0
user_007975,36-45,Buenos Aires,Tablet,Basic,323,8,95.21,79.0,25,24.9,14.4,0.637,0.74,1
user_007976,46-55,Buenos Aires,Tablet,Free,167,17,453.53,138.0,4,113.2,10.3,0.307,3.05,0
user_007977,26-35,Otros,Móvil,Basic,189,27,339.23,37.0,23,52.5,15.1,,4.29,0
user_007978,36-45,Córdoba,Tablet,Free,49,47,54.24,153.0,3,54.5,18.6,,28.78,1
user_007979,26-35,Córdoba,Móvil,Free,145,29,250.85,73.0,10,,6.3,0.878,6.0,0
user_007980,26-35,Córdoba,Móvil,Free,186,49,210.75,78.0,16,72.1,5.8,0.637,7.9,0
user_007981,26-35,La Plata,Tablet,Premium,79,27,453.95,117.0,6,114.5,11.3,,,1
user_007982,36-45,Buenos Aires,Móvil,Basic,6,4,375.14,60.0,9,74.7,4.8,0.092,4.0,1
user_007983,46-55,Córdoba,Desktop,Basic,170,49,332.73,27.0,29,1.1,4.8,0.774,8.65,1
user_007984,18-25,Córdoba,Móvil,Basic,102,30,121.66,102.0,24,,11.1,0.668,8.82,1
user_007985,46-55,Otros,Móvil,Basic,80,10,94.46,24.0,8,16.4,19.3,0.099,3.75,0
user_007986,46-55,Buenos Aires,Móvil,Enterprise,26,0,144.15,999.0,8,,6.6,0.844,,1
user_007987,46-55,La Plata,Desktop,Premium,299,11,166.49,96.0,28,94.1,18.5,0.801,1.1,0
user_007988,46-55,Córdoba,Móvil,Free,72,12,360.22,61.0,1,,5.1,0.402,,0
user_007989,26-35,Buenos Aires,Móvil,Premium,255,30,242.37,153.0,24,58.5,14.0,0.718,3.53,0
user_007990,18-25,Córdoba,Desktop,Basic,168,7,469.06,65.0,22,71.9,6.9,0.813,,0
user_007991,18-25,La Plata,Móvil,Free,310,17,51.59,17.0,25,76.2,8.8,0.87,1.65,1
user_007992,26-35,La Plata,Móvil,Premium,347,48,29.31,23.0,22,54.7,8.0,0.674,,0
user_007993,36-45,,Desktop,Free,107,28,234.64,18.0,1,13.6,14.8,0.406,7.85,1
user_007994,26-35,Mendoza,Móvil,Basic,364,14,246.46,99.0,3,21.9,6.3,0.367,1.15,1
user_007995,36-45,Otros,Móvil,Premium,306,47,72.43,165.0,4,51.2,19.8,0.333,,0
user_007996,46-55,Buenos Aires,Móvil,Premium,57,46,36.21,160.0,22,43.2,11.8,0.749,24.21,1
user_007997,36-45,Buenos Aires,Móvil,Premium,59,49,280.12,125.0,3,31.7,5.0,0.073,24.92,0
user_007998,18-25,La Plata,Móvil,Premium,359,20,259.19,140.0,9,27.3,8.4,0.434,1.67,1
user_007999,36-45,Mendoza,Desktop,Free,106,30,412.17,65.0,8,93.3,1.6,0.451,,1
user_008000,56+,Buenos Aires,Desktop,Free,50,27,62.94,132.0,10,8.6,1.4,0.262,,1
user_008001,36-45,Mendoza,Móvil,Premium,228,27,466.56,137.0,4,106.7,7.5,0.067,,1
user_008002,46-55,Buenos Aires,Desktop,Free,3,30,242.98,19.0,28,67.7,14.9,0.203,30.0,0
user_008003,36-45,Rosario,Móvil,Basic,57,46,278.33,66.0,14,49.7,7.6,,,1
user_008004,26-35,Buenos Aires,Móvil,Free,110,5,130.56,128.0,25,50.6,10.9,,1.36,1
user_008005,56+,Córdoba,Desktop,Basic,274,46,482.99,37.0,20,25.1,10.0,,5.04,0
user_008006,36-45,Córdoba,Tablet,Premium,205,23,245.77,167.0,27,28.7,3.8,0.193,3.37,0
user_008007,18-25,Buenos Aires,Móvil,Basic,309,3,74.19,123.0,21,114.2,14.1,0.722,0.29,1
user_008008,26-35,Córdoba,Móvil,Free,262,22,84.08,75.0,4,,3.8,0.459,2.52,0
user_008009,26-35,Buenos Aires,Desktop,Basic,5,27,341.96,6.0,15,42.4,17.1,0.905,,1
user_008010,,Rosario,Móvil,Free,311,1,444.23,32.0,9,110.7,14.7,,0.1,1
user_008011,18-25,Córdoba,Móvil,Basic,147,7,181.35,113.0,22,43.6,11.0,0.584,1.43,1
user_008012,26-35,Córdoba,Tablet,Basic,122,33,422.3,11.0,21,105.3,12.1,0.108,8.11,1
user_008013,36-45,Córdoba,Móvil,Free,56,11,122.94,58.0,7,104.2,7.3,0.721,5.89,0
user_008014,26-35,La Plata,Móvil,Premium,275,20,319.34,2.0,28,34.4,6.1,0.889,2.18,0
user_008015,26-35,Buenos Aires,Móvil,Basic,81,13,82.43,14.0,0,6.7,13.9,0.165,4.81,0
user_008016,36-45,Córdoba,Tablet,Basic,51,38,199.74,10.0,15,24.0,3.1,0.368,22.35,1
user_008017,36-45,Buenos Aires,Móvil,Free,9,24,72.12,67.0,24,5.3,6.1,0.592,,0
user_008018,46-55,Rosario,Desktop,Basic,100,43,71.68,126.0,26,102.1,13.5,0.321,,1
user_008019,18-25,Buenos Aires,Desktop,Premium,288,5,401.73,93.0,20,,17.0,0.46,0.52,0
user_008020,26-35,Rosario,Desktop,Premium,173,23,131.76,39.0,26,117.2,6.1,,3.99,0
user_008021,36-45,Córdoba,Móvil,Basic,229,11,157.09,148.0,5,71.7,19.0,0.623,1.44,0
user_008022,18-25,Otros,Móvil,Basic,28,43,441.32,46.0,16,15.7,1.8,0.91,43.0,1
user_008023,26-35,Córdoba,Móvil,Enterprise,298,42,120.95,110.0,27,54.3,2.0,,4.23,1
user_008024,36-45,Córdoba,Desktop,Enterprise,82,5,336.07,133.0,13,21.3,4.5,0.8,1.83,0
user_008025,36-45,Rosario,Móvil,Premium,201,27,316.17,65.0,4,,1.6,,,0
user_008026,36-45,Rosario,Tablet,Free,171,14,482.37,141.0,8,,14.2,0.166,2.46,1
user_008027,36-45,Mendoza,Desktop,Basic,54,21,192.77,178.0,30,23.5,19.1,0.288,11.67,0
user_008028,36-45,Córdoba,Desktop,Free,144,18,237.47,55.0,12,116.9,11.8,0.171,3.75,0
user_008029,26-35,Buenos Aires,Tablet,Free,145,46,244.5,31.0,26,40.2,18.0,0.694,9.52,0
user_008030,26-35,Rosario,Desktop,Premium,152,32,460.77,14.0,29,107.3,19.7,0.447,,1
user_008031,56+,Rosario,Móvil,Free,282,27,239.58,180.0,12,33.6,13.0,0.351,,1
user_008032,18-25,Córdoba,Tablet,Free,225,3,468.03,171.0,29,8.5,9.4,0.153,0.4,1
user_008033,46-55,Mendoza,Móvil,Basic,90,3,323.69,155.0,1,42.7,16.5,0.237,1.0,1
user_008034,26-35,Buenos Aires,,Free,358,49,454.23,38.0,9,85.5,17.2,0.931,4.11,1
user_008035,26-35,Buenos Aires,Móvil,Basic,352,43,175.65,70.0,23,77.2,5.4,,3.66,0
user_008036,26-35,Córdoba,Móvil,Premium,40,41,389.22,60.0,16,71.0,13.0,0.05,30.75,1
user_008037,46-55,Otros,Desktop,Free,52,42,384.87,87.0,9,112.1,9.4,,,1
user_008038,18-25,Buenos Aires,Móvil,Free,335,12,316.23,149.0,1,101.6,9.0,0.816,1.07,1
user_008039,26-35,Córdoba,Móvil,Free,39,1,475.17,35.0,10,25.1,1.2,0.755,0.77,1
user_008040,46-55,Rosario,Desktop,Free,181,41,362.63,78.0,19,69.7,2.3,,6.8,0
user_008041,46-55,Buenos Aires,Tablet,Basic,1,39,185.65,49.0,30,38.6,5.8,0.991,39.0,0
user_008042,26-35,La Plata,Desktop,Free,301,33,370.65,180.0,2,23.6,8.0,0.914,3.29,0
user_008043,,Rosario,Móvil,Basic,29,46,109.05,168.0,14,42.8,12.8,0.793,46.0,0
user_008044,46-55,Otros,Desktop,Free,44,25,218.05,70.0,6,4.6,9.5,0.516,17.05,0
user_008045,18-25,Córdoba,Desktop,Basic,205,12,432.95,41.0,24,101.1,11.4,,1.76,0
user_008046,26-35,La Plata,,Premium,136,18,452.06,150.0,3,10.8,8.2,0.484,3.97,1
user_008047,26-35,Mendoza,Móvil,Free,33,4,294.22,17.0,9,24.4,7.8,0.915,3.64,0
user_008048,,Buenos Aires,Tablet,Free,20,47,31.96,163.0,1,91.9,13.2,0.217,47.0,0
user_008049,18-25,Buenos Aires,Tablet,Basic,55,35,484.08,4.0,7,102.1,18.9,0.174,,1
user_008050,36-45,La Plata,Móvil,Premium,68,38,379.08,40.0,17,,17.2,0.821,16.76,0
user_008051,36-45,Buenos Aires,Desktop,Basic,128,13,483.66,173.0,6,21.3,17.1,0.258,3.05,0
user_008052,56+,Mendoza,Móvil,Free,312,11,72.81,88.0,18,,8.9,0.211,1.06,0
user_008053,56+,Buenos Aires,Desktop,Free,7,40,64.03,95.0,11,65.5,17.8,0.601,40.0,1
user_008054,18-25,Córdoba,Móvil,Premium,310,14,36.39,175.0,11,18.7,9.6,,,1
user_008055,36-45,Córdoba,Móvil,Premium,235,45,157.24,130.0,22,1.9,18.0,0.885,5.74,0
user_008056,56+,Otros,Desktop,Free,182,40,391.8,163.0,11,80.6,7.0,,6.59,0
user_008057,26-35,Buenos Aires,Móvil,Free,210,30,90.65,180.0,6,11.8,13.7,0.875,4.29,0
user_008058,36-45,Rosario,Móvil,Basic,310,19,144.29,56.0,11,,10.3,0.336,1.84,1
user_008059,18-25,Buenos Aires,Desktop,Enterprise,9,0,267.45,999.0,1,115.8,16.0,0.129,0.0,1
user_008060,26-35,Buenos Aires,Desktop,Enterprise,38,37,372.97,5.0,0,16.7,9.5,0.009,29.21,1
user_008061,26-35,La Plata,Desktop,Premium,215,2,21.46,139.0,23,105.8,2.9,0.954,0.28,0
user_008062,26-35,Buenos Aires,Móvil,Free,122,29,86.83,61.0,28,3.8,18.8,,,1
user_008063,26-35,Córdoba,Móvil,Basic,60,37,418.22,118.0,16,62.7,7.6,,18.5,0
user_008064,18-25,Rosario,Tablet,Basic,225,21,40.47,110.0,0,20.8,2.5,,2.8,0
user_008065,36-45,Buenos Aires,Móvil,Basic,187,3,465.63,131.0,24,119.9,18.2,0.786,0.48,1
user_008066,,Buenos Aires,Desktop,Basic,157,8,218.97,34.0,6,34.3,2.1,0.043,1.53,1
user_008067,18-25,Mendoza,Móvil,Free,253,37,457.71,3.0,6,,6.4,,4.39,1
user_008068,26-35,Buenos Aires,Desktop,Premium,313,21,410.26,18.0,22,65.6,19.7,0.898,2.01,0
user_008069,18-25,Buenos Aires,Móvil,Basic,307,10,58.0,17.0,13,108.6,6.1,0.016,0.98,1
user_008070,46-55,Mendoza,Desktop,Free,305,33,126.82,162.0,21,62.3,3.5,0.683,3.25,0
user_008071,36-45,La Plata,Tablet,Basic,257,26,327.66,22.0,18,57.6,1.2,0.305,3.04,1
user_008072,18-25,Otros,Desktop,Enterprise,330,42,450.7,128.0,18,74.4,13.7,0.412,3.82,0
user_008073,56+,Otros,Tablet,Basic,57,26,137.16,175.0,19,8.1,12.8,0.118,,0
user_008074,46-55,Buenos Aires,Móvil,Free,207,5,214.63,53.0,6,33.5,2.1,0.431,0.72,1
user_008075,26-35,Buenos Aires,Móvil,Free,238,30,105.0,19.0,15,116.7,11.4,0.262,3.78,0
user_008076,36-45,Otros,Desktop,Free,93,31,161.01,68.0,16,41.5,3.3,,10.0,1
user_008077,26-35,Mendoza,Desktop,Premium,333,43,214.77,143.0,27,107.9,13.9,,3.87,1
user_008078,36-45,Buenos Aires,Desktop,Free,128,1,480.06,13.0,3,92.4,6.2,0.966,0.23,1
user_008079,18-25,Córdoba,Móvil,Free,325,10,491.71,35.0,3,104.2,16.7,0.068,0.92,0
user_008080,26-35,Córdoba,Móvil,Free,126,14,181.48,164.0,3,116.1,8.3,,3.33,0
user_008081,36-45,Otros,Tablet,Free,243,39,344.09,95.0,28,,15.0,0.628,4.81,0
user_008082,36-45,Buenos Aires,Móvil,Basic,140,2,49.91,156.0,5,54.5,2.9,0.05,,0
user_008083,36-45,Rosario,Desktop,Premium,282,42,425.92,129.0,19,99.9,8.4,0.998,4.47,0
user_008084,26-35,Buenos Aires,Desktop,Free,349,3,136.26,157.0,30,56.6,16.4,0.43,,0
user_008085,36-45,Otros,Móvil,Premium,32,6,442.26,80.0,14,46.9,8.7,0.79,5.62,1
user_008086,18-25,Mendoza,Móvil,Enterprise,362,35,20.17,36.0,9,24.3,19.4,0.556,,0
user_008087,56+,Buenos Aires,Móvil,Free,323,41,188.78,55.0,6,38.2,8.6,0.915,3.81,1
user_008088,36-45,Córdoba,Móvil,Free,52,26,100.18,59.0,12,40.5,11.8,0.334,15.0,0
user_008089,36-45,Rosario,Móvil,Free,129,42,433.79,175.0,24,52.8,15.3,,9.77,0
user_008090,26-35,Rosario,Móvil,Free,135,34,485.2,163.0,5,39.0,18.9,0.89,7.56,1
user_008091,46-55,Otros,Desktop,Free,252,33,30.49,145.0,30,19.4,17.3,0.88,3.93,0
user_008092,26-35,Córdoba,Móvil,Free,180,39,262.46,157.0,16,53.8,7.4,,6.5,1
user_008093,46-55,Mendoza,Móvil,Basic,269,24,130.23,128.0,8,76.4,7.9,0.21,2.68,1
user_008094,36-45,Córdoba,Móvil,Basic,273,13,159.5,0.0,7,84.0,18.7,0.045,1.43,1
user_008095,18-25,Córdoba,Móvil,Premium,24,24,45.99,165.0,16,7.0,8.3,,,1
user_008096,18-25,Mendoza,Móvil,Basic,60,40,10.48,50.0,6,65.4,18.1,0.869,20.0,0
user_008097,26-35,Buenos Aires,Desktop,Premium,339,5,496.82,28.0,4,28.0,8.1,0.54,0.44,0
user_008098,46-55,Buenos Aires,Desktop,Basic,264,31,166.3,114.0,29,31.4,6.6,,,1
user_008099,26-35,Rosario,Desktop,Free,283,31,397.76,46.0,0,,5.5,0.218,3.29,1
user_008100,26-35,,Desktop,Free,197,17,201.39,137.0,15,63.3,9.8,0.113,2.59,0
user_008101,36-45,Otros,Móvil,Premium,242,33,498.46,68.0,6,24.3,8.5,0.922,4.09,1
user_008102,56+,Mendoza,Desktop,Free,101,47,460.65,154.0,12,52.5,17.9,0.181,13.96,0
user_008103,26-35,Buenos Aires,Móvil,Basic,315,21,229.0,136.0,8,26.1,9.7,0.56,2.0,1
user_008104,,Buenos Aires,Desktop,Free,362,20,339.12,38.0,13,78.8,7.2,,1.66,1
user_008105,36-45,Rosario,Desktop,,291,5,169.34,101.0,10,36.8,11.9,0.74,0.52,1
user_008106,18-25,Córdoba,Móvil,Basic,185,34,195.59,161.0,29,109.0,5.7,0.876,5.51,0
user_008107,18-25,Córdoba,Móvil,Basic,41,49,286.65,169.0,22,91.9,18.2,0.211,,1
user_008108,46-55,Rosario,Desktop,Free,311,50,371.36,45.0,7,111.0,17.5,0.659,,1
user_008109,56+,Córdoba,Móvil,Free,193,13,465.36,59.0,2,68.8,8.2,0.743,2.02,1
user_008110,26-35,Rosario,Desktop,Basic,132,26,411.27,175.0,16,37.2,16.8,0.395,5.91,0
user_008111,26-35,La Plata,Desktop,Free,270,12,172.48,3.0,7,31.0,2.3,0.274,,1
user_008112,26-35,La Plata,Desktop,Premium,272,48,146.56,38.0,25,,13.8,0.603,5.29,0
user_008113,18-25,Buenos Aires,Desktop,Free,52,3,328.4,151.0,9,50.0,6.4,0.016,1.73,1
user_008114,18-25,Buenos Aires,Móvil,Free,225,13,118.69,84.0,21,8.7,13.2,0.27,,1
user_008115,18-25,La Plata,Móvil,Basic,146,34,103.47,47.0,8,52.7,16.8,0.357,,1
user_008116,26-35,Mendoza,Desktop,Free,364,48,289.65,92.0,10,119.6,2.3,0.446,3.96,0
user_008117,56+,Buenos Aires,Móvil,Basic,278,28,318.76,93.0,30,103.1,11.8,0.506,3.02,0
user_008118,18-25,Rosario,Móvil,Premium,305,35,282.39,85.0,12,108.3,14.4,0.61,3.44,1
user_008119,36-45,Otros,Desktop,Premium,82,38,418.79,32.0,1,114.5,11.1,0.638,13.9,0
user_008120,26-35,Mendoza,Móvil,Premium,266,30,390.3,97.0,13,57.2,13.3,0.37,3.38,1
user_008121,36-45,Buenos Aires,Móvil,Free,87,29,310.95,97.0,30,,2.5,0.885,,1
user_008122,36-45,Córdoba,Desktop,,1,9,22.54,54.0,10,4.9,10.6,0.756,9.0,1
user_008123,26-35,Córdoba,Tablet,Basic,96,19,298.02,106.0,8,11.2,16.4,,5.94,0
user_008124,36-45,La Plata,Móvil,Enterprise,94,30,346.4,5.0,20,46.2,11.6,0.15,,0
user_008125,18-25,Buenos Aires,Tablet,Free,58,1,225.43,46.0,9,64.3,6.1,,0.52,1
user_008126,,Córdoba,Desktop,Basic,16,21,58.12,117.0,15,33.1,6.4,0.142,21.0,1
user_008127,26-35,Buenos Aires,,Basic,52,14,448.57,132.0,30,,5.2,,8.08,1
user_008128,26-35,Buenos Aires,Móvil,Premium,103,10,59.64,142.0,23,,13.1,0.095,,1
user_008129,46-55,Buenos Aires,Móvil,Premium,140,0,395.22,999.0,2,30.1,11.7,0.333,0.0,1
user_008130,36-45,Córdoba,Móvil,Basic,164,10,462.68,128.0,8,93.6,5.2,,1.83,1
user_008131,36-45,Rosario,Móvil,Free,83,2,329.27,64.0,9,68.2,11.4,0.822,0.72,0
user_008132,36-45,La Plata,Desktop,Free,98,9,114.6,163.0,16,81.7,16.5,0.392,2.76,0
user_008133,56+,Córdoba,Móvil,Free,253,26,363.7,167.0,15,63.4,6.5,,3.08,0
user_008134,26-35,Buenos Aires,Desktop,Premium,347,24,106.14,45.0,25,106.8,15.5,0.952,2.07,1
user_008135,46-55,Mendoza,Móvil,Basic,313,13,338.39,121.0,21,15.3,17.9,,1.25,0
user_008136,36-45,La Plata,Móvil,,82,9,145.31,,27,18.6,10.6,0.482,3.29,1
user_008137,26-35,Buenos Aires,Desktop,Free,321,34,238.8,103.0,10,107.2,16.0,0.181,3.18,1
user_008138,26-35,Córdoba,Móvil,Basic,232,7,154.63,29.0,17,106.5,8.1,0.537,0.91,1
user_008139,26-35,Buenos Aires,Tablet,Basic,32,33,174.78,110.0,16,45.4,7.0,0.77,30.94,1
user_008140,26-35,Otros,Móvil,Basic,73,14,228.89,38.0,1,63.9,10.7,,5.75,0
user_008141,26-35,Otros,Desktop,Free,137,16,267.08,110.0,6,104.4,16.1,0.839,3.5,0
user_008142,36-45,Buenos Aires,Móvil,Basic,163,11,211.43,165.0,14,115.8,19.1,,2.02,0
user_008143,18-25,Córdoba,Tablet,Premium,146,15,266.59,29.0,9,38.6,1.2,0.603,3.08,0
user_008144,18-25,Rosario,Móvil,Premium,113,35,348.96,,18,35.8,2.8,0.118,,1
user_008145,26-35,Mendoza,Móvil,Premium,4,17,330.31,148.0,21,102.7,19.1,0.041,17.0,1
user_008146,,Rosario,Móvil,Free,152,3,36.97,5.0,20,80.5,10.6,0.489,0.59,1
user_008147,18-25,Buenos Aires,Desktop,Free,177,33,149.18,149.0,25,82.2,13.5,0.066,5.59,0
user_008148,36-45,Córdoba,Móvil,Basic,209,39,11.49,7.0,14,14.6,1.6,0.601,5.6,0
user_008149,36-45,Córdoba,Desktop,Free,275,15,423.95,122.0,16,,3.2,0.891,1.64,0
user_008150,46-55,Córdoba,Móvil,Basic,310,13,407.16,89.0,27,102.6,18.4,,,1
user_008151,18-25,La Plata,Desktop,Basic,111,21,209.42,46.0,2,,1.0,0.609,,0
user_008152,36-45,La Plata,Móvil,,91,20,111.99,92.0,26,68.9,8.2,0.195,6.59,1
user_008153,56+,Córdoba,Desktop,Premium,204,22,403.02,138.0,6,,12.3,0.737,3.24,0
user_008154,26-35,Buenos Aires,Móvil,Basic,195,29,198.94,1.0,25,18.6,11.3,,4.46,1
user_008155,36-45,Rosario,Tablet,,293,8,445.46,65.0,25,47.9,6.5,0.146,0.82,1
user_008156,56+,Buenos Aires,Desktop,Basic,192,16,420.13,92.0,23,14.5,1.1,0.364,2.5,1
user_008157,46-55,Otros,Desktop,Premium,164,30,272.16,19.0,25,64.0,19.0,,5.49,1
user_008158,46-55,,Desktop,Free,16,6,199.76,54.0,18,17.2,7.7,0.86,6.0,1
user_008159,46-55,La Plata,Tablet,Free,271,43,102.94,13.0,14,54.0,6.4,0.181,4.76,0
user_008160,36-45,La Plata,Desktop,Enterprise,215,43,230.88,,26,108.8,16.1,0.94,6.0,1
user_008161,36-45,Córdoba,Móvil,Free,127,3,351.79,124.0,19,,18.7,0.52,0.71,0
user_008162,18-25,Otros,Móvil,Free,265,49,94.69,142.0,15,86.3,9.1,0.689,5.55,0
user_008163,56+,Buenos Aires,Desktop,Basic,233,30,291.36,106.0,7,40.4,10.8,0.384,3.86,0
user_008164,46-55,Buenos Aires,Móvil,Premium,313,45,480.88,1.0,30,106.6,3.5,0.67,4.31,0
user_008165,18-25,Buenos Aires,Desktop,Basic,71,42,243.84,,30,73.5,8.9,0.157,17.75,1
user_008166,46-55,Córdoba,Móvil,Free,350,16,288.48,66.0,26,,19.8,0.047,1.37,0
user_008167,46-55,Buenos Aires,Móvil,Free,26,25,27.16,119.0,12,92.6,1.3,0.702,,1
user_008168,18-25,Rosario,Móvil,Premium,216,11,328.8,88.0,25,65.1,8.0,,1.53,1
user_008169,56+,Buenos Aires,Móvil,Free,247,28,291.97,166.0,9,58.1,5.9,0.114,3.4,1
user_008170,26-35,Córdoba,Móvil,Free,334,44,377.27,1.0,7,,13.9,0.263,,0
user_008171,36-45,Rosario,Móvil,Premium,45,38,91.89,102.0,3,15.4,16.3,0.425,25.33,1
user_008172,46-55,Córdoba,Desktop,Free,117,14,323.32,68.0,22,110.2,3.0,0.794,3.59,0
user_008173,18-25,Córdoba,Móvil,Premium,342,21,368.44,146.0,15,29.9,15.8,0.507,1.84,1
user_008174,36-45,Córdoba,Móvil,Basic,162,48,38.02,68.0,16,,12.2,0.141,8.89,0
user_008175,36-45,Rosario,Móvil,Basic,161,37,374.61,134.0,6,54.9,16.0,0.861,6.89,0
user_008176,56+,Buenos Aires,Móvil,Premium,273,24,185.11,88.0,2,88.3,18.6,0.123,2.64,0
user_008177,26-35,Buenos Aires,Desktop,Free,293,0,216.58,999.0,11,62.2,10.8,0.752,,1
user_008178,26-35,Buenos Aires,Móvil,Basic,248,18,65.32,18.0,2,14.3,8.6,0.904,2.18,1
user_008179,,Córdoba,Móvil,Basic,365,17,93.6,12.0,8,75.7,6.7,0.135,1.4,0
user_008180,18-25,Buenos Aires,,Premium,23,18,430.66,144.0,29,4.9,1.8,0.848,18.0,0
user_008181,,Rosario,Móvil,Free,210,15,36.41,100.0,13,49.1,6.3,0.777,2.14,0
user_008182,46-55,Buenos Aires,Desktop,Premium,288,36,75.98,136.0,5,92.0,1.7,0.877,3.75,0
user_008183,18-25,La Plata,Móvil,Free,360,35,387.48,67.0,13,90.1,11.4,,2.92,1
user_008184,46-55,Buenos Aires,Móvil,Enterprise,350,39,161.87,4.0,18,,16.2,0.422,,1
user_008185,36-45,Otros,Móvil,Basic,306,49,474.04,71.0,21,52.4,6.9,0.772,4.8,1
user_008186,18-25,Buenos Aires,Móvil,Premium,179,10,69.87,39.0,5,80.4,17.7,0.118,1.68,0
user_008187,36-45,Rosario,Móvil,Free,314,15,247.8,53.0,19,28.6,4.5,,1.43,1
user_008188,18-25,La Plata,Móvil,Basic,346,6,463.1,109.0,28,89.9,16.9,,0.52,0
user_008189,26-35,Buenos Aires,Desktop,Premium,359,7,386.95,8.0,30,71.4,3.8,0.875,0.58,0
user_008190,36-45,Otros,Desktop,Premium,239,21,117.55,39.0,16,33.8,9.5,0.594,2.64,0
user_008191,26-35,Córdoba,Desktop,Free,240,27,136.08,64.0,23,35.0,7.4,0.011,3.38,1
user_008192,36-45,Buenos Aires,Móvil,Basic,127,33,365.59,7.0,1,42.0,10.0,0.171,7.8,1
user_008193,26-35,Otros,Móvil,Free,194,18,306.6,34.0,17,,19.2,0.819,2.78,0
user_008194,18-25,La Plata,Desktop,Free,80,30,404.11,174.0,30,20.5,11.6,0.171,11.25,1
user_008195,36-45,Buenos Aires,Desktop,Premium,163,14,275.86,29.0,29,,1.5,0.946,2.58,0
user_008196,26-35,La Plata,Tablet,Basic,78,17,336.45,59.0,5,10.4,6.0,0.292,6.54,1
user_008197,56+,Buenos Aires,Móvil,Free,249,39,252.9,95.0,16,119.1,14.9,0.771,,0
user_008198,46-55,Mendoza,Móvil,Basic,25,30,290.9,5.0,17,54.2,2.1,0.59,,1
user_008199,26-35,Mendoza,Móvil,Basic,261,8,304.97,21.0,14,110.6,13.0,0.036,,1
user_008200,56+,Mendoza,Móvil,Free,137,39,362.95,109.0,13,70.1,3.0,0.961,8.54,1
user_008201,26-35,Córdoba,Móvil,Free,347,29,105.85,79.0,30,98.2,1.6,,2.51,0
user_008202,26-35,La Plata,Móvil,Basic,307,15,172.8,132.0,26,98.8,19.6,0.706,,0
user_008203,26-35,Mendoza,,Free,344,48,282.61,42.0,20,17.9,15.3,0.145,4.19,0
user_008204,36-45,Rosario,Móvil,Free,81,24,157.32,70.0,10,,17.6,0.069,8.89,1
user_008205,18-25,Buenos Aires,Móvil,Premium,134,18,91.69,32.0,20,86.6,9.3,0.4,4.03,1
user_008206,26-35,Mendoza,Móvil,Free,244,49,420.55,71.0,8,38.7,19.5,0.295,6.02,1
user_008207,18-25,Buenos Aires,Móvil,Premium,31,4,117.61,52.0,14,11.9,5.6,0.955,3.87,1
user_008208,36-45,Buenos Aires,,Premium,128,21,330.03,93.0,19,96.3,11.4,0.108,4.92,1
user_008209,36-45,Otros,Desktop,Premium,201,19,241.25,61.0,12,107.2,4.6,0.572,2.84,1
user_008210,26-35,Buenos Aires,Desktop,Free,265,17,208.94,36.0,16,2.3,13.0,0.836,1.92,0
user_008211,36-45,Otros,Móvil,Premium,71,10,190.97,85.0,13,91.5,16.0,0.031,,1
user_008212,18-25,Buenos Aires,Desktop,Free,340,35,476.35,109.0,8,,9.8,,3.09,0
user_008213,,Otros,Móvil,Premium,293,42,282.4,179.0,30,12.6,15.0,0.615,4.3,0
user_008214,36-45,Mendoza,Desktop,Free,331,49,303.88,18.0,4,97.0,9.3,0.278,,1
user_008215,18-25,Buenos Aires,Desktop,Free,267,40,45.82,14.0,19,70.3,14.6,,4.49,1
user_008216,46-55,Buenos Aires,Móvil,Basic,4,1,357.23,154.0,2,94.9,15.9,0.284,1.0,1
user_008217,46-55,Mendoza,Desktop,Premium,281,26,133.16,2.0,9,102.6,19.1,0.552,2.78,0
user_008218,18-25,Rosario,Móvil,Free,147,11,222.94,55.0,18,56.0,2.1,0.461,2.24,0
user_008219,36-45,Buenos Aires,Desktop,Free,228,15,446.85,108.0,2,113.7,2.6,0.776,1.97,0
user_008220,26-35,Buenos Aires,Tablet,Premium,16,19,227.61,90.0,12,89.3,8.5,0.194,19.0,1
user_008221,18-25,Buenos Aires,Tablet,Premium,152,40,389.78,67.0,14,27.9,1.6,0.24,7.89,0
user_008222,46-55,Rosario,Móvil,Basic,314,17,368.61,178.0,17,,7.0,0.893,1.62,1
user_008223,46-55,Buenos Aires,Móvil,Free,143,4,257.41,102.0,26,38.7,4.9,0.13,0.84,0
user_008224,46-55,Otros,Móvil,Free,353,47,54.5,110.0,26,66.0,12.7,0.679,3.99,1
user_008225,36-45,Otros,Móvil,Premium,309,48,207.82,139.0,17,28.3,11.4,0.927,4.66,0
user_008226,56+,Buenos Aires,Móvil,Basic,30,35,155.16,85.0,27,,19.7,0.881,35.0,1
user_008227,18-25,Mendoza,Móvil,Free,10,9,390.37,144.0,11,33.4,3.3,0.816,9.0,1
user_008228,56+,Córdoba,Desktop,Premium,346,19,230.74,163.0,26,24.7,1.4,0.754,1.65,1
user_008229,56+,Buenos Aires,Tablet,Free,173,20,92.88,73.0,25,101.2,5.9,,3.47,1
user_008230,26-35,Otros,Móvil,Free,260,11,231.88,123.0,6,34.0,3.3,0.439,,1
user_008231,26-35,Rosario,Móvil,Premium,69,38,312.17,142.0,20,32.8,4.1,0.932,16.52,1
user_008232,26-35,Mendoza,Desktop,Basic,350,43,270.62,71.0,21,88.7,8.0,0.304,3.69,1
user_008233,26-35,Buenos Aires,Móvil,Free,6,14,362.81,2.0,16,114.2,13.1,0.807,,0
user_008234,46-55,Buenos Aires,Móvil,Basic,274,27,229.04,109.0,21,118.3,10.8,,,0
user_008235,36-45,Córdoba,Tablet,Free,74,5,361.58,165.0,14,68.4,10.4,,2.03,1
user_008236,18-25,Mendoza,Desktop,Basic,84,22,282.33,170.0,11,84.6,12.5,0.145,7.86,0
user_008237,36-45,Buenos Aires,Móvil,Free,335,30,200.33,2.0,3,60.2,3.7,0.82,2.69,1
user_008238,56+,Córdoba,Tablet,Enterprise,38,45,391.38,133.0,11,10.8,7.6,0.101,35.53,0
user_008239,26-35,Córdoba,Desktop,Free,165,41,308.72,119.0,28,18.9,15.5,0.116,7.45,0
user_008240,18-25,Buenos Aires,Móvil,Free,7,33,58.89,120.0,1,22.5,18.3,,,0
user_008241,56+,Rosario,Desktop,Free,102,1,490.35,86.0,17,20.8,12.6,0.866,0.29,1
user_008242,26-35,Otros,Tablet,Basic,135,18,465.91,151.0,21,,7.5,0.637,4.0,1
user_008243,,,Móvil,Free,122,32,36.69,65.0,13,42.8,3.5,0.098,,0
user_008244,46-55,Buenos Aires,Desktop,Basic,137,13,413.71,159.0,14,74.7,17.7,,2.85,1
user_008245,18-25,Córdoba,Móvil,Basic,341,38,305.04,108.0,0,59.7,10.4,0.521,3.34,1
user_008246,26-35,Otros,Móvil,Basic,5,1,193.26,154.0,21,,15.0,0.179,1.0,1
user_008247,36-45,Córdoba,Móvil,Free,180,42,78.61,115.0,4,52.3,8.9,0.561,7.0,1
user_008248,46-55,La Plata,Tablet,Premium,213,17,194.62,47.0,10,74.3,8.9,0.128,,1
user_008249,36-45,Córdoba,Móvil,Free,154,21,79.78,35.0,2,107.9,2.1,0.012,4.09,1
user_008250,26-35,Buenos Aires,Móvil,Free,84,14,55.88,81.0,7,73.9,3.9,0.84,,1
user_008251,18-25,Córdoba,Móvil,Premium,232,25,118.29,86.0,16,50.5,16.0,0.896,3.23,1
user_008252,46-55,Buenos Aires,Móvil,Free,209,5,129.84,116.0,3,67.4,5.6,0.552,,0
user_008253,,Otros,Desktop,Basic,244,6,85.17,110.0,15,87.5,10.2,0.441,,1
user_008254,18-25,Mendoza,Desktop,Free,228,34,272.09,,9,,9.1,0.184,,1
user_008255,56+,Otros,Tablet,Premium,14,17,430.99,20.0,28,98.9,1.2,0.491,,0
user_008256,56+,Córdoba,Desktop,Free,222,26,181.74,95.0,7,117.8,15.6,,3.51,0
user_008257,36-45,Córdoba,Móvil,Premium,187,38,224.27,24.0,6,12.2,3.4,0.029,6.1,1
user_008258,18-25,La Plata,Tablet,Free,43,8,442.58,177.0,3,95.4,13.1,0.934,5.58,1
user_008259,26-35,Otros,Desktop,Basic,212,19,268.5,21.0,17,36.0,10.6,0.931,2.69,0
user_008260,26-35,Buenos Aires,Desktop,Basic,250,0,60.08,999.0,13,63.5,9.7,,0.0,1
user_008261,26-35,Córdoba,Tablet,Enterprise,186,32,218.02,,13,97.1,14.8,0.415,5.16,0
user_008262,36-45,Buenos Aires,Móvil,Premium,138,49,445.7,146.0,2,114.3,1.4,0.688,10.65,0
user_008263,46-55,Buenos Aires,Móvil,Premium,234,47,213.73,1.0,3,4.1,13.9,0.469,6.03,1
user_008264,,Mendoza,Desktop,Premium,151,37,462.33,70.0,12,58.1,16.6,,7.35,1
user_008265,36-45,Buenos Aires,Desktop,Free,35,28,217.71,70.0,24,43.9,11.6,0.054,24.0,0
user_008266,,Otros,Desktop,Premium,321,26,147.31,118.0,22,7.4,18.4,0.278,2.43,1
user_008267,56+,Córdoba,Desktop,Free,287,32,440.7,,2,9.2,16.6,0.579,,0
user_008268,18-25,Rosario,Móvil,Free,132,32,227.32,123.0,23,46.9,18.4,0.433,7.27,1
user_008269,26-35,Buenos Aires,Desktop,Premium,103,44,386.82,8.0,5,28.7,10.0,0.818,12.82,1
user_008270,26-35,Buenos Aires,Móvil,Free,121,24,149.0,86.0,19,117.3,15.2,0.243,5.95,0
user_008271,46-55,Rosario,Desktop,Basic,234,5,71.47,103.0,2,85.9,4.1,0.894,0.64,1
user_008272,36-45,Mendoza,Tablet,Free,188,15,43.05,58.0,26,14.4,14.6,,2.39,1
user_008273,46-55,La Plata,Móvil,Free,228,6,368.66,55.0,15,94.8,4.9,0.62,0.79,1
user_008274,56+,Rosario,Desktop,Basic,109,27,43.38,84.0,20,3.1,11.0,0.307,7.43,1
user_008275,26-35,Buenos Aires,Móvil,Premium,120,47,497.66,15.0,16,98.4,12.5,0.259,11.75,1
user_008276,26-35,Córdoba,Móvil,Free,62,18,498.03,138.0,5,,10.1,0.773,8.71,0
user_008277,56+,Otros,Tablet,Premium,13,7,157.58,21.0,14,37.3,13.0,0.759,7.0,1
user_008278,26-35,Rosario,Desktop,Premium,129,47,139.78,42.0,29,26.9,17.3,0.923,10.93,0
user_008279,36-45,Córdoba,Móvil,Basic,323,10,424.34,156.0,21,81.1,13.2,,0.93,0
user_008280,,Córdoba,Desktop,Free,235,6,229.25,68.0,25,54.6,14.6,0.79,0.77,0
user_008281,56+,Rosario,Móvil,Basic,83,15,371.18,97.0,2,101.3,16.8,0.172,,0
user_008282,56+,Buenos Aires,Móvil,Free,348,32,296.89,89.0,11,86.0,16.4,0.862,2.76,1
user_008283,46-55,Buenos Aires,Móvil,Premium,303,44,121.11,170.0,4,105.2,4.9,0.043,4.36,0
user_008284,18-25,Buenos Aires,Móvil,Basic,132,41,468.86,15.0,4,88.8,16.1,,,0
user_008285,18-25,Buenos Aires,Desktop,Basic,207,40,109.34,113.0,21,114.8,11.5,0.253,5.8,0
user_008286,46-55,Buenos Aires,Desktop,Free,58,38,223.35,161.0,20,76.8,15.1,0.002,19.66,1
user_008287,46-55,Córdoba,Móvil,Basic,70,1,490.38,62.0,6,5.7,6.5,0.614,0.43,0
user_008288,,Buenos Aires,Móvil,Premium,274,41,362.7,149.0,25,78.9,19.6,0.608,4.49,1
user_008289,56+,Rosario,Móvil,Free,339,25,93.17,144.0,21,40.0,8.1,0.569,,0
user_008290,26-35,Otros,Tablet,Free,198,18,457.66,107.0,19,77.2,1.2,,2.73,0
user_008291,36-45,Otros,Móvil,Free,193,36,34.14,87.0,15,92.7,12.1,,5.6,1
user_008292,18-25,Córdoba,Móvil,Premium,26,43,75.26,170.0,8,107.1,15.8,0.741,43.0,1
user_008293,18-25,Córdoba,Móvil,Enterprise,119,7,372.14,8.0,5,101.0,1.8,0.018,1.76,0
user_008294,36-45,Rosario,Móvil,Free,110,42,188.61,96.0,15,59.2,9.7,,11.45,1
user_008295,56+,Buenos Aires,Desktop,Free,71,43,130.8,16.0,1,85.4,19.9,,18.17,0
user_008296,26-35,Rosario,Móvil,Free,9,45,375.65,98.0,2,89.6,13.9,0.265,45.0,1
user_008297,36-45,Buenos Aires,Desktop,Basic,41,20,401.54,111.0,8,16.7,6.6,0.198,14.63,1
user_008298,26-35,Buenos Aires,Móvil,Free,23,7,337.78,97.0,2,30.2,17.0,,7.0,1
user_008299,,Buenos Aires,Desktop,Free,48,7,139.6,46.0,7,111.9,14.9,0.115,4.38,1
user_008300,56+,Córdoba,Tablet,Free,43,35,428.99,152.0,25,23.8,17.2,0.397,24.42,1
user_008301,56+,Mendoza,Móvil,Free,176,28,496.54,75.0,23,88.7,1.9,0.691,4.77,0
user_008302,18-25,Córdoba,Móvil,Free,2,27,289.13,41.0,8,76.0,8.6,0.94,27.0,1
user_008303,36-45,Buenos Aires,Móvil,Basic,223,47,258.08,58.0,7,,5.9,0.874,6.32,1
user_008304,26-35,Buenos Aires,Tablet,Free,301,33,361.19,122.0,20,12.4,13.9,0.831,,0
user_008305,,Buenos Aires,Móvil,Free,249,24,260.82,39.0,3,110.1,16.8,0.149,2.89,1
user_008306,36-45,Rosario,Móvil,Basic,248,29,326.63,38.0,8,110.7,13.7,0.993,3.51,0
user_008307,36-45,Rosario,Móvil,Premium,269,16,465.96,146.0,29,47.7,12.3,0.357,1.78,0
user_008308,36-45,Córdoba,Móvil,Premium,300,25,18.16,27.0,16,,15.2,0.808,2.5,0
user_008309,46-55,Buenos Aires,Móvil,Free,139,44,378.1,32.0,19,3.1,19.7,0.737,9.5,0
user_008310,18-25,Córdoba,Desktop,Basic,128,17,305.96,81.0,29,62.4,14.0,0.988,,1
user_008311,26-35,Otros,,Basic,234,42,352.8,123.0,14,69.7,5.0,0.356,5.38,1
user_008312,36-45,La Plata,Móvil,Free,340,25,244.18,67.0,10,49.7,17.4,0.753,2.21,1
user_008313,,Otros,Móvil,Free,48,24,237.8,179.0,16,86.3,15.1,,15.0,0
user_008314,26-35,Córdoba,Desktop,Basic,348,2,308.99,119.0,1,89.0,6.7,0.423,0.17,0
user_008315,26-35,Buenos Aires,Móvil,Premium,99,37,378.48,126.0,2,37.5,7.8,,11.21,0
user_008316,36-45,Buenos Aires,Móvil,Free,243,36,283.16,100.0,22,50.5,14.7,0.939,,0
user_008317,36-45,Otros,Desktop,Enterprise,138,29,358.55,120.0,0,83.6,9.4,0.684,,1
user_008318,26-35,Córdoba,Desktop,Free,263,47,97.64,144.0,28,61.9,19.9,0.601,5.36,0
user_008319,46-55,Rosario,Móvil,Premium,198,43,197.89,131.0,10,10.9,16.1,0.197,6.52,1
user_008320,26-35,Buenos Aires,Móvil,Premium,114,6,327.45,129.0,17,29.9,2.5,0.303,,1
user_008321,26-35,Rosario,Desktop,Basic,22,46,74.72,101.0,2,15.5,17.5,,46.0,1
user_008322,36-45,Córdoba,Móvil,Enterprise,59,10,145.75,178.0,21,53.4,16.1,0.789,5.08,0
user_008323,46-55,Mendoza,Móvil,Free,331,48,24.63,92.0,7,114.1,10.2,,4.35,0
user_008324,18-25,Córdoba,Móvil,Free,220,15,224.09,100.0,28,97.0,6.2,0.23,,1
user_008325,56+,Córdoba,Desktop,Basic,299,22,247.21,173.0,24,70.8,16.7,0.995,2.21,1
user_008326,26-35,Córdoba,Móvil,Free,292,8,108.85,109.0,1,29.6,9.0,0.037,0.82,0
user_008327,46-55,Buenos Aires,Móvil,Free,135,36,306.24,34.0,20,5.3,18.3,0.84,8.0,0
user_008328,36-45,Otros,Móvil,Basic,329,35,456.89,116.0,8,71.7,5.9,0.716,3.19,0
user_008329,18-25,Córdoba,Móvil,Free,255,41,454.67,123.0,7,12.5,12.8,,4.82,0
user_008330,36-45,Otros,Móvil,Premium,21,26,374.03,56.0,5,48.8,16.4,0.016,26.0,1
user_008331,36-45,Córdoba,Tablet,Enterprise,189,26,113.93,75.0,16,108.3,8.5,0.251,4.13,0
user_008332,46-55,La Plata,Móvil,Premium,1,12,23.98,133.0,10,112.6,5.2,0.892,,1
user_008333,26-35,Córdoba,Móvil,Basic,82,3,86.6,4.0,6,31.7,18.2,0.966,1.1,1
user_008334,46-55,Buenos Aires,Móvil,Free,276,35,38.05,20.0,0,67.7,10.6,0.788,3.8,1
user_008335,18-25,Buenos Aires,Móvil,Basic,3,2,447.27,118.0,28,57.4,15.4,,2.0,0
user_008336,46-55,Buenos Aires,Móvil,Premium,250,20,300.01,141.0,23,38.8,8.6,0.502,2.4,0
user_008337,36-45,Rosario,Móvil,Free,267,25,380.08,105.0,13,95.2,8.2,0.41,2.81,1
user_008338,26-35,Buenos Aires,Tablet,Basic,353,1,130.39,79.0,28,92.6,1.8,0.966,,0
user_008339,36-45,La Plata,Desktop,Free,43,8,141.4,70.0,28,100.0,14.3,0.055,5.58,0
user_008340,26-35,Buenos Aires,Móvil,Basic,314,29,143.06,141.0,30,107.8,4.3,0.528,2.77,0
user_008341,18-25,Rosario,Desktop,Basic,199,25,413.59,137.0,16,84.3,8.8,0.692,3.77,1
user_008342,18-25,Buenos Aires,Móvil,Premium,86,27,125.31,131.0,23,8.2,4.1,0.327,9.42,1
user_008343,46-55,Buenos Aires,Móvil,Basic,54,36,187.59,166.0,15,46.1,8.3,0.35,20.0,0
user_008344,36-45,Otros,Desktop,Basic,294,16,95.66,176.0,25,107.6,2.3,0.58,1.63,1
user_008345,26-35,Buenos Aires,Tablet,Premium,126,47,73.91,100.0,13,107.2,18.6,0.002,11.19,0
user_008346,18-25,Rosario,Móvil,Premium,121,30,256.83,124.0,13,,5.1,0.181,7.44,1
user_008347,26-35,Buenos Aires,Desktop,Basic,250,15,184.82,41.0,15,89.1,5.0,0.094,,1
user_008348,,Córdoba,Móvil,Premium,74,0,485.29,999.0,12,,7.7,0.815,0.0,1
user_008349,26-35,Rosario,,Premium,56,41,361.5,15.0,2,92.9,4.9,,21.96,1
user_008350,26-35,Mendoza,Móvil,Basic,278,41,488.73,141.0,24,109.4,17.5,0.508,4.42,0
user_008351,36-45,Otros,Móvil,Free,329,45,205.73,155.0,15,4.3,1.2,0.331,4.1,1
user_008352,,Mendoza,Desktop,Basic,20,3,301.98,84.0,0,11.0,9.9,0.486,3.0,1
user_008353,36-45,Buenos Aires,Móvil,Basic,257,26,430.28,24.0,3,115.1,5.6,0.524,3.04,0
user_008354,26-35,Córdoba,Desktop,Basic,90,17,459.99,39.0,27,54.5,19.1,0.558,5.67,0
user_008355,26-35,La Plata,Móvil,Basic,325,27,63.63,27.0,17,102.6,2.0,0.962,2.49,1
user_008356,26-35,Buenos Aires,Tablet,Basic,115,6,212.1,127.0,3,37.3,3.5,,1.57,1
user_008357,26-35,Buenos Aires,Móvil,Basic,178,20,210.7,85.0,30,86.0,3.8,0.409,3.37,0
user_008358,56+,Buenos Aires,Desktop,Free,139,19,259.28,82.0,27,32.5,1.5,0.771,4.1,0
user_008359,36-45,Rosario,Desktop,Premium,76,31,257.18,178.0,21,61.5,11.0,0.195,12.24,0
user_008360,36-45,Buenos Aires,Desktop,Basic,271,4,52.66,167.0,6,75.7,4.0,,0.44,0
user_008361,36-45,,Móvil,Basic,255,28,249.2,127.0,6,15.8,5.3,,3.29,1
user_008362,26-35,Córdoba,Móvil,Premium,247,44,177.78,6.0,26,78.3,19.8,,5.34,0
user_008363,36-45,Córdoba,Móvil,Free,140,16,439.05,118.0,9,13.4,10.6,0.505,3.43,1
user_008364,26-35,Buenos Aires,Desktop,Free,163,30,153.18,172.0,6,29.9,16.1,0.052,5.52,1
user_008365,46-55,Buenos Aires,,Premium,216,8,402.62,168.0,15,46.0,1.2,0.415,1.11,1
user_008366,26-35,Buenos Aires,Móvil,Free,348,45,102.65,3.0,13,74.7,18.9,0.783,3.88,1
user_008367,36-45,Córdoba,Móvil,Free,203,28,454.9,13.0,19,1.9,11.7,0.148,4.14,0
user_008368,36-45,Córdoba,Móvil,Free,313,13,41.2,21.0,27,107.2,5.7,0.805,1.25,0
user_008369,18-25,Rosario,Móvil,Basic,80,44,194.78,104.0,5,73.2,4.7,0.571,16.5,1
user_008370,18-25,Córdoba,Móvil,Free,38,14,466.53,49.0,15,78.9,15.1,0.321,11.05,0
user_008371,46-55,Mendoza,Móvil,Basic,60,46,126.07,,17,85.3,17.7,0.783,23.0,1
user_008372,36-45,Rosario,Desktop,Premium,243,8,65.74,177.0,8,104.8,11.8,0.314,0.99,0
user_008373,18-25,Córdoba,Móvil,Free,70,43,27.53,62.0,28,115.1,11.6,,18.43,1
user_008374,26-35,Buenos Aires,Móvil,Free,232,42,493.35,35.0,3,15.8,6.1,0.344,5.43,0
user_008375,26-35,Buenos Aires,Móvil,Premium,102,1,411.28,75.0,28,102.4,17.9,,0.29,1
user_008376,36-45,Mendoza,Desktop,Free,108,37,29.16,134.0,24,105.2,11.1,0.854,,0
user_008377,18-25,Rosario,Tablet,Basic,235,35,462.32,52.0,2,63.4,1.1,0.886,4.47,0
user_008378,36-45,La Plata,Tablet,Basic,115,31,131.31,122.0,7,99.0,11.9,0.655,8.09,0
user_008379,46-55,Buenos Aires,Desktop,Basic,108,25,45.28,134.0,9,30.1,15.0,0.702,6.94,1
user_008380,46-55,Buenos Aires,Tablet,Premium,276,18,28.78,30.0,7,59.7,4.1,0.485,,1
user_008381,26-35,Buenos Aires,Desktop,Basic,124,4,420.51,63.0,13,96.9,7.9,0.783,,0
user_008382,18-25,Córdoba,Desktop,Premium,244,14,283.2,58.0,22,34.8,8.5,0.662,1.72,1
user_008383,36-45,Córdoba,Móvil,Free,98,2,201.18,37.0,19,80.9,9.5,0.945,0.61,0
user_008384,36-45,Buenos Aires,Desktop,Basic,197,31,462.85,123.0,18,30.5,4.2,0.965,4.72,1
user_008385,36-45,Buenos Aires,Desktop,Free,337,40,283.53,146.0,8,105.5,12.0,0.547,3.56,0
user_008386,26-35,Buenos Aires,Tablet,Basic,25,33,216.45,163.0,6,50.1,3.2,0.516,,1
user_008387,26-35,Rosario,Desktop,,324,43,376.46,20.0,10,50.2,10.5,,,1
user_008388,18-25,,Desktop,Free,259,43,411.76,155.0,5,46.7,17.5,0.384,4.98,0
user_008389,26-35,La Plata,Tablet,Free,55,50,267.77,4.0,14,76.8,4.6,0.62,27.27,1
user_008390,36-45,Mendoza,Móvil,Free,191,13,318.02,165.0,28,83.5,11.7,0.096,2.04,1
user_008391,18-25,Rosario,Móvil,,138,18,478.14,78.0,9,36.0,3.4,0.263,3.91,1
user_008392,56+,Otros,,Free,257,25,310.85,59.0,9,86.0,15.8,0.596,,1
user_008393,36-45,Buenos Aires,Móvil,Premium,183,48,161.81,166.0,13,24.8,13.6,0.068,7.87,0
user_008394,26-35,La Plata,Móvil,Free,226,0,328.09,999.0,13,3.7,8.3,0.385,0.0,1
user_008395,26-35,La Plata,Desktop,Premium,350,1,115.09,104.0,17,36.4,14.9,0.797,0.09,0
user_008396,18-25,Córdoba,Móvil,Free,135,4,71.78,9.0,14,22.9,8.2,,0.89,0
user_008397,18-25,Otros,Móvil,Free,209,2,387.69,152.0,26,51.0,9.8,0.948,0.29,0
user_008398,56+,Buenos Aires,Móvil,Premium,159,27,301.82,154.0,21,37.5,10.9,0.326,5.09,1
user_008399,18-25,Córdoba,Tablet,Basic,117,5,419.95,117.0,30,5.2,10.2,,,1
user_008400,56+,,Móvil,Free,52,13,181.22,,24,19.5,5.3,0.707,7.5,0
user_008401,46-55,Otros,Móvil,Free,201,18,15.41,176.0,12,30.0,10.8,0.099,2.69,1
user_008402,46-55,Otros,Móvil,Basic,85,47,497.78,121.0,24,1.2,16.2,0.409,,1
user_008403,46-55,Córdoba,Móvil,Free,25,46,363.93,108.0,1,60.7,19.0,0.045,46.0,0
user_008404,46-55,Buenos Aires,Desktop,Free,251,43,77.03,124.0,8,34.9,17.5,0.594,5.14,0
user_008405,36-45,Córdoba,Desktop,Basic,84,15,329.36,128.0,27,,4.2,,,0
user_008406,36-45,Buenos Aires,Móvil,Enterprise,175,23,206.28,122.0,13,,1.4,0.894,,0
user_008407,,Buenos Aires,Móvil,Free,99,0,194.46,999.0,19,42.1,5.8,0.991,0.0,1
user_008408,36-45,Buenos Aires,Móvil,Free,169,11,216.24,81.0,18,66.2,4.5,0.514,1.95,1
user_008409,36-45,Otros,Desktop,Premium,316,8,177.0,109.0,12,66.2,4.7,0.387,0.76,0
user_008410,18-25,Buenos Aires,Desktop,Premium,339,14,165.45,52.0,15,23.9,18.3,,1.24,0
user_008411,18-25,Rosario,Tablet,Free,216,44,134.78,107.0,24,48.6,12.7,0.255,6.11,1
user_008412,36-45,Buenos Aires,Móvil,,204,48,407.9,58.0,1,112.2,11.8,0.573,,0
user_008413,18-25,La Plata,Móvil,Premium,198,16,174.48,161.0,13,110.5,2.6,0.18,,0
user_008414,26-35,La Plata,Móvil,Basic,3,25,253.58,125.0,15,52.1,9.3,,25.0,0
user_008415,18-25,Buenos Aires,Desktop,Basic,109,7,392.28,4.0,20,92.3,18.2,0.862,1.93,0
user_008416,,Córdoba,Móvil,Free,302,27,109.97,61.0,23,112.3,9.4,0.574,2.68,1
user_008417,36-45,Mendoza,Desktop,Basic,321,19,146.86,86.0,30,22.6,8.2,0.39,1.78,1
user_008418,26-35,Buenos Aires,Tablet,Premium,224,9,445.59,104.0,28,115.9,17.1,0.119,1.21,1
user_008419,46-55,Córdoba,Móvil,Free,206,16,60.09,124.0,7,25.7,19.3,0.047,2.33,0
user_008420,26-35,Córdoba,Móvil,Free,11,49,326.97,75.0,27,57.8,16.5,0.172,49.0,0
user_008421,18-25,Córdoba,Móvil,Basic,165,24,330.08,118.0,3,28.4,16.7,0.598,4.36,0
user_008422,26-35,Otros,Desktop,Free,170,25,306.31,91.0,28,106.2,18.2,0.102,,0
user_008423,36-45,Córdoba,Móvil,Free,248,17,309.7,115.0,14,94.3,10.0,0.227,2.06,0
user_008424,,Buenos Aires,Desktop,Free,331,3,329.34,13.0,25,109.1,3.6,0.834,0.27,1
user_008425,18-25,Rosario,Móvil,Basic,140,20,321.92,151.0,25,34.0,20.0,,4.29,1
user_008426,18-25,Córdoba,Móvil,Free,331,47,111.84,62.0,3,,17.7,0.476,4.26,1
user_008427,56+,Otros,Móvil,Basic,56,42,89.64,37.0,1,110.1,13.6,0.723,22.5,0
user_008428,26-35,Rosario,Desktop,Basic,280,10,18.13,139.0,10,,2.2,0.756,1.07,0
user_008429,26-35,La Plata,Móvil,Premium,197,12,454.96,135.0,27,44.5,4.8,0.645,1.83,0
user_008430,36-45,Buenos Aires,Desktop,Basic,296,20,251.03,56.0,13,35.9,1.1,0.024,2.03,1
user_008431,26-35,Buenos Aires,Desktop,Enterprise,169,47,56.92,144.0,22,54.8,19.2,0.318,8.34,1
user_008432,26-35,Rosario,Desktop,Premium,31,18,249.56,162.0,13,27.0,1.8,0.359,17.42,1
user_008433,26-35,,Desktop,Free,143,12,191.62,13.0,8,24.9,6.2,,2.52,1
user_008434,26-35,Córdoba,Móvil,Free,128,0,120.32,999.0,27,,1.1,0.592,,1
user_008435,26-35,Buenos Aires,Desktop,Basic,168,9,392.22,68.0,15,,4.8,0.384,1.61,1
user_008436,18-25,,Móvil,Free,20,47,193.58,170.0,6,62.5,4.0,0.73,47.0,1
user_008437,36-45,Rosario,Móvil,Basic,9,0,99.97,999.0,9,12.4,4.2,0.918,0.0,1
user_008438,,La Plata,Móvil,Free,349,40,454.77,178.0,17,43.7,14.0,0.625,,0
user_008439,56+,Buenos Aires,Tablet,Free,104,24,143.64,124.0,6,115.8,12.1,0.549,6.92,0
user_008440,18-25,La Plata,Desktop,Basic,119,44,455.03,161.0,22,43.8,17.9,0.096,,0
user_008441,36-45,Rosario,Móvil,Free,10,38,467.59,154.0,24,24.7,8.5,0.345,38.0,0
user_008442,36-45,La Plata,Móvil,Basic,108,3,121.45,21.0,14,82.5,19.3,0.503,0.83,1
user_008443,18-25,Buenos Aires,Móvil,Basic,115,46,225.36,97.0,7,94.9,9.7,,12.0,0
user_008444,26-35,Otros,Móvil,Free,352,40,269.49,23.0,9,79.6,5.5,,3.41,0
user_008445,56+,Rosario,Móvil,Basic,29,13,179.53,20.0,2,41.7,8.0,0.148,,1
user_008446,26-35,Córdoba,Móvil,Basic,320,34,317.88,81.0,6,,1.5,,,1
user_008447,18-25,Otros,Móvil,Enterprise,293,33,73.8,161.0,20,29.1,13.5,,3.38,0
user_008448,46-55,Buenos Aires,Tablet,Premium,308,12,100.34,154.0,24,42.3,9.6,0.114,1.17,1
user_008449,18-25,Buenos Aires,Móvil,Premium,20,48,284.97,80.0,20,14.7,17.1,0.168,48.0,0
user_008450,36-45,Córdoba,Desktop,Premium,277,41,221.22,105.0,1,,7.8,0.845,,0
user_008451,18-25,La Plata,Tablet,Free,216,17,420.4,129.0,12,61.3,8.6,0.438,2.36,0
user_008452,26-35,La Plata,Móvil,Basic,15,11,256.91,101.0,7,1.1,3.4,,11.0,1
user_008453,18-25,Córdoba,Desktop,Free,19,38,246.6,37.0,25,,8.2,,38.0,0
user_008454,26-35,Córdoba,Móvil,Basic,20,18,25.19,93.0,0,78.1,1.8,,18.0,0
user_008455,26-35,Otros,Móvil,Free,323,42,452.99,19.0,0,113.1,3.4,0.638,3.9,1
user_008456,36-45,Rosario,Móvil,Free,140,14,316.25,110.0,2,73.7,14.0,0.514,3.0,0
user_008457,26-35,Mendoza,Desktop,Free,343,29,306.35,179.0,22,14.3,3.6,0.009,2.54,0
user_008458,26-35,Córdoba,Móvil,Basic,25,12,87.84,69.0,3,66.4,2.6,0.542,,0
user_008459,46-55,Rosario,Desktop,Free,248,31,360.35,5.0,7,75.2,9.4,0.184,3.75,1
user_008460,26-35,Buenos Aires,Desktop,Premium,270,20,157.6,138.0,1,3.2,9.7,0.791,2.22,1
user_008461,46-55,Rosario,Móvil,Free,23,28,388.98,134.0,18,13.3,9.2,0.338,,0
user_008462,36-45,Buenos Aires,Móvil,Free,234,11,63.4,39.0,11,87.7,15.0,0.036,1.41,1
user_008463,56+,La Plata,Móvil,Enterprise,235,28,56.07,60.0,23,86.3,12.3,0.332,3.57,1
user_008464,18-25,Buenos Aires,,Premium,154,43,123.5,83.0,6,116.1,13.5,0.606,8.38,1
user_008465,26-35,Rosario,Móvil,Basic,75,41,428.59,153.0,12,,4.0,0.301,16.4,1
user_008466,36-45,La Plata,Tablet,Basic,200,27,459.69,90.0,12,10.5,10.8,0.851,4.05,0
user_008467,18-25,Córdoba,Móvil,Basic,233,4,382.78,30.0,27,,7.8,0.622,,0
user_008468,26-35,Rosario,Desktop,Free,302,18,449.04,83.0,23,,13.3,0.047,1.79,1
user_008469,36-45,Rosario,Desktop,Basic,307,0,323.52,999.0,27,5.8,10.9,,,1
user_008470,,La Plata,Móvil,Basic,166,23,28.6,161.0,20,96.8,4.7,,4.16,1
user_008471,18-25,Buenos Aires,Móvil,Free,96,5,470.19,81.0,3,,2.0,,,1
user_008472,46-55,Córdoba,Móvil,Premium,168,13,194.56,108.0,9,29.9,11.8,0.643,2.32,1
user_008473,56+,Córdoba,Móvil,Premium,364,22,91.29,76.0,23,,17.3,0.71,,1
user_008474,46-55,Buenos Aires,Móvil,Free,298,35,497.79,10.0,24,104.0,14.7,,3.52,0
user_008475,26-35,Buenos Aires,Móvil,Basic,195,20,18.39,165.0,3,106.4,17.9,,3.08,1
user_008476,18-25,Buenos Aires,Desktop,Free,196,46,49.16,52.0,2,90.5,6.4,0.015,,0
user_008477,18-25,Córdoba,Desktop,Free,308,9,163.43,91.0,14,85.1,17.0,0.168,0.88,1
user_008478,36-45,Otros,Desktop,Free,80,49,323.64,107.0,0,41.9,19.8,0.51,18.38,1
user_008479,56+,Mendoza,Desktop,Free,181,21,169.68,132.0,2,84.0,19.0,0.746,3.48,0
user_008480,26-35,Buenos Aires,Móvil,Basic,171,3,312.1,175.0,14,19.5,18.5,0.857,0.53,1
user_008481,,Buenos Aires,Móvil,Free,56,8,61.23,84.0,11,49.2,4.6,,4.29,0
user_008482,26-35,Buenos Aires,Móvil,Basic,28,16,455.12,124.0,28,107.0,7.2,,16.0,0
user_008483,36-45,Buenos Aires,Desktop,Basic,171,37,81.21,27.0,0,46.8,12.3,0.482,6.49,0
user_008484,26-35,La Plata,Desktop,Free,137,6,49.15,136.0,26,13.5,4.7,0.921,1.31,1
user_008485,26-35,Buenos Aires,Móvil,Basic,57,5,339.69,29.0,17,113.5,7.2,0.523,2.63,0
user_008486,26-35,La Plata,Móvil,Free,321,46,335.51,121.0,19,34.7,16.8,0.411,4.3,1
user_008487,18-25,Buenos Aires,Móvil,Free,1,22,197.66,161.0,5,11.2,18.2,0.014,22.0,1
user_008488,26-35,Otros,Desktop,Basic,161,37,193.31,120.0,12,,2.3,0.636,6.89,0
user_008489,36-45,Mendoza,Móvil,Free,283,47,176.08,170.0,2,117.3,16.3,,4.98,1
user_008490,46-55,Rosario,Móvil,Premium,58,23,49.65,57.0,17,,15.4,0.576,11.9,1
user_008491,26-35,Córdoba,Móvil,Free,135,21,242.24,30.0,4,44.9,5.1,0.875,4.67,1
user_008492,46-55,Buenos Aires,Móvil,Premium,346,41,14.05,169.0,5,51.1,12.5,0.435,3.55,1
user_008493,26-35,La Plata,Tablet,Premium,160,12,476.44,11.0,1,12.8,4.7,0.544,2.25,1
user_008494,26-35,Buenos Aires,Tablet,Free,329,5,15.18,48.0,27,119.4,10.8,0.22,0.46,1
user_008495,18-25,Buenos Aires,Móvil,Premium,323,18,242.51,153.0,29,,14.3,0.289,1.67,0
user_008496,36-45,Otros,Móvil,Premium,149,4,130.9,10.0,25,55.3,15.9,,0.81,0
user_008497,18-25,Buenos Aires,Desktop,Free,150,27,322.92,103.0,20,,3.0,0.749,5.4,0
user_008498,36-45,Buenos Aires,Móvil,Free,7,4,94.8,81.0,23,,10.0,0.851,,0
user_008499,36-45,Buenos Aires,Móvil,Free,36,11,249.56,109.0,26,,2.9,0.141,9.17,0
user_008500,36-45,Rosario,Móvil,Free,347,20,279.72,69.0,2,36.3,15.1,0.511,1.73,1
user_008501,18-25,La Plata,Móvil,Free,250,35,471.57,50.0,7,24.8,9.4,0.955,4.2,1
user_008502,46-55,Buenos Aires,Móvil,Basic,127,24,155.64,38.0,6,,7.7,0.969,5.67,1
user_008503,26-35,Buenos Aires,Móvil,Free,34,9,264.95,54.0,10,91.2,12.3,0.254,7.94,1
user_008504,18-25,Córdoba,Tablet,Enterprise,331,7,448.13,12.0,7,28.5,10.4,0.592,0.63,1
user_008505,18-25,Córdoba,Desktop,Basic,308,1,14.93,48.0,6,12.6,18.1,,0.1,1
user_008506,46-55,Mendoza,Desktop,Free,175,2,250.68,2.0,30,69.0,15.0,0.39,0.34,1
user_008507,,Buenos Aires,Móvil,Enterprise,17,25,497.65,95.0,22,60.9,7.0,0.921,25.0,1
user_008508,46-55,Córdoba,Móvil,Premium,113,35,69.65,161.0,23,45.8,1.8,0.438,9.29,0
user_008509,18-25,Buenos Aires,Móvil,Free,114,27,97.8,152.0,29,43.9,13.5,0.994,7.11,1
user_008510,26-35,Rosario,Desktop,Free,336,50,229.2,2.0,4,57.2,1.0,0.613,4.46,0
user_008511,36-45,Córdoba,Desktop,Premium,25,6,59.2,121.0,20,31.7,12.6,0.035,6.0,0
user_008512,26-35,Córdoba,Móvil,Free,242,39,67.32,7.0,26,7.7,14.4,0.066,,0
user_008513,36-45,Otros,Tablet,Basic,292,41,225.5,38.0,11,87.6,19.1,0.032,,0
user_008514,36-45,Buenos Aires,Móvil,Free,8,40,36.63,56.0,22,61.1,13.2,0.053,40.0,0
user_008515,26-35,Buenos Aires,Móvil,Free,194,45,237.41,30.0,4,6.6,2.0,0.13,6.96,0
user_008516,26-35,Buenos Aires,Móvil,Free,26,1,303.65,79.0,26,46.7,14.1,,1.0,0
user_008517,36-45,La Plata,Móvil,Free,294,23,203.05,121.0,3,,18.6,0.697,2.35,0
user_008518,18-25,Córdoba,Móvil,Premium,153,5,142.79,166.0,12,56.5,6.3,0.451,0.98,0
user_008519,18-25,Otros,Móvil,Basic,198,33,214.4,141.0,20,45.9,15.0,0.238,5.0,1
user_008520,18-25,Córdoba,Móvil,Free,136,28,452.1,140.0,26,65.5,14.7,0.87,6.18,1
user_008521,46-55,La Plata,Tablet,Basic,128,22,460.6,122.0,6,53.6,9.1,0.168,5.16,0
user_008522,36-45,Buenos Aires,Móvil,Basic,185,24,105.55,21.0,2,58.8,4.3,0.919,,1
user_008523,36-45,Córdoba,Móvil,Basic,3,42,316.92,129.0,12,20.5,5.0,0.029,42.0,0
user_008524,36-45,Córdoba,Desktop,Free,171,43,378.8,116.0,7,57.5,16.0,0.173,7.54,0
user_008525,26-35,Mendoza,Desktop,Premium,37,27,495.04,131.0,0,58.3,11.9,0.057,21.89,0
user_008526,,Buenos Aires,Desktop,Basic,298,48,445.2,79.0,7,66.4,9.5,,,1
user_008527,36-45,Buenos Aires,Móvil,Basic,220,17,71.51,116.0,24,93.3,4.2,0.222,2.32,0
user_008528,18-25,Buenos Aires,Móvil,Premium,44,0,322.81,999.0,30,8.7,15.0,,0.0,0
user_008529,26-35,Rosario,Móvil,Free,95,38,185.82,111.0,20,35.0,5.5,0.352,12.0,0
user_008530,18-25,Rosario,Móvil,Free,141,40,498.38,19.0,7,46.3,3.7,0.222,,0
user_008531,26-35,Otros,Móvil,Premium,88,11,154.33,21.0,4,,11.7,0.35,3.75,0
user_008532,,La Plata,Móvil,Premium,320,32,292.53,130.0,2,3.1,7.7,0.853,3.0,0
user_008533,18-25,Otros,Desktop,Free,348,38,466.9,100.0,10,56.7,6.6,0.052,3.28,1
user_008534,18-25,Buenos Aires,Móvil,Free,179,5,67.14,116.0,20,1.8,19.1,0.932,0.84,1
user_008535,18-25,Buenos Aires,Móvil,Free,293,31,211.52,129.0,8,56.2,8.2,,3.17,1
user_008536,36-45,La Plata,Tablet,Free,349,29,13.97,69.0,9,36.5,10.4,0.052,2.49,1
user_008537,26-35,Buenos Aires,Móvil,Premium,158,7,290.97,11.0,16,94.0,19.9,0.751,1.33,0
user_008538,18-25,Buenos Aires,Desktop,Free,5,34,251.97,110.0,14,,11.2,,34.0,0
user_008539,36-45,Córdoba,Desktop,Premium,66,9,77.79,148.0,3,112.8,3.6,0.742,4.09,0
user_008540,36-45,Buenos Aires,Tablet,Premium,22,47,411.3,105.0,30,98.9,8.0,,47.0,1
user_008541,36-45,Buenos Aires,Desktop,Basic,281,43,116.67,108.0,14,64.4,13.1,0.028,4.59,0
user_008542,26-35,Otros,Móvil,Free,269,47,303.07,177.0,11,31.8,5.3,0.454,5.24,1
user_008543,36-45,Otros,Desktop,Premium,286,31,21.16,86.0,23,21.5,5.8,,3.25,0
user_008544,18-25,Mendoza,Móvil,Basic,318,5,334.57,172.0,8,66.7,3.0,0.673,0.47,0
user_008545,56+,Rosario,Desktop,Basic,269,4,318.07,131.0,12,5.9,6.1,0.913,,0
user_008546,56+,Rosario,Tablet,Free,188,37,273.46,133.0,2,34.4,8.2,0.567,5.9,1
user_008547,36-45,Buenos Aires,Desktop,Free,227,20,487.18,120.0,23,32.2,19.4,,,1
user_008548,26-35,Buenos Aires,Móvil,Basic,213,11,495.73,92.0,26,77.6,18.7,,1.55,0
user_008549,26-35,Rosario,Móvil,Free,92,37,138.46,128.0,7,8.0,15.3,0.94,12.07,1
user_008550,18-25,Buenos Aires,Móvil,Basic,293,19,336.31,167.0,19,111.0,4.6,0.35,,0
user_008551,46-55,Buenos Aires,Móvil,Free,166,34,323.61,20.0,28,86.5,17.2,,6.14,1
user_008552,36-45,Otros,Móvil,Basic,306,25,418.98,147.0,16,42.9,6.7,,,0
user_008553,18-25,Buenos Aires,Desktop,Free,260,12,257.27,111.0,3,53.2,13.2,0.418,1.38,1
user_008554,26-35,Rosario,Desktop,Enterprise,332,10,206.53,8.0,20,76.0,9.0,0.81,0.9,1
user_008555,46-55,Buenos Aires,Desktop,Free,73,23,90.53,91.0,16,,9.7,0.692,9.45,1
user_008556,36-45,Buenos Aires,Desktop,Basic,365,8,150.5,,15,63.1,18.4,,0.66,0
user_008557,56+,Mendoza,Desktop,Free,356,1,237.58,49.0,10,23.9,4.6,0.256,0.08,1
user_008558,36-45,Rosario,Desktop,Free,237,30,458.65,152.0,14,66.2,13.1,0.93,3.8,0
user_008559,36-45,Córdoba,Móvil,Free,297,47,92.01,167.0,5,44.9,3.5,0.275,4.75,0
user_008560,36-45,Córdoba,Móvil,Free,160,45,427.1,104.0,7,1.2,19.2,0.496,,1
user_008561,18-25,Buenos Aires,Móvil,Free,289,47,448.77,71.0,5,8.9,15.0,0.572,4.88,0
user_008562,36-45,Córdoba,Móvil,Enterprise,331,0,318.45,999.0,1,84.4,14.8,0.188,0.0,0
user_008563,18-25,Rosario,Desktop,Free,75,48,75.29,8.0,16,110.7,19.3,0.694,19.2,0
user_008564,56+,La Plata,Móvil,Enterprise,84,7,438.53,53.0,10,75.8,11.6,0.358,2.5,0
user_008565,26-35,Rosario,Tablet,Free,110,29,161.7,64.0,15,10.9,7.7,0.595,,0
user_008566,18-25,Rosario,Móvil,Premium,74,22,404.03,128.0,17,118.8,19.4,0.027,8.92,1
user_008567,26-35,La Plata,Móvil,Basic,236,45,140.02,107.0,16,103.3,11.8,0.062,5.72,1
user_008568,46-55,Córdoba,Móvil,Basic,69,27,169.58,122.0,24,95.8,4.7,0.271,11.74,0
user_008569,56+,Rosario,Desktop,Free,33,44,246.47,179.0,14,40.0,4.3,0.446,40.0,1
user_008570,36-45,La Plata,Desktop,Free,147,0,13.88,999.0,26,118.0,4.5,0.34,0.0,1
user_008571,18-25,Rosario,Móvil,Premium,224,21,277.62,29.0,6,34.2,8.2,0.802,2.81,0
user_008572,18-25,Buenos Aires,Móvil,Premium,215,0,55.17,999.0,7,37.1,11.2,0.173,0.0,1
user_008573,18-25,Rosario,Móvil,Basic,182,30,433.27,40.0,9,25.0,11.9,0.396,,0
user_008574,36-45,Buenos Aires,Móvil,Free,204,1,403.72,44.0,29,,7.0,0.125,0.15,1
user_008575,26-35,La Plata,Desktop,Basic,253,3,26.83,15.0,5,22.4,13.0,0.878,0.36,1
user_008576,36-45,Buenos Aires,Móvil,Free,129,44,397.49,71.0,2,114.5,1.4,0.514,10.23,1
user_008577,56+,Mendoza,Desktop,Basic,225,46,161.65,16.0,11,17.4,7.8,,,0
user_008578,18-25,Rosario,Desktop,Enterprise,109,4,73.59,65.0,27,108.1,11.1,,1.1,0
user_008579,26-35,Rosario,Móvil,Free,325,29,272.8,155.0,25,86.7,2.5,,2.68,0
user_008580,26-35,Buenos Aires,Desktop,Basic,268,22,342.22,58.0,11,42.2,14.4,0.651,2.46,0
user_008581,18-25,La Plata,Móvil,Premium,145,2,141.08,125.0,13,25.7,1.2,0.964,0.41,1
user_008582,18-25,Buenos Aires,Móvil,Free,328,45,338.84,178.0,18,62.8,3.5,,4.12,1
user_008583,36-45,Córdoba,Móvil,Free,84,48,115.76,122.0,17,93.8,6.0,0.836,,1
user_008584,26-35,Rosario,Móvil,Free,161,43,66.48,0.0,28,96.7,17.7,0.048,,0
user_008585,36-45,Córdoba,Móvil,Basic,253,49,374.66,8.0,13,20.3,16.3,0.17,5.81,0
user_008586,26-35,Buenos Aires,Móvil,Basic,72,9,445.15,43.0,6,35.1,4.4,0.23,3.75,0
user_008587,36-45,Buenos Aires,Tablet,Basic,292,40,37.46,23.0,22,22.7,11.4,0.804,4.11,0
user_008588,26-35,Buenos Aires,Desktop,Basic,313,45,119.65,106.0,23,98.5,16.7,0.136,4.31,1
user_008589,36-45,Buenos Aires,Móvil,Free,65,9,311.25,48.0,24,69.1,13.0,0.88,4.15,1
user_008590,18-25,Rosario,Tablet,Premium,296,10,332.99,10.0,15,41.9,18.3,0.168,1.01,0
user_008591,26-35,Córdoba,Desktop,Basic,120,18,124.42,101.0,10,30.7,12.0,0.262,4.5,0
user_008592,,Buenos Aires,Móvil,Free,57,3,141.52,74.0,13,105.1,9.2,,1.58,1
user_008593,36-45,Buenos Aires,Desktop,Premium,206,30,296.69,15.0,17,75.1,6.6,,,0
user_008594,36-45,Mendoza,Tablet,Basic,311,21,244.81,146.0,2,76.2,11.3,0.424,2.03,1
user_008595,18-25,Buenos Aires,Desktop,Premium,17,15,407.44,57.0,0,1.2,5.9,0.859,15.0,0
user_008596,36-45,Buenos Aires,Desktop,Basic,183,11,283.36,118.0,30,,7.7,0.856,1.8,0
user_008597,36-45,Córdoba,Tablet,Free,23,49,404.31,97.0,17,101.5,2.2,0.229,,0
user_008598,18-25,,Móvil,Free,184,16,293.24,58.0,9,15.5,6.7,0.82,,0
user_008599,46-55,Buenos Aires,Tablet,Premium,119,30,164.88,176.0,6,35.7,5.2,0.284,7.56,0
user_008600,56+,Rosario,Desktop,Premium,122,47,146.61,81.0,11,93.1,1.5,0.37,,0
user_008601,26-35,Buenos Aires,Móvil,Free,42,3,357.31,104.0,7,31.7,6.2,,2.14,1
user_008602,26-35,La Plata,Móvil,Premium,9,8,173.25,155.0,15,65.1,6.8,0.794,,0
user_008603,18-25,Buenos Aires,Desktop,Free,203,20,278.42,124.0,20,72.5,18.4,0.784,2.96,0
user_008604,46-55,Otros,Móvil,Basic,107,42,474.99,45.0,28,34.3,6.0,,,1
user_008605,56+,Buenos Aires,Móvil,Free,249,21,442.07,153.0,1,36.7,8.6,0.879,2.53,0
user_008606,46-55,Mendoza,Móvil,Basic,214,36,154.1,0.0,19,31.7,18.3,0.998,5.05,0
user_008607,26-35,Buenos Aires,Tablet,Premium,230,39,387.27,124.0,18,58.6,3.9,0.51,5.09,0
user_008608,18-25,Buenos Aires,Desktop,Free,148,43,155.11,147.0,3,,9.4,0.27,8.72,0
user_008609,26-35,Otros,Desktop,Basic,276,37,186.33,160.0,18,87.9,13.4,0.243,,1
user_008610,26-35,Buenos Aires,Desktop,Basic,262,20,36.51,50.0,23,88.3,10.1,0.69,,1
user_008611,46-55,Buenos Aires,Tablet,Free,255,16,291.71,11.0,8,114.5,14.6,0.744,1.88,1
user_008612,26-35,Mendoza,Desktop,Free,208,36,47.8,158.0,12,59.7,6.8,0.256,5.19,1
user_008613,18-25,Otros,Móvil,Premium,45,4,253.94,2.0,2,111.4,6.7,0.17,2.67,1
user_008614,26-35,Buenos Aires,Tablet,Premium,118,0,42.93,999.0,6,,15.2,0.725,0.0,0
user_008615,26-35,Córdoba,Móvil,Free,65,23,35.32,77.0,0,13.8,9.6,0.692,,0
user_008616,46-55,La Plata,Móvil,Free,153,14,160.63,154.0,23,32.5,14.0,0.066,2.75,1
user_008617,26-35,Rosario,Móvil,Free,308,3,282.86,64.0,3,,14.7,0.375,0.29,0
user_008618,18-25,Buenos Aires,Móvil,Free,124,42,328.51,109.0,11,105.8,13.6,,10.16,0
user_008619,,Rosario,Desktop,Basic,139,32,163.17,21.0,18,29.7,14.7,0.593,6.91,1
user_008620,18-25,Córdoba,Tablet,Premium,143,40,86.81,142.0,5,77.5,15.4,0.519,8.39,0
user_008621,18-25,Rosario,Móvil,Basic,105,13,233.93,105.0,23,74.1,1.1,0.432,3.71,1
user_008622,36-45,Córdoba,Móvil,Basic,281,37,117.22,149.0,15,84.9,5.7,0.153,,1
user_008623,46-55,Otros,Desktop,Basic,315,40,250.5,37.0,29,18.8,11.4,,3.81,0
user_008624,56+,La Plata,Desktop,Free,102,33,256.09,53.0,15,75.7,17.8,,9.71,1
user_008625,,Buenos Aires,Tablet,Basic,311,15,316.61,163.0,0,,15.3,,1.45,0
user_008626,36-45,Mendoza,Tablet,Basic,234,39,132.31,168.0,29,114.7,12.5,0.532,,1
user_008627,26-35,Otros,Desktop,Free,301,36,418.16,65.0,7,16.7,14.2,0.461,3.59,0
user_008628,56+,Buenos Aires,Desktop,Free,310,46,180.01,125.0,16,9.4,19.1,,,0
user_008629,18-25,Mendoza,Móvil,Premium,85,49,16.08,131.0,4,59.9,12.7,0.067,17.29,1
user_008630,26-35,Buenos Aires,Móvil,Basic,359,37,38.3,103.0,25,29.4,1.3,0.031,3.09,0
user_008631,26-35,Buenos Aires,Móvil,,209,20,146.32,14.0,12,59.3,4.4,,2.87,0
user_008632,46-55,Buenos Aires,Desktop,Basic,105,0,290.74,999.0,22,74.4,5.6,0.574,0.0,1
user_008633,,Córdoba,Móvil,Free,160,50,206.5,77.0,23,,10.8,0.943,9.38,0
user_008634,56+,Rosario,Móvil,Free,249,10,492.07,103.0,18,,2.0,,1.2,0
user_008635,26-35,Rosario,Móvil,Premium,363,32,348.55,126.0,12,48.1,17.9,0.886,2.64,0
user_008636,36-45,Rosario,Móvil,Free,328,3,192.48,63.0,15,51.2,19.6,0.692,0.27,0
user_008637,26-35,Buenos Aires,Móvil,Free,323,49,410.39,175.0,10,18.0,2.2,0.93,4.55,1
user_008638,26-35,Rosario,Móvil,Premium,205,44,472.21,16.0,22,99.0,6.6,0.91,6.44,1
user_008639,26-35,Buenos Aires,Desktop,Basic,89,20,206.96,88.0,13,92.1,10.1,0.467,6.74,1
user_008640,46-55,Córdoba,Tablet,Basic,323,10,499.3,81.0,25,105.6,4.4,,0.93,0
user_008641,18-25,Córdoba,Móvil,Basic,282,43,371.57,114.0,29,104.4,10.0,0.717,,1
user_008642,36-45,Rosario,Desktop,Free,219,1,86.64,152.0,5,8.6,2.1,0.13,0.14,0
user_008643,26-35,Buenos Aires,Móvil,Free,109,43,496.64,81.0,28,53.6,13.9,0.781,11.83,0
user_008644,26-35,Buenos Aires,Móvil,Basic,34,11,464.26,81.0,29,35.4,14.6,0.165,9.71,0
user_008645,36-45,Buenos Aires,Móvil,Premium,200,47,454.73,177.0,30,48.1,16.6,0.715,7.05,1
user_008646,46-55,Córdoba,Móvil,Free,268,47,463.8,134.0,1,,18.3,0.197,5.26,0
user_008647,46-55,Buenos Aires,Desktop,Free,163,35,375.08,110.0,30,86.9,1.5,0.201,,0
user_008648,56+,Buenos Aires,Móvil,Premium,345,23,285.57,70.0,29,63.4,2.8,0.412,2.0,0
user_008649,36-45,Buenos Aires,Desktop,Premium,36,21,481.59,101.0,12,29.5,1.9,0.958,17.5,0
user_008650,18-25,Buenos Aires,Móvil,Free,361,25,229.84,,16,56.0,19.9,0.739,2.08,1
user_008651,46-55,Buenos Aires,Móvil,Enterprise,1,1,352.26,101.0,5,109.7,14.6,0.983,1.0,1
user_008652,26-35,Otros,Móvil,Basic,349,4,338.08,73.0,11,37.2,12.4,0.403,0.34,1
user_008653,26-35,Córdoba,Desktop,Basic,148,41,12.67,47.0,6,91.4,16.7,0.617,8.31,1
user_008654,26-35,La Plata,Móvil,Free,75,30,301.5,91.0,6,,15.6,0.41,12.0,0
user_008655,26-35,Buenos Aires,Móvil,Basic,72,27,180.35,129.0,16,48.5,1.5,0.548,11.25,0
user_008656,26-35,Buenos Aires,Desktop,Premium,279,14,313.21,150.0,15,57.7,15.3,0.995,,0
user_008657,56+,La Plata,Desktop,Free,340,35,161.07,101.0,21,,7.9,0.683,3.09,1
user_008658,26-35,Córdoba,Desktop,Basic,148,43,30.24,36.0,20,65.3,15.8,0.014,8.72,1
user_008659,46-55,Buenos Aires,Móvil,Premium,164,46,118.21,66.0,30,11.5,17.7,0.817,8.41,0
user_008660,46-55,Córdoba,Desktop,Free,35,7,493.93,39.0,13,32.3,2.1,,6.0,1
user_008661,36-45,Rosario,Tablet,Basic,67,12,480.56,24.0,10,,8.8,0.859,5.37,1
user_008662,18-25,Buenos Aires,Móvil,Basic,53,5,95.62,25.0,6,116.0,12.9,0.518,2.83,1
user_008663,,La Plata,Tablet,Free,305,14,295.28,28.0,22,76.8,17.3,0.765,1.38,0
user_008664,36-45,Otros,Móvil,Free,211,40,27.57,136.0,24,,9.9,0.355,,1
user_008665,36-45,Buenos Aires,Móvil,Premium,132,22,79.34,95.0,25,60.2,18.8,0.839,5.0,0
user_008666,18-25,Mendoza,Desktop,Basic,198,17,308.44,73.0,5,104.8,5.3,0.279,2.58,0
user_008667,46-55,Rosario,Desktop,Free,322,29,414.27,30.0,24,54.1,16.6,,,0
user_008668,36-45,Buenos Aires,Móvil,Basic,322,30,136.64,28.0,16,17.5,3.2,0.609,2.8,1
user_008669,18-25,Otros,Móvil,Basic,60,35,370.07,73.0,17,62.4,2.4,0.011,17.5,0
user_008670,36-45,Mendoza,Móvil,Free,155,49,47.58,101.0,11,91.9,12.1,,,1
user_008671,46-55,Rosario,Móvil,Free,164,30,238.11,31.0,16,11.3,1.5,,5.49,1
user_008672,18-25,Córdoba,Móvil,Free,283,13,351.43,28.0,28,69.5,9.3,0.864,1.38,1
user_008673,18-25,Otros,Móvil,Premium,344,19,495.79,149.0,20,72.7,6.8,0.356,1.66,1
user_008674,18-25,Buenos Aires,Móvil,Premium,241,37,12.57,102.0,12,60.8,6.2,,,0
user_008675,26-35,Rosario,Desktop,Premium,119,15,260.13,112.0,27,54.8,15.8,0.123,3.78,0
user_008676,26-35,Córdoba,Móvil,Free,94,6,417.64,47.0,26,53.2,11.5,0.905,1.91,0
user_008677,36-45,Rosario,Móvil,Premium,185,10,209.74,32.0,12,18.5,1.4,0.671,1.62,0
user_008678,36-45,Otros,Móvil,Premium,279,43,207.13,41.0,9,112.3,17.4,0.643,4.62,1
user_008679,46-55,Buenos Aires,Móvil,Premium,111,3,220.73,92.0,6,2.3,1.9,0.216,0.81,0
user_008680,36-45,Buenos Aires,Móvil,Premium,332,32,183.87,54.0,14,,15.4,,2.89,1
user_008681,,Otros,Desktop,Premium,211,31,167.9,66.0,22,114.2,17.1,0.254,4.41,0
user_008682,36-45,Córdoba,Móvil,Basic,195,3,447.89,121.0,14,109.9,15.9,0.24,0.46,1
user_008683,26-35,Córdoba,Móvil,Premium,362,11,55.4,97.0,3,23.4,2.6,0.302,0.91,0
user_008684,18-25,La Plata,Móvil,Basic,239,47,348.33,88.0,14,4.0,16.3,0.037,5.9,0
user_008685,18-25,La Plata,Móvil,Basic,128,5,231.17,71.0,3,67.7,16.5,0.424,1.17,1
user_008686,56+,Mendoza,Móvil,Basic,319,13,55.9,168.0,26,99.2,9.1,0.006,1.22,0
user_008687,26-35,Córdoba,Desktop,Free,340,19,324.83,2.0,21,98.5,17.4,,1.68,1
user_008688,18-25,Córdoba,Móvil,Basic,333,8,229.81,117.0,21,,4.5,0.516,0.72,0
user_008689,46-55,Buenos Aires,Desktop,Free,115,21,56.77,34.0,23,87.9,14.7,0.283,5.48,1
user_008690,56+,Rosario,Móvil,Premium,223,44,299.35,71.0,12,117.8,6.6,0.733,5.92,1
user_008691,26-35,Mendoza,Móvil,Basic,106,41,392.43,170.0,7,47.0,8.6,0.062,,1
user_008692,36-45,Buenos Aires,Móvil,Basic,135,28,449.95,30.0,23,8.6,18.2,0.888,6.22,0
user_008693,26-35,Buenos Aires,Móvil,Basic,330,40,283.42,54.0,19,105.5,1.9,0.115,3.64,1
user_008694,,Buenos Aires,Móvil,Basic,139,2,20.21,180.0,2,76.2,16.0,0.158,0.43,1
user_008695,36-45,Buenos Aires,Móvil,Free,342,7,410.22,81.0,9,68.4,1.1,0.096,0.61,0
user_008696,26-35,Buenos Aires,Desktop,Premium,260,12,201.43,25.0,18,91.8,2.1,0.537,1.38,1
user_008697,46-55,Córdoba,Móvil,Basic,131,36,361.66,66.0,24,110.9,16.8,0.145,,0
user_008698,36-45,Buenos Aires,Móvil,Premium,344,38,62.11,29.0,13,87.9,4.8,,3.31,0
user_008699,56+,Buenos Aires,Desktop,Basic,121,2,203.7,98.0,21,25.5,4.5,0.784,0.5,1
user_008700,46-55,Buenos Aires,Desktop,Basic,108,23,346.03,127.0,5,110.0,11.2,0.359,,1
user_008701,18-25,Rosario,Móvil,Premium,235,47,48.91,155.0,21,12.9,4.0,,6.0,1
user_008702,56+,Mendoza,Móvil,Free,287,50,399.67,25.0,9,112.5,14.9,,5.23,0
user_008703,26-35,Córdoba,Desktop,Premium,35,26,54.14,47.0,0,104.4,9.1,0.718,22.29,1
user_008704,18-25,Buenos Aires,Desktop,Free,136,0,137.72,999.0,21,119.4,9.4,0.365,0.0,1
user_008705,18-25,La Plata,Móvil,Premium,192,8,116.55,163.0,9,114.8,6.8,0.242,1.25,0
user_008706,18-25,Buenos Aires,Desktop,Basic,52,44,156.74,111.0,5,24.8,3.0,0.642,,0
user_008707,46-55,Buenos Aires,Desktop,Free,4,34,279.87,87.0,17,15.1,15.6,,,1
user_008708,46-55,Córdoba,Desktop,Premium,273,4,180.21,114.0,13,58.4,19.0,0.149,0.44,0
user_008709,26-35,Buenos Aires,Móvil,Basic,183,37,78.23,89.0,2,80.2,12.3,0.044,6.07,0
user_008710,18-25,Mendoza,Desktop,Premium,108,29,260.12,16.0,21,36.6,7.9,,8.06,0
user_008711,26-35,Córdoba,Móvil,Premium,80,16,324.98,5.0,20,70.6,16.5,0.241,6.0,1
user_008712,36-45,Buenos Aires,Móvil,Basic,129,21,366.79,70.0,4,17.8,2.4,0.292,4.88,1
user_008713,36-45,Buenos Aires,Móvil,Premium,344,23,262.67,48.0,23,70.0,10.3,0.479,2.01,0
user_008714,36-45,La Plata,Móvil,Basic,309,18,289.77,99.0,19,104.3,2.7,0.317,1.75,0
user_008715,26-35,Buenos Aires,Móvil,Free,107,27,75.47,14.0,25,,14.6,0.212,7.57,1
user_008716,46-55,Córdoba,Móvil,Free,160,30,176.92,71.0,29,100.6,19.1,0.345,5.62,1
user_008717,26-35,Mendoza,Desktop,Premium,293,31,294.25,143.0,0,90.7,16.0,0.246,3.17,1
user_008718,36-45,,Móvil,Basic,42,30,459.15,161.0,17,54.3,5.0,0.458,21.43,0
user_008719,26-35,Rosario,Desktop,Free,218,44,480.54,89.0,3,105.2,13.9,,6.06,1
user_008720,18-25,Córdoba,Móvil,Basic,160,5,179.93,153.0,5,10.3,3.2,,0.94,0
user_008721,46-55,Buenos Aires,Desktop,Basic,125,50,193.43,114.0,9,48.4,18.4,,12.0,1
user_008722,56+,Otros,Móvil,Premium,322,0,255.42,999.0,12,24.1,9.2,0.286,0.0,1
user_008723,46-55,Rosario,Desktop,Free,45,14,209.8,14.0,7,64.3,6.7,0.451,9.33,1
user_008724,26-35,Buenos Aires,Móvil,Basic,166,9,431.8,14.0,1,95.3,4.9,0.117,1.63,0
user_008725,26-35,,Desktop,Basic,149,36,447.61,98.0,11,62.2,2.2,0.564,7.25,0
user_008726,26-35,Buenos Aires,Móvil,Free,165,17,291.55,163.0,28,27.1,10.8,0.463,3.09,1
user_008727,36-45,Córdoba,Móvil,Premium,136,16,245.55,112.0,18,,14.6,0.057,,0
user_008728,46-55,La Plata,Desktop,Basic,214,24,312.97,149.0,22,109.4,7.1,0.734,3.36,1
user_008729,36-45,Buenos Aires,Móvil,Free,216,14,36.37,163.0,5,120.0,11.5,0.727,1.94,1
user_008730,46-55,Buenos Aires,Móvil,Enterprise,350,25,356.49,77.0,5,18.0,18.6,0.587,2.14,0
user_008731,18-25,Otros,Desktop,Premium,147,44,286.07,176.0,26,101.7,4.0,0.807,8.98,0
user_008732,26-35,Buenos Aires,,Free,46,39,151.75,112.0,3,19.2,15.7,0.994,25.43,1
user_008733,18-25,Córdoba,Móvil,Free,221,30,55.21,74.0,0,61.7,17.1,0.708,,0
user_008734,26-35,Buenos Aires,Móvil,Basic,161,10,295.71,26.0,10,93.5,6.6,0.799,1.86,1
user_008735,36-45,Buenos Aires,Móvil,Basic,330,20,486.08,177.0,1,,19.1,0.674,1.82,0
user_008736,36-45,Rosario,Móvil,Free,340,16,352.07,127.0,27,30.5,2.8,0.2,1.41,1
user_008737,18-25,Rosario,Móvil,Premium,89,21,387.74,99.0,15,76.7,17.4,0.726,7.08,1
user_008738,18-25,Rosario,Tablet,Free,95,16,177.35,19.0,14,,12.1,,5.05,1
user_008739,26-35,Córdoba,Desktop,Enterprise,27,5,51.01,177.0,0,12.4,2.0,0.832,5.0,0
user_008740,56+,Buenos Aires,Tablet,Free,78,41,284.26,80.0,11,111.3,2.5,0.467,,1
user_008741,36-45,Buenos Aires,Móvil,Free,60,15,83.19,58.0,6,55.4,3.3,0.011,7.5,1
user_008742,26-35,Buenos Aires,Desktop,Premium,272,9,219.66,93.0,4,65.2,17.1,0.17,0.99,1
user_008743,26-35,Córdoba,Móvil,Free,159,9,135.27,3.0,24,115.4,6.0,0.7,1.7,0
user_008744,36-45,Córdoba,Desktop,Basic,170,42,357.97,180.0,6,16.6,4.3,0.963,7.41,0
user_008745,18-25,,Móvil,Free,118,22,284.4,,17,34.6,10.6,0.519,5.59,0
user_008746,46-55,Córdoba,Móvil,Basic,306,4,293.58,149.0,23,19.5,4.3,0.972,0.39,1
user_008747,26-35,,Desktop,Basic,281,26,138.08,119.0,27,29.0,19.0,0.098,,1
user_008748,36-45,Córdoba,Desktop,Basic,335,19,208.22,25.0,17,61.5,7.7,0.251,1.7,1
user_008749,36-45,Buenos Aires,Móvil,Enterprise,218,25,260.02,20.0,15,108.4,2.0,,3.44,0
user_008750,46-55,Rosario,Desktop,Free,129,17,347.34,139.0,10,24.2,3.2,0.476,,0
user_008751,26-35,Buenos Aires,Tablet,Basic,129,23,145.63,3.0,15,49.0,15.2,0.144,5.35,1
user_008752,36-45,Buenos Aires,Móvil,Basic,312,7,36.16,47.0,11,11.1,6.6,0.279,,1
user_008753,46-55,Buenos Aires,Desktop,Enterprise,213,27,305.77,164.0,2,,13.5,0.623,,0
user_008754,18-25,Córdoba,Móvil,Basic,245,11,248.75,17.0,20,40.0,17.1,0.845,1.35,0
user_008755,26-35,Buenos Aires,Desktop,Free,309,25,208.89,81.0,3,10.5,3.4,0.125,2.43,0
user_008756,26-35,Buenos Aires,Móvil,Free,209,25,77.8,89.0,4,82.2,19.2,,,0
user_008757,18-25,La Plata,Móvil,Basic,88,48,161.72,115.0,23,12.7,10.5,0.17,,1
user_008758,46-55,La Plata,Tablet,Free,318,38,256.0,44.0,28,,16.6,0.033,,0
user_008759,18-25,Buenos Aires,Móvil,Free,288,50,95.24,177.0,4,116.6,16.1,0.282,,1
user_008760,46-55,La Plata,Móvil,Premium,50,33,399.32,84.0,3,71.0,6.7,,,1
user_008761,,,Tablet,Free,321,20,167.63,141.0,6,14.1,3.2,0.241,,1
user_008762,46-55,Córdoba,Móvil,Free,75,10,111.58,176.0,15,72.9,6.8,0.787,,0
user_008763,36-45,Rosario,Móvil,Free,262,37,362.51,32.0,7,81.0,20.0,0.878,4.24,0
user_008764,46-55,Buenos Aires,Móvil,Free,117,4,473.55,159.0,18,28.9,12.8,0.797,1.03,0
user_008765,26-35,Buenos Aires,Móvil,Free,335,19,381.42,167.0,29,27.1,7.9,0.181,1.7,0
user_008766,36-45,Buenos Aires,Tablet,Premium,151,44,343.2,123.0,0,37.2,15.5,0.599,8.74,0
user_008767,36-45,La Plata,Móvil,Free,141,13,380.25,26.0,3,6.7,4.9,0.837,2.77,0
user_008768,36-45,Buenos Aires,Desktop,Premium,92,23,200.87,80.0,22,47.5,7.9,0.488,,0
user_008769,26-35,Buenos Aires,Móvil,Basic,69,27,444.07,151.0,27,22.8,10.2,0.98,,0
user_008770,36-45,Mendoza,Móvil,Free,145,47,45.45,72.0,20,72.0,12.5,0.28,9.72,1
user_008771,46-55,Mendoza,Tablet,Premium,165,49,421.91,6.0,2,60.2,17.2,0.244,8.91,1
user_008772,46-55,Córdoba,Desktop,Free,250,34,295.34,114.0,21,95.5,12.3,0.816,4.08,0
user_008773,18-25,Buenos Aires,Móvil,Premium,258,35,114.24,23.0,25,,1.1,0.254,4.07,0
user_008774,18-25,Córdoba,Móvil,Free,18,4,100.14,180.0,26,51.4,14.4,0.026,4.0,1
user_008775,26-35,Buenos Aires,Desktop,Free,335,36,485.98,165.0,0,106.3,14.2,0.545,,0
user_008776,36-45,La Plata,Móvil,Basic,287,25,94.86,147.0,19,110.6,8.7,0.901,2.61,1
user_008777,36-45,Córdoba,Móvil,Basic,222,10,184.94,154.0,9,78.4,8.8,,1.35,1
user_008778,56+,Rosario,Móvil,Free,170,12,132.29,21.0,19,84.2,5.7,0.24,2.12,1
user_008779,18-25,Otros,Tablet,Free,88,1,443.9,49.0,15,,15.8,0.134,0.34,1
user_008780,56+,Otros,Móvil,Premium,83,7,165.72,89.0,22,6.8,10.5,,2.53,1
user_008781,18-25,Buenos Aires,Desktop,Basic,280,15,331.37,29.0,9,37.6,15.0,,1.61,0
user_008782,36-45,Otros,Desktop,Free,221,2,347.92,87.0,5,21.0,4.1,0.304,0.27,0
user_008783,36-45,Buenos Aires,Móvil,Free,97,17,461.98,93.0,10,,6.5,0.838,5.26,0
user_008784,26-35,Córdoba,Móvil,Basic,180,1,421.85,4.0,30,80.1,1.8,,,0
user_008785,26-35,Buenos Aires,Móvil,Free,46,20,274.05,155.0,16,24.1,3.5,,,0
user_008786,36-45,Rosario,Móvil,Free,282,25,41.47,,2,103.0,9.9,,2.66,1
user_008787,56+,Rosario,Móvil,Free,189,39,297.35,92.0,28,57.1,14.9,0.405,6.19,1
user_008788,56+,Otros,Móvil,Premium,333,11,62.61,178.0,28,92.8,10.2,0.519,0.99,0
user_008789,26-35,Otros,Desktop,Premium,55,44,205.92,125.0,21,49.1,6.3,0.524,24.0,1
user_008790,18-25,Córdoba,Móvil,Premium,198,16,114.46,96.0,10,78.0,10.6,,2.42,1
user_008791,36-45,Buenos Aires,Tablet,Free,156,49,320.02,128.0,11,7.0,1.9,0.811,9.42,0
user_008792,56+,Buenos Aires,Móvil,Basic,48,34,78.16,136.0,1,77.2,15.2,0.5,21.25,0
user_008793,36-45,Córdoba,Móvil,Premium,175,46,455.26,133.0,16,52.7,3.0,0.032,7.89,0
user_008794,18-25,Mendoza,Desktop,Basic,267,46,426.37,136.0,7,,1.7,0.02,5.17,0
user_008795,56+,Mendoza,Móvil,Free,115,29,321.29,56.0,10,82.8,20.0,0.764,7.57,0
user_008796,46-55,Rosario,Móvil,Basic,220,21,302.28,64.0,18,34.0,14.2,0.952,2.86,0
user_008797,18-25,Córdoba,Móvil,Basic,294,21,371.56,8.0,30,108.9,19.1,0.923,2.14,1
user_008798,36-45,Buenos Aires,Móvil,Premium,12,25,229.8,133.0,7,56.1,17.5,,,0
user_008799,46-55,Córdoba,Móvil,Premium,264,29,485.93,44.0,4,,5.3,,3.3,1
user_008800,18-25,Rosario,Móvil,Enterprise,285,1,365.91,92.0,25,86.9,2.1,0.892,0.11,1
user_008801,18-25,La Plata,Móvil,Enterprise,147,39,266.21,117.0,17,106.9,4.1,0.735,7.96,0
user_008802,18-25,Buenos Aires,Desktop,Premium,24,37,28.98,143.0,20,91.9,17.8,0.951,37.0,0
user_008803,46-55,Buenos Aires,Móvil,Basic,151,4,187.49,139.0,28,24.6,6.9,0.279,,1
user_008804,18-25,Rosario,Móvil,Basic,135,12,299.03,180.0,19,18.5,10.4,0.748,,1
user_008805,26-35,Buenos Aires,Móvil,Free,232,33,256.74,180.0,6,53.9,2.8,0.482,,1
user_008806,46-55,Buenos Aires,Móvil,Free,318,48,155.99,126.0,3,14.2,5.7,,4.53,1
user_008807,26-35,Buenos Aires,Desktop,Free,248,18,381.07,49.0,25,55.3,13.3,0.19,2.18,1
user_008808,36-45,Buenos Aires,Móvil,Basic,331,27,32.9,149.0,18,11.1,8.5,0.296,,0
user_008809,,Buenos Aires,Móvil,Free,34,8,123.53,109.0,10,113.8,18.9,0.27,7.06,0
user_008810,46-55,Córdoba,Móvil,Basic,342,2,481.08,121.0,25,32.6,8.8,0.642,0.18,0
user_008811,46-55,Córdoba,Móvil,Free,218,48,327.61,102.0,7,41.1,19.2,0.783,,0
user_008812,26-35,Buenos Aires,Desktop,Basic,199,30,237.59,95.0,6,118.9,12.3,,,1
user_008813,18-25,Buenos Aires,Desktop,Basic,76,22,47.97,103.0,24,58.8,12.2,,8.68,0
user_008814,26-35,La Plata,Tablet,Free,43,14,328.57,49.0,15,,14.6,0.364,9.77,1
user_008815,18-25,Mendoza,Móvil,Free,198,2,334.96,14.0,26,,5.2,0.632,,0
user_008816,56+,Buenos Aires,Móvil,Basic,254,32,271.19,63.0,6,39.2,8.4,,3.78,0
user_008817,18-25,Córdoba,Desktop,Basic,120,50,237.43,136.0,29,104.4,14.6,0.544,,1
user_008818,26-35,Rosario,Tablet,Basic,168,6,363.89,47.0,0,73.2,3.8,,1.07,1
user_008819,56+,Mendoza,Móvil,Basic,271,11,89.21,173.0,12,104.2,3.8,0.16,1.22,1
user_008820,46-55,La Plata,Desktop,Basic,280,43,369.29,135.0,3,67.1,11.7,0.072,4.61,0
user_008821,26-35,Córdoba,Móvil,Free,184,24,351.71,105.0,3,89.4,1.7,0.416,,0
user_008822,46-55,Buenos Aires,Desktop,Free,276,3,302.5,36.0,9,103.2,7.8,,,1
user_008823,36-45,Córdoba,Desktop,Basic,208,3,265.83,58.0,13,83.0,8.5,0.892,,1
user_008824,18-25,Córdoba,Desktop,,301,11,207.88,110.0,13,69.0,5.1,0.297,,0
user_008825,36-45,Buenos Aires,Móvil,Free,273,1,24.27,23.0,27,45.0,7.7,0.398,0.11,1
user_008826,26-35,Córdoba,Móvil,Basic,362,41,199.91,131.0,26,28.2,19.7,,3.4,1
user_008827,56+,Córdoba,Móvil,Premium,251,5,423.9,95.0,0,97.0,14.6,,0.6,1
user_008828,26-35,Buenos Aires,Tablet,Free,165,23,41.97,114.0,2,116.1,7.8,0.168,4.18,1
user_008829,46-55,Mendoza,Móvil,Basic,330,3,455.27,5.0,20,39.5,5.0,0.828,0.27,0
user_008830,18-25,La Plata,Desktop,Free,220,35,65.65,118.0,13,113.7,5.4,0.058,4.77,0
user_008831,36-45,Otros,Móvil,Premium,254,20,261.26,176.0,16,81.9,16.8,0.181,2.36,1
user_008832,56+,La Plata,Desktop,Free,250,12,273.55,122.0,25,47.9,8.8,0.928,1.44,0
user_008833,36-45,La Plata,Móvil,Free,286,40,390.12,170.0,28,114.1,3.9,0.15,,1
user_008834,46-55,Buenos Aires,Móvil,Premium,62,15,445.29,138.0,16,102.4,10.6,0.514,,0
user_008835,26-35,Córdoba,Móvil,Basic,356,40,130.24,84.0,8,99.3,19.4,0.648,3.37,0
user_008836,,La Plata,Móvil,Premium,166,20,399.46,84.0,9,18.0,13.5,0.321,3.61,1
user_008837,36-45,Buenos Aires,Desktop,Premium,19,21,488.48,60.0,6,102.3,11.6,0.496,21.0,0
user_008838,36-45,Córdoba,Móvil,Free,200,35,121.61,24.0,11,61.9,7.5,,5.25,0
user_008839,26-35,Buenos Aires,Tablet,Basic,268,12,226.09,131.0,5,110.1,19.6,0.102,,0
user_008840,,Buenos Aires,Móvil,Free,198,8,233.3,95.0,9,58.9,3.8,0.043,1.21,0
user_008841,56+,Otros,Móvil,Free,121,33,458.74,67.0,4,115.7,12.7,0.33,8.18,0
user_008842,26-35,Córdoba,Móvil,Free,274,24,53.69,161.0,3,99.6,4.7,0.768,2.63,0
user_008843,26-35,Córdoba,Desktop,Enterprise,359,15,119.24,4.0,9,20.8,10.9,0.684,,0
user_008844,36-45,Buenos Aires,Tablet,Basic,183,25,257.09,87.0,3,9.1,2.1,0.203,,1
user_008845,,La Plata,Móvil,Basic,30,45,487.25,102.0,7,62.1,7.6,,,0
user_008846,26-35,Buenos Aires,Desktop,Basic,186,15,404.96,90.0,20,51.7,6.7,0.812,2.42,0
user_008847,18-25,Otros,Tablet,Basic,48,11,107.27,102.0,17,9.3,18.6,0.804,6.88,0
user_008848,26-35,Buenos Aires,Móvil,Premium,226,39,381.05,57.0,23,73.4,17.3,,5.18,0
user_008849,26-35,Rosario,Desktop,Basic,96,39,22.94,3.0,12,81.1,1.8,0.847,12.19,1
user_008850,,Rosario,Tablet,Free,290,35,311.24,29.0,22,,15.6,0.739,3.62,1
user_008851,26-35,Rosario,Móvil,Free,208,33,94.92,91.0,3,76.3,6.8,0.382,4.76,0
user_008852,26-35,Buenos Aires,Desktop,Free,196,19,340.57,6.0,28,111.6,9.5,0.976,2.91,1
user_008853,,Otros,Móvil,Free,134,20,494.31,98.0,5,66.2,7.0,,4.48,1
user_008854,46-55,Buenos Aires,Móvil,Basic,253,34,433.9,77.0,28,54.5,9.6,0.738,4.03,1
user_008855,36-45,Rosario,Móvil,Free,88,50,268.62,71.0,1,28.0,15.9,0.055,,1
user_008856,18-25,Buenos Aires,Móvil,Free,339,21,173.53,14.0,23,49.3,17.1,0.557,1.86,1
user_008857,46-55,Buenos Aires,Desktop,Free,123,14,373.17,57.0,7,49.9,12.0,,3.41,0
user_008858,36-45,Otros,Móvil,Premium,105,8,198.32,165.0,16,97.4,3.1,0.747,2.29,0
user_008859,36-45,Rosario,Desktop,Premium,272,35,375.1,173.0,6,20.0,7.1,0.455,3.86,0
user_008860,26-35,Buenos Aires,Móvil,Free,216,34,120.95,64.0,2,,4.8,0.734,4.72,0
user_008861,36-45,La Plata,Desktop,Basic,129,45,216.07,31.0,7,1.2,16.4,0.284,10.47,0
user_008862,18-25,Buenos Aires,Tablet,Premium,217,26,270.25,5.0,13,27.4,17.1,0.396,,1
user_008863,26-35,Otros,Desktop,Basic,230,24,164.91,58.0,14,109.8,5.3,0.002,3.13,1
user_008864,46-55,Mendoza,Tablet,Free,257,21,361.61,117.0,3,52.3,19.3,0.728,2.45,1
user_008865,,La Plata,Desktop,Premium,210,20,444.33,99.0,17,52.8,10.0,0.651,2.86,0
user_008866,26-35,Otros,Desktop,Free,31,25,368.09,23.0,16,59.5,6.4,0.787,24.19,0
user_008867,26-35,Buenos Aires,Móvil,Free,38,9,153.86,142.0,11,,10.4,0.123,7.11,1
user_008868,18-25,Córdoba,Desktop,Basic,245,6,421.27,167.0,23,5.5,8.0,0.373,0.73,1
user_008869,18-25,Otros,Móvil,Free,258,46,350.28,91.0,1,81.5,4.9,0.474,5.35,1
user_008870,26-35,Rosario,Desktop,Free,37,46,399.03,76.0,30,109.8,9.3,0.966,37.3,1
user_008871,36-45,,Móvil,Free,100,8,25.42,101.0,28,28.3,16.4,0.629,2.4,0
user_008872,26-35,Rosario,Tablet,Basic,6,50,84.68,141.0,1,36.3,6.4,0.28,50.0,0
user_008873,26-35,La Plata,Desktop,Free,305,31,93.96,158.0,26,62.2,12.2,0.34,3.05,1
user_008874,,Buenos Aires,Móvil,Premium,219,18,413.85,46.0,20,18.0,10.1,0.527,2.47,0
user_008875,26-35,La Plata,Móvil,Free,59,13,105.26,37.0,30,32.8,15.6,0.972,,1
user_008876,46-55,Buenos Aires,Móvil,Basic,339,36,468.34,142.0,15,97.2,8.7,,3.19,0
user_008877,36-45,Mendoza,Móvil,Premium,323,11,497.67,179.0,4,,8.6,,1.02,0
user_008878,26-35,Rosario,Móvil,Free,39,6,13.44,66.0,23,105.1,19.9,0.955,4.62,0
user_008879,18-25,Buenos Aires,Móvil,Free,189,31,334.98,166.0,20,27.0,15.3,0.03,4.92,0
user_008880,46-55,Rosario,Móvil,Basic,297,15,244.96,168.0,25,,8.1,,1.52,0
user_008881,46-55,,Desktop,Free,218,11,94.68,3.0,24,81.7,8.6,0.601,1.51,0
user_008882,26-35,Mendoza,Móvil,Basic,63,41,97.67,149.0,27,114.1,3.0,0.788,19.52,0
user_008883,,Buenos Aires,Móvil,Free,3,4,122.36,175.0,12,33.6,1.1,0.726,4.0,1
user_008884,56+,Buenos Aires,Desktop,Free,164,36,326.8,61.0,22,8.4,19.3,0.093,6.59,1
user_008885,26-35,Buenos Aires,Móvil,Basic,19,49,218.22,63.0,21,,7.2,0.706,,0
user_008886,18-25,Buenos Aires,,Basic,181,46,291.95,8.0,22,104.2,12.8,0.75,7.62,1
user_008887,18-25,Mendoza,Tablet,Basic,128,0,452.33,999.0,23,,13.3,0.806,0.0,0
user_008888,26-35,Mendoza,Móvil,Free,293,46,269.51,146.0,13,,11.9,0.184,4.71,0
user_008889,46-55,Mendoza,Móvil,Free,218,36,306.88,37.0,30,,6.6,,4.95,1
user_008890,26-35,Buenos Aires,Desktop,Premium,73,5,220.59,125.0,4,16.5,14.4,0.246,2.05,0
user_008891,18-25,La Plata,Móvil,Basic,350,23,234.53,108.0,28,29.5,13.1,0.456,1.97,0
user_008892,36-45,Buenos Aires,Móvil,Premium,56,24,280.25,102.0,15,46.3,15.4,0.869,12.86,1
user_008893,18-25,Buenos Aires,Desktop,Basic,157,26,175.16,14.0,20,113.9,7.1,0.763,4.97,1
user_008894,26-35,Buenos Aires,Móvil,Enterprise,102,8,294.98,51.0,0,35.7,2.6,0.68,2.35,0
user_008895,,Otros,Tablet,Premium,247,50,445.39,93.0,29,6.2,3.2,0.632,6.07,1
user_008896,46-55,Buenos Aires,Desktop,Premium,73,27,212.88,69.0,2,63.7,19.6,0.788,11.1,1
user_008897,18-25,Buenos Aires,Desktop,Premium,230,35,396.17,140.0,26,4.8,6.3,,4.57,0
user_008898,56+,Buenos Aires,Móvil,Free,19,0,442.95,999.0,20,119.9,16.6,0.596,,1
user_008899,46-55,Buenos Aires,Tablet,Basic,78,23,305.19,123.0,19,,15.6,,,1
user_008900,18-25,Buenos Aires,Tablet,Free,242,17,223.94,161.0,26,100.1,10.0,0.831,,1
user_008901,36-45,Buenos Aires,,Premium,365,34,400.87,81.0,11,24.0,11.4,0.015,2.79,1
user_008902,56+,Buenos Aires,Móvil,Free,145,24,145.22,56.0,5,104.6,18.1,0.568,,0
user_008903,46-55,Buenos Aires,Desktop,Premium,17,34,480.73,176.0,24,55.3,15.6,0.153,,1
user_008904,18-25,Buenos Aires,Móvil,Basic,328,14,419.44,145.0,19,112.8,16.5,,1.28,0
user_008905,46-55,,Móvil,Free,61,8,192.28,121.0,28,103.0,3.1,0.183,3.93,1
user_008906,18-25,Buenos Aires,Móvil,Basic,69,39,52.76,,26,54.4,9.7,,16.96,1
user_008907,18-25,La Plata,Móvil,Basic,80,11,110.3,99.0,3,4.8,4.5,,4.12,1
user_008908,18-25,La Plata,Desktop,Premium,263,22,384.01,28.0,1,89.0,3.1,0.868,2.51,0
user_008909,46-55,Mendoza,Desktop,Premium,343,13,316.52,112.0,1,96.6,13.5,0.565,1.14,1
user_008910,26-35,Otros,Móvil,Basic,23,45,305.31,139.0,16,,3.5,0.579,45.0,0
user_008911,26-35,Córdoba,Móvil,Free,94,1,236.07,115.0,6,9.7,12.8,0.065,0.32,0
user_008912,36-45,Córdoba,Móvil,Basic,200,24,252.6,97.0,12,27.2,9.6,0.236,,1
user_008913,18-25,Buenos Aires,Desktop,Free,135,16,455.09,36.0,24,88.6,1.6,0.526,3.56,0
user_008914,26-35,Mendoza,Móvil,Enterprise,331,43,175.13,162.0,17,93.3,8.2,,3.9,0
user_008915,26-35,Buenos Aires,Tablet,,176,15,168.53,146.0,5,105.0,2.1,0.396,2.56,1
user_008916,36-45,Rosario,Desktop,Basic,116,26,258.92,34.0,25,105.8,7.2,0.919,6.72,0
user_008917,36-45,Córdoba,Móvil,Free,216,19,140.54,101.0,25,107.0,19.9,0.46,2.64,1
user_008918,26-35,Buenos Aires,Móvil,Basic,124,22,243.81,134.0,28,15.3,12.0,0.208,5.32,0
user_008919,46-55,Buenos Aires,Móvil,Free,264,6,85.16,128.0,20,65.7,3.1,0.152,0.68,0
user_008920,26-35,Mendoza,Móvil,Free,29,38,477.31,150.0,17,54.1,13.8,0.381,38.0,1
user_008921,26-35,Córdoba,Móvil,Enterprise,59,23,231.12,135.0,21,14.5,15.0,0.987,11.69,0
user_008922,,Buenos Aires,Móvil,Premium,315,16,267.98,122.0,13,,16.5,0.835,1.52,0
user_008923,36-45,Buenos Aires,Tablet,Free,268,39,398.94,157.0,0,75.1,6.4,0.703,,1
user_008924,26-35,Córdoba,Móvil,Free,293,40,315.85,167.0,21,8.4,16.2,,4.1,1
user_008925,36-45,Rosario,Móvil,Basic,283,15,457.77,22.0,1,48.9,1.2,0.582,1.59,0
user_008926,18-25,Córdoba,Tablet,Basic,162,48,274.62,82.0,16,52.8,20.0,,8.89,0
user_008927,18-25,Otros,Móvil,Free,65,48,401.72,51.0,25,76.7,10.5,,22.15,0
user_008928,26-35,Buenos Aires,Desktop,Basic,311,36,379.7,41.0,19,7.2,7.3,0.939,3.47,1
user_008929,18-25,,Móvil,Free,90,39,69.96,101.0,3,24.1,16.8,0.346,13.0,1
user_008930,56+,Mendoza,Desktop,Free,358,35,93.61,153.0,5,73.8,5.9,0.55,2.93,1
user_008931,18-25,Córdoba,Móvil,Basic,190,15,109.12,165.0,13,13.1,11.7,0.952,2.37,0
user_008932,18-25,Otros,Desktop,Basic,130,42,373.15,122.0,2,50.0,13.7,0.315,9.69,0
user_008933,26-35,Córdoba,Móvil,Premium,287,6,199.22,,25,34.5,19.7,0.8,0.63,1
user_008934,18-25,Córdoba,,Free,103,46,419.65,35.0,21,,1.6,0.91,13.4,0
user_008935,18-25,Mendoza,Móvil,Premium,18,25,290.45,26.0,27,72.2,17.6,0.115,,1
user_008936,18-25,Buenos Aires,Tablet,Basic,116,50,425.4,24.0,22,25.7,7.5,0.697,12.93,1
user_008937,36-45,Buenos Aires,Tablet,Free,284,50,461.19,109.0,30,77.7,13.4,0.707,5.28,0
user_008938,26-35,Mendoza,Tablet,Free,346,34,196.35,86.0,26,61.3,15.6,,2.95,0
user_008939,36-45,Buenos Aires,Tablet,Basic,31,4,343.23,135.0,20,18.1,4.9,0.436,3.87,0
user_008940,46-55,Córdoba,Tablet,Basic,5,2,431.37,105.0,5,20.8,10.4,0.69,2.0,1
user_008941,18-25,Otros,Desktop,Free,311,45,71.99,22.0,1,41.7,12.7,0.031,4.34,1
user_008942,46-55,Buenos Aires,Desktop,Free,305,18,67.94,45.0,24,114.2,2.3,0.215,,1
user_008943,46-55,Rosario,Móvil,Basic,0,1,332.37,36.0,15,,5.3,,1.0,1
user_008944,36-45,Buenos Aires,Tablet,Premium,166,38,369.02,49.0,18,21.3,4.2,0.581,6.87,1
user_008945,18-25,Buenos Aires,Desktop,Basic,250,43,491.97,170.0,3,16.8,10.9,0.451,5.16,0
user_008946,56+,Buenos Aires,Desktop,Basic,1,11,20.67,76.0,10,41.7,5.8,0.425,,1
user_008947,36-45,Buenos Aires,Tablet,Premium,49,46,120.92,172.0,13,67.3,1.5,0.441,28.16,0
user_008948,18-25,Córdoba,Móvil,Premium,177,25,324.82,49.0,9,101.0,18.3,0.606,4.24,0
user_008949,26-35,Buenos Aires,Móvil,Basic,5,21,25.77,30.0,28,35.5,5.5,,21.0,1
user_008950,26-35,Rosario,Móvil,Basic,75,44,322.55,72.0,6,73.8,5.1,0.811,17.6,1
user_008951,26-35,Buenos Aires,Móvil,Free,329,0,267.8,999.0,7,36.8,7.6,,0.0,0
user_008952,36-45,Otros,Desktop,Basic,317,2,307.29,44.0,13,25.9,15.8,0.184,0.19,0
user_008953,,Buenos Aires,Móvil,Basic,226,15,450.02,6.0,4,120.0,12.0,0.925,1.99,1
user_008954,56+,La Plata,Móvil,Premium,17,40,268.42,171.0,14,,6.0,0.412,40.0,1
user_008955,56+,Córdoba,Móvil,Basic,198,16,108.95,70.0,15,97.1,16.1,0.091,2.42,1
user_008956,26-35,Buenos Aires,Móvil,Free,331,1,209.55,145.0,15,81.3,6.3,0.674,0.09,0
user_008957,46-55,Rosario,Móvil,Basic,148,38,13.74,,10,102.8,4.0,0.959,7.7,0
user_008958,18-25,Buenos Aires,Tablet,Basic,87,45,187.49,46.0,2,,1.1,0.115,15.52,0
user_008959,46-55,Rosario,Móvil,Premium,113,42,151.5,177.0,22,47.9,14.9,0.739,11.15,1
user_008960,36-45,Rosario,Desktop,Basic,98,4,340.14,126.0,11,65.1,9.4,0.955,1.22,0
user_008961,18-25,Mendoza,Desktop,Enterprise,237,46,87.69,70.0,20,25.9,8.6,0.652,5.82,0
user_008962,36-45,Mendoza,Móvil,Premium,300,48,98.54,16.0,13,,16.6,,4.8,1
user_008963,46-55,Buenos Aires,Móvil,Premium,201,23,460.49,133.0,26,77.0,12.5,0.239,3.43,0
user_008964,,Buenos Aires,Desktop,Free,267,10,258.24,60.0,11,74.0,14.7,,1.12,0
user_008965,56+,Buenos Aires,Desktop,Premium,341,7,254.51,122.0,28,119.8,5.8,,0.62,0
user_008966,36-45,Rosario,Móvil,Basic,130,49,34.25,91.0,17,14.0,4.5,0.516,,0
user_008967,18-25,,Tablet,Premium,124,12,72.68,177.0,0,102.3,14.9,0.155,2.9,0
user_008968,46-55,Mendoza,Tablet,Free,40,11,205.16,132.0,8,55.8,15.2,0.993,8.25,0
user_008969,36-45,Rosario,Móvil,,170,42,92.81,140.0,7,101.9,15.9,,7.41,1
user_008970,36-45,Buenos Aires,Móvil,Free,261,26,374.73,143.0,30,12.2,7.3,0.518,2.99,0
user_008971,36-45,La Plata,Móvil,Premium,362,43,411.41,55.0,15,58.2,13.7,,,1
user_008972,18-25,Buenos Aires,Desktop,Free,341,42,498.9,87.0,17,4.6,12.5,0.531,3.7,1
user_008973,56+,Mendoza,Móvil,Premium,278,26,423.15,9.0,27,34.9,3.8,0.358,2.81,0
user_008974,36-45,Mendoza,Desktop,Free,262,30,448.66,18.0,14,47.4,5.0,,3.44,1
user_008975,36-45,Córdoba,Desktop,Premium,249,18,321.67,134.0,20,4.7,13.5,,,0
user_008976,18-25,Córdoba,Móvil,Premium,129,45,347.51,8.0,3,10.3,15.6,0.168,10.47,0
user_008977,26-35,Rosario,Móvil,Basic,232,33,169.87,100.0,14,5.7,15.0,0.084,4.27,0
user_008978,26-35,La Plata,Tablet,Premium,236,30,307.18,119.0,28,,3.0,0.317,3.81,0
user_008979,26-35,Córdoba,Móvil,Premium,42,22,34.35,128.0,8,91.7,2.7,0.641,15.71,0
user_008980,36-45,,Móvil,Basic,323,16,129.66,175.0,29,24.9,16.6,0.27,1.49,1
user_008981,18-25,Rosario,Móvil,Free,364,37,426.8,173.0,2,83.3,17.0,0.914,3.05,1
user_008982,36-45,Córdoba,Móvil,Free,6,3,332.01,66.0,16,119.2,9.6,0.137,3.0,0
user_008983,26-35,Mendoza,Móvil,Basic,193,32,358.42,31.0,2,,3.8,0.54,,1
user_008984,26-35,La Plata,,Free,133,9,365.1,10.0,14,30.5,8.1,0.632,2.03,0
user_008985,,Buenos Aires,Desktop,Enterprise,164,37,133.44,72.0,26,45.0,2.8,,6.77,1
user_008986,56+,La Plata,Móvil,Basic,59,33,377.63,123.0,28,75.7,13.9,,16.78,1
user_008987,36-45,Buenos Aires,Móvil,,344,42,99.54,91.0,12,86.8,19.8,0.205,3.66,0
user_008988,36-45,La Plata,Desktop,Basic,65,39,259.75,89.0,14,,2.3,0.626,18.0,1
user_008989,26-35,Otros,,Free,31,0,465.7,999.0,22,50.8,16.6,0.103,0.0,0
user_008990,46-55,Mendoza,Desktop,Premium,84,18,120.24,122.0,27,10.2,2.8,0.873,,1
user_008991,36-45,Mendoza,Móvil,Basic,355,44,34.41,120.0,23,17.1,11.9,,3.72,1
user_008992,46-55,,Desktop,Free,267,13,287.62,55.0,14,16.9,19.9,0.544,1.46,0
user_008993,26-35,Buenos Aires,Desktop,Premium,80,41,59.51,12.0,16,111.5,2.7,0.841,15.38,0
user_008994,56+,Buenos Aires,Móvil,Free,223,1,212.25,145.0,30,,11.4,0.787,,0
user_008995,36-45,Buenos Aires,Móvil,Free,299,18,204.89,115.0,25,57.6,5.8,0.99,1.81,0
user_008996,26-35,Otros,Móvil,Premium,186,15,123.2,126.0,4,57.1,5.0,,,0
user_008997,26-35,La Plata,Desktop,Free,190,45,150.0,100.0,28,106.5,18.0,0.391,,0
user_008998,56+,Otros,Móvil,Basic,234,46,320.22,15.0,28,38.4,4.6,0.568,5.9,0
user_008999,26-35,Mendoza,Móvil,Basic,361,38,395.11,,19,25.5,8.7,0.113,3.16,1
user_009000,26-35,Buenos Aires,Desktop,Free,196,33,56.41,165.0,26,93.4,10.7,0.876,5.05,0
user_009001,36-45,Rosario,Desktop,Basic,11,0,64.54,999.0,28,59.4,4.4,,0.0,1
user_009002,36-45,Buenos Aires,Móvil,Enterprise,306,33,331.01,124.0,17,81.8,11.1,0.233,3.24,1
user_009003,26-35,Mendoza,Móvil,Premium,35,22,112.96,84.0,7,74.2,17.8,0.316,,1
user_009004,56+,Buenos Aires,Desktop,Premium,25,26,413.22,84.0,21,114.6,8.9,,,0
user_009005,26-35,La Plata,Móvil,,328,18,486.45,144.0,16,33.6,12.8,,,1
user_009006,46-55,Buenos Aires,Tablet,Basic,82,14,406.51,172.0,25,78.2,7.5,,5.12,1
user_009007,56+,La Plata,Móvil,Basic,43,5,434.3,143.0,25,64.4,19.6,0.075,3.49,1
user_009008,36-45,Buenos Aires,Móvil,Basic,257,47,244.07,20.0,7,90.5,6.7,0.565,5.49,0
user_009009,36-45,Rosario,Desktop,Basic,191,22,124.44,158.0,8,112.6,6.8,0.478,3.46,0
user_009010,36-45,Mendoza,Desktop,Premium,272,48,323.08,49.0,29,26.1,18.1,0.67,5.29,1
user_009011,46-55,Otros,Móvil,Free,119,7,168.3,164.0,16,30.6,2.0,0.67,1.76,1
user_009012,36-45,La Plata,Móvil,Premium,316,14,71.24,16.0,23,18.8,5.7,0.841,,1
user_009013,56+,Mendoza,Tablet,Free,324,25,401.15,150.0,4,70.8,19.4,,2.31,1
user_009014,26-35,Rosario,Móvil,Free,39,43,43.3,154.0,30,93.1,1.8,0.667,33.08,0
user_009015,18-25,,Móvil,Free,67,6,83.13,150.0,23,6.8,5.9,0.895,2.69,1
user_009016,46-55,Córdoba,Móvil,Free,279,41,473.07,26.0,25,91.2,7.8,,4.41,0
user_009017,26-35,,Desktop,Free,278,1,117.9,103.0,10,62.0,7.9,0.748,0.11,0
user_009018,46-55,Buenos Aires,Móvil,Free,274,6,411.96,62.0,14,99.1,5.8,,0.66,1
user_009019,,La Plata,Móvil,Premium,340,7,77.76,99.0,29,85.2,6.1,0.984,0.62,0
user_009020,36-45,Buenos Aires,Desktop,Free,81,46,198.09,29.0,1,70.1,3.8,0.777,17.04,1
user_009021,26-35,Buenos Aires,Desktop,Premium,223,43,323.14,27.0,8,63.2,2.4,0.712,5.78,1
user_009022,26-35,Otros,Móvil,Basic,259,37,59.51,35.0,18,10.5,9.0,0.268,,1
user_009023,18-25,Rosario,Móvil,Free,7,28,311.43,90.0,2,107.4,4.4,0.865,28.0,1
user_009024,18-25,Buenos Aires,Desktop,Basic,37,37,223.56,40.0,20,59.3,3.3,0.436,,1
user_009025,26-35,Buenos Aires,Móvil,Free,265,2,108.5,94.0,21,19.3,8.9,0.008,0.23,0
user_009026,36-45,Rosario,Móvil,Free,225,22,453.09,50.0,24,38.1,14.9,,2.93,1
user_009027,46-55,La Plata,Desktop,Free,271,50,92.97,25.0,18,53.5,5.7,,5.54,0
user_009028,46-55,Otros,Móvil,Basic,80,14,481.13,65.0,4,94.8,7.9,0.029,5.25,0
user_009029,18-25,Buenos Aires,Desktop,Free,248,34,437.26,31.0,12,116.0,4.9,0.925,,0
user_009030,26-35,,Desktop,Premium,281,41,200.17,152.0,2,6.1,14.0,0.56,4.38,0
user_009031,18-25,Mendoza,Móvil,Free,128,36,295.45,12.0,28,103.7,8.2,0.726,8.44,1
user_009032,46-55,Córdoba,Móvil,Premium,73,50,328.14,167.0,29,99.1,4.5,0.334,20.55,0
user_009033,18-25,Mendoza,Desktop,Free,302,5,437.96,179.0,9,28.2,2.6,0.073,0.5,0
user_009034,36-45,Mendoza,Desktop,Basic,74,4,373.29,120.0,23,100.6,7.5,0.833,1.62,1
user_009035,36-45,Rosario,Móvil,Premium,345,27,148.94,156.0,5,54.4,1.5,0.936,2.35,1
user_009036,26-35,Buenos Aires,Móvil,Free,66,26,37.61,37.0,3,,14.8,0.59,11.82,1
user_009037,36-45,La Plata,Móvil,Basic,179,0,27.63,999.0,2,51.2,11.7,0.958,0.0,0
user_009038,26-35,Buenos Aires,Móvil,Premium,140,14,380.57,138.0,3,93.7,19.4,,3.0,0
user_009039,36-45,Otros,Móvil,Enterprise,112,49,373.44,128.0,22,,10.2,,13.12,1
user_009040,26-35,,Móvil,Free,137,10,211.73,143.0,14,23.6,18.2,0.539,2.19,1
user_009041,46-55,Buenos Aires,Tablet,Basic,165,8,388.82,21.0,21,115.2,2.9,0.841,1.45,1
user_009042,36-45,Buenos Aires,Desktop,Free,193,25,335.33,37.0,10,27.0,16.1,0.981,3.89,1
user_009043,18-25,Rosario,Móvil,Free,217,31,445.36,151.0,30,92.1,15.1,0.93,4.29,0
user_009044,26-35,Mendoza,Desktop,Free,337,12,340.31,155.0,12,12.3,17.4,,1.07,1
user_009045,36-45,Córdoba,Tablet,Basic,114,35,105.15,147.0,9,,2.7,0.77,9.21,1
user_009046,,Córdoba,Desktop,Premium,155,33,365.91,6.0,18,37.7,12.4,0.348,6.39,0
user_009047,18-25,Córdoba,Móvil,Premium,5,1,178.55,180.0,19,21.0,4.0,0.49,1.0,1
user_009048,18-25,Córdoba,Móvil,Premium,134,49,150.01,163.0,7,112.6,1.2,,10.97,1
user_009049,26-35,Buenos Aires,Móvil,Basic,342,6,196.42,69.0,8,114.1,5.3,0.828,0.53,1
user_009050,46-55,Buenos Aires,Móvil,Basic,84,3,401.05,140.0,28,33.8,14.4,0.012,1.07,1
user_009051,26-35,Buenos Aires,Móvil,Basic,244,20,204.31,147.0,23,108.6,2.6,0.011,2.46,0
user_009052,26-35,,Móvil,Free,237,15,386.51,130.0,28,16.2,14.2,0.794,1.9,1
user_009053,,Córdoba,Móvil,Free,124,22,317.4,55.0,4,10.5,17.2,0.074,,1
user_009054,26-35,Buenos Aires,Móvil,Basic,298,21,210.18,92.0,20,,9.1,0.774,2.11,1
user_009055,46-55,Buenos Aires,Móvil,,330,32,115.74,41.0,4,117.9,11.9,0.143,2.91,1
user_009056,46-55,Rosario,Móvil,Basic,170,40,93.5,65.0,11,112.4,9.4,0.508,7.06,0
user_009057,26-35,Otros,Móvil,Basic,267,36,93.61,147.0,1,115.3,7.4,0.257,,0
user_009058,46-55,Buenos Aires,Móvil,Free,257,27,85.18,135.0,7,82.4,13.0,0.409,3.15,1
user_009059,26-35,Córdoba,Móvil,Free,364,6,79.18,74.0,14,36.5,5.7,0.33,0.49,1
user_009060,56+,Córdoba,Desktop,Free,234,46,80.63,99.0,0,25.8,10.5,,5.9,1
user_009061,26-35,La Plata,Desktop,Premium,365,6,51.28,53.0,6,20.0,18.3,0.265,0.49,1
user_009062,36-45,Buenos Aires,Tablet,Enterprise,125,11,486.14,23.0,23,60.6,1.8,0.88,2.64,0
user_009063,26-35,Buenos Aires,Desktop,Free,75,15,434.97,126.0,7,116.0,15.7,0.452,6.0,1
user_009064,18-25,Rosario,Tablet,Free,359,14,489.12,171.0,28,,15.3,0.602,1.17,0
user_009065,36-45,Otros,Móvil,Enterprise,281,2,315.31,36.0,17,62.1,17.3,0.13,,0
user_009066,56+,Buenos Aires,Móvil,Enterprise,345,39,54.74,112.0,26,84.6,8.0,0.612,3.39,0
user_009067,26-35,Córdoba,Móvil,Free,230,27,399.1,46.0,17,,13.8,0.082,3.52,1
user_009068,18-25,Buenos Aires,Móvil,Free,274,4,409.72,73.0,30,90.5,18.4,0.128,,0
user_009069,,Buenos Aires,Móvil,Basic,194,9,376.75,65.0,3,1.6,4.4,0.88,1.39,0
user_009070,26-35,La Plata,Desktop,Premium,356,48,197.16,156.0,11,6.2,17.7,0.466,4.04,1
user_009071,26-35,La Plata,Móvil,Free,243,30,272.45,,17,3.2,2.2,0.97,3.7,1
user_009072,18-25,Buenos Aires,Desktop,Free,261,34,493.18,28.0,19,66.9,15.8,0.958,3.91,0
user_009073,18-25,Córdoba,Móvil,Free,4,42,392.49,100.0,6,72.4,19.0,,42.0,0
user_009074,26-35,Buenos Aires,,Free,141,48,419.66,30.0,16,1.4,14.8,0.232,10.21,0
user_009075,26-35,Mendoza,Móvil,Free,146,17,21.11,57.0,22,64.7,17.1,,,1
user_009076,26-35,Buenos Aires,Móvil,Free,203,29,456.09,174.0,19,83.5,10.3,0.756,,0
user_009077,18-25,Buenos Aires,Desktop,Premium,137,25,86.06,67.0,27,96.4,15.6,0.784,5.47,1
user_009078,56+,Rosario,Tablet,Free,329,30,443.62,90.0,13,79.6,10.3,0.01,2.74,0
user_009079,18-25,Buenos Aires,Móvil,Basic,106,4,376.55,151.0,12,117.5,16.1,0.727,1.13,0
user_009080,26-35,Córdoba,Desktop,Free,31,33,392.06,124.0,14,,5.6,0.385,31.94,1
user_009081,26-35,Rosario,Desktop,Premium,259,34,302.41,108.0,23,1.0,5.9,0.73,3.94,1
user_009082,18-25,Rosario,Desktop,Basic,254,35,74.36,5.0,26,,19.1,0.191,4.13,0
user_009083,26-35,Mendoza,Desktop,Premium,173,32,302.57,148.0,16,109.3,18.2,,5.55,0
user_009084,26-35,La Plata,Desktop,Free,38,2,203.96,52.0,7,59.0,8.4,0.933,1.58,1
user_009085,36-45,Buenos Aires,Móvil,Basic,132,20,467.26,124.0,19,119.3,10.1,0.718,4.55,1
user_009086,46-55,Mendoza,Móvil,Premium,289,11,114.11,137.0,17,80.3,18.1,0.882,1.14,1
user_009087,26-35,Rosario,Móvil,Free,178,10,70.31,43.0,7,88.3,16.8,0.901,1.69,0
user_009088,26-35,Córdoba,Móvil,Basic,147,35,302.08,85.0,7,97.1,11.4,0.722,,0
user_009089,26-35,La Plata,Móvil,Premium,250,44,268.54,116.0,24,89.7,8.1,0.762,5.28,1
user_009090,26-35,Córdoba,Desktop,Premium,308,16,390.85,56.0,9,42.7,1.7,0.719,1.56,0
user_009091,26-35,La Plata,Desktop,Premium,34,27,216.07,94.0,26,55.4,17.4,0.426,23.82,1
user_009092,18-25,La Plata,Desktop,Free,16,50,185.9,85.0,18,102.3,16.4,,,1
user_009093,26-35,Buenos Aires,Móvil,Basic,197,28,410.66,141.0,26,60.9,1.2,0.352,,0
user_009094,36-45,Córdoba,Móvil,Free,64,38,203.53,16.0,14,80.5,6.5,0.267,17.81,1
user_009095,36-45,Córdoba,Móvil,Free,299,45,150.25,136.0,18,108.2,10.2,0.468,,0
user_009096,36-45,Rosario,Móvil,Premium,228,22,38.04,118.0,21,62.1,2.3,0.293,,1
user_009097,46-55,Buenos Aires,Desktop,Premium,143,18,324.97,151.0,19,18.9,11.4,0.345,3.78,1
user_009098,56+,La Plata,Móvil,Free,0,5,480.13,169.0,7,97.1,5.2,0.957,5.0,0
user_009099,26-35,Buenos Aires,Móvil,Premium,168,33,404.48,20.0,29,6.7,19.8,0.859,5.89,1
user_009100,18-25,Mendoza,Móvil,Free,328,32,439.52,77.0,3,,6.4,0.682,2.93,1
user_009101,18-25,Mendoza,Móvil,Free,174,10,308.82,44.0,30,,15.3,0.691,,1
user_009102,56+,Buenos Aires,Tablet,Free,253,31,15.38,125.0,26,22.9,13.9,0.302,3.68,0
user_009103,26-35,Buenos Aires,Móvil,Basic,160,50,66.58,85.0,16,114.1,15.9,,,1
user_009104,26-35,Buenos Aires,Móvil,Premium,341,21,303.99,118.0,10,16.2,5.1,0.964,1.85,0
user_009105,36-45,Córdoba,Móvil,Free,133,5,376.54,117.0,1,56.0,7.8,0.468,,0
user_009106,18-25,Buenos Aires,Desktop,Premium,222,11,158.91,8.0,2,11.4,9.3,0.031,,0
user_009107,56+,Córdoba,Móvil,Free,202,26,371.66,52.0,16,,4.9,0.01,3.86,1
user_009108,26-35,,Móvil,Premium,175,26,483.28,12.0,7,11.2,1.8,0.329,,0
user_009109,18-25,Rosario,Móvil,Basic,308,49,62.17,130.0,12,,3.7,0.977,4.77,0
user_009110,36-45,Mendoza,Desktop,Free,40,42,185.4,110.0,10,43.9,14.4,0.789,,0
user_009111,46-55,Buenos Aires,Tablet,Free,299,21,26.18,83.0,13,30.6,17.3,0.706,2.11,0
user_009112,36-45,Córdoba,Móvil,Basic,363,4,47.7,162.0,14,24.8,6.8,0.593,0.33,1
user_009113,46-55,Mendoza,Desktop,Premium,172,7,424.89,145.0,6,65.8,5.1,0.056,1.22,1
user_009114,56+,Córdoba,Móvil,Premium,108,36,80.37,133.0,4,95.1,3.2,0.141,10.0,0
user_009115,26-35,Buenos Aires,Móvil,Premium,332,13,110.67,42.0,18,31.7,3.2,0.904,1.17,0
user_009116,46-55,Mendoza,Desktop,Basic,168,21,63.28,27.0,10,86.5,14.7,,3.75,1
user_009117,18-25,Rosario,Móvil,Basic,227,13,67.4,101.0,19,21.1,14.7,0.577,1.72,1
user_009118,26-35,Otros,Desktop,Basic,148,26,131.17,31.0,23,105.5,10.1,0.437,5.27,0
user_009119,18-25,Rosario,Tablet,Basic,86,35,72.52,54.0,26,73.9,2.1,0.049,12.21,0
user_009120,18-25,Buenos Aires,Móvil,Premium,184,4,451.25,41.0,20,45.3,15.4,0.195,0.65,1
user_009121,26-35,Córdoba,Móvil,Basic,236,32,156.86,11.0,23,77.2,16.8,0.047,4.07,1
user_009122,36-45,Rosario,,Free,90,24,45.79,65.0,3,30.0,14.1,0.155,8.0,0
user_009123,46-55,Otros,Desktop,Basic,363,0,429.83,999.0,6,22.8,1.1,,0.0,1
user_009124,26-35,Mendoza,Móvil,Basic,68,17,476.93,126.0,10,38.1,1.4,0.85,7.5,0
user_009125,36-45,Buenos Aires,Móvil,Basic,290,26,477.87,138.0,17,51.1,2.5,,2.69,1
user_009126,56+,Buenos Aires,Móvil,Premium,120,38,228.72,139.0,30,95.7,14.8,,9.5,0
user_009127,36-45,Rosario,Tablet,Basic,345,6,377.14,162.0,24,37.7,19.7,0.873,0.52,0
user_009128,56+,Buenos Aires,Tablet,Basic,342,49,53.54,154.0,3,22.6,9.0,0.65,4.3,1
user_009129,18-25,Otros,Móvil,Basic,162,10,266.5,176.0,6,80.0,1.3,,1.85,1
user_009130,26-35,Mendoza,Desktop,Free,72,43,481.17,82.0,15,38.1,4.5,0.063,,1
user_009131,26-35,Buenos Aires,Móvil,Premium,28,4,441.2,162.0,19,22.8,17.9,,,1
user_009132,36-45,Buenos Aires,Móvil,Free,294,5,197.83,,20,,6.4,0.055,0.51,1
user_009133,26-35,Mendoza,Desktop,Basic,149,15,206.83,72.0,21,38.5,16.3,,3.02,1
user_009134,36-45,Buenos Aires,Desktop,Basic,146,34,169.52,107.0,21,13.9,14.5,0.6,,0
user_009135,56+,Buenos Aires,Móvil,Basic,304,44,259.52,109.0,20,26.1,4.6,,,0
user_009136,46-55,Rosario,Tablet,Basic,74,9,121.93,24.0,25,51.5,1.7,0.22,,1
user_009137,26-35,Rosario,Desktop,Premium,76,20,339.53,128.0,13,12.0,18.5,,,1
user_009138,36-45,Buenos Aires,Desktop,Free,5,18,47.53,124.0,15,118.9,17.1,0.868,18.0,0
user_009139,26-35,La Plata,Desktop,Basic,308,7,421.99,144.0,27,83.5,5.2,0.834,0.68,0
user_009140,46-55,Rosario,Móvil,Free,135,10,225.28,161.0,26,5.6,11.9,0.71,2.22,1
user_009141,46-55,Buenos Aires,Móvil,Basic,294,43,434.14,52.0,30,119.7,4.5,0.148,,0
user_009142,36-45,Rosario,Tablet,Premium,123,23,312.77,13.0,21,39.3,15.4,0.424,5.61,0
user_009143,26-35,Mendoza,Móvil,Premium,315,28,249.73,32.0,22,84.2,1.5,0.503,,0
user_009144,26-35,Rosario,Desktop,Basic,48,6,196.55,39.0,22,73.1,11.9,0.223,,1
user_009145,18-25,Buenos Aires,Móvil,Free,168,38,100.12,1.0,12,57.2,6.5,0.965,6.79,0
user_009146,26-35,Córdoba,Desktop,Basic,256,34,382.51,139.0,28,37.5,19.1,0.115,3.98,0
user_009147,26-35,Rosario,Desktop,Free,247,38,69.73,173.0,16,24.3,10.1,0.539,4.62,1
user_009148,36-45,Buenos Aires,Móvil,Free,48,41,359.92,94.0,21,,15.1,0.702,,1
user_009149,26-35,Córdoba,Móvil,Premium,297,24,382.09,128.0,15,22.9,5.5,0.359,2.42,0
user_009150,26-35,Buenos Aires,Desktop,Premium,322,17,269.15,19.0,7,18.4,13.8,0.433,1.58,0
user_009151,56+,Buenos Aires,Móvil,Free,34,34,111.8,143.0,26,102.6,12.2,0.145,,0
user_009152,26-35,Rosario,Tablet,Free,181,50,296.1,28.0,21,76.9,16.0,0.173,8.29,0
user_009153,26-35,Buenos Aires,Tablet,Free,14,15,113.3,63.0,23,89.2,15.6,,15.0,0
user_009154,46-55,La Plata,Desktop,Free,326,38,484.35,29.0,22,58.1,5.1,0.586,3.5,0
user_009155,36-45,Buenos Aires,,Free,92,35,392.81,94.0,4,65.9,16.2,0.967,11.41,1
user_009156,26-35,Buenos Aires,Móvil,Enterprise,21,2,240.32,119.0,21,85.5,9.1,0.098,2.0,0
user_009157,46-55,Mendoza,Móvil,Free,279,40,144.69,3.0,25,51.1,1.8,,4.3,1
user_009158,26-35,Otros,Móvil,Basic,47,23,472.55,106.0,22,,19.2,0.692,,0
user_009159,18-25,La Plata,Móvil,Premium,194,12,137.92,15.0,29,55.5,3.8,0.91,1.86,1
user_009160,26-35,Buenos Aires,Móvil,Basic,185,2,367.31,104.0,2,109.2,13.7,0.922,0.32,0
user_009161,56+,Mendoza,Desktop,Free,244,7,104.39,25.0,14,113.6,7.3,,0.86,0
user_009162,36-45,Rosario,Desktop,Free,111,44,450.9,166.0,6,25.0,17.3,0.278,11.89,0
user_009163,36-45,Buenos Aires,Tablet,Free,231,13,10.77,2.0,17,47.1,5.3,0.417,1.69,0
user_009164,36-45,Rosario,Desktop,Basic,65,9,139.32,165.0,16,82.2,14.3,,4.15,0
user_009165,26-35,Rosario,Desktop,Basic,109,6,435.34,139.0,28,72.6,6.0,0.026,1.65,1
user_009166,18-25,Mendoza,Móvil,Free,74,6,293.56,0.0,11,84.0,10.2,,,0
user_009167,36-45,,Móvil,Basic,233,31,277.91,145.0,1,34.0,4.2,1.0,3.99,0
user_009168,26-35,Córdoba,Móvil,Basic,48,6,296.49,5.0,6,26.5,9.8,0.109,3.75,0
user_009169,56+,Buenos Aires,Desktop,Free,101,6,456.0,66.0,28,100.2,5.9,0.858,1.78,1
user_009170,26-35,Rosario,Desktop,Free,253,25,23.38,118.0,20,83.5,17.9,,2.96,1
user_009171,56+,Rosario,Móvil,Basic,275,13,447.23,50.0,15,59.7,10.1,0.897,1.42,1
user_009172,18-25,Mendoza,Desktop,Free,324,32,169.74,87.0,9,42.9,7.9,,2.96,0
user_009173,,Rosario,Tablet,Premium,78,17,397.54,137.0,20,56.4,1.2,0.959,6.54,0
user_009174,36-45,Otros,Móvil,Free,107,36,469.44,4.0,0,73.2,9.4,,10.09,0
user_009175,46-55,Buenos Aires,Desktop,Basic,43,30,70.71,51.0,5,59.1,1.7,0.208,,0
user_009176,26-35,Otros,Móvil,Enterprise,15,40,397.53,11.0,9,73.2,19.1,,40.0,1
user_009177,46-55,La Plata,Móvil,Premium,93,23,259.75,176.0,5,113.5,20.0,0.671,7.42,0
user_009178,26-35,Otros,Tablet,Free,84,19,453.88,177.0,4,54.0,3.8,0.577,,0
user_009179,18-25,Buenos Aires,Móvil,Premium,115,1,442.48,160.0,4,68.3,7.5,0.661,0.26,1
user_009180,,Rosario,Móvil,Basic,128,21,174.08,6.0,5,119.2,14.4,0.397,4.92,0
user_009181,46-55,Buenos Aires,Desktop,Basic,134,26,257.75,133.0,1,67.7,17.2,0.691,5.82,0
user_009182,36-45,Córdoba,Móvil,,98,17,489.35,94.0,11,10.6,10.8,0.064,5.2,0
user_009183,26-35,Buenos Aires,Móvil,Premium,19,9,313.55,178.0,23,116.4,2.5,0.469,9.0,1
user_009184,26-35,Buenos Aires,Móvil,Free,334,23,157.6,27.0,30,76.4,18.0,0.582,2.07,0
user_009185,26-35,Buenos Aires,Móvil,Free,322,45,104.48,116.0,24,37.0,17.3,0.351,,0
user_009186,36-45,Buenos Aires,Desktop,Enterprise,91,43,37.36,170.0,15,27.1,4.8,0.819,,1
user_009187,26-35,La Plata,Tablet,Free,275,8,26.88,63.0,19,7.1,11.1,,0.87,0
user_009188,,Córdoba,Tablet,Free,170,43,374.78,149.0,3,99.2,16.6,0.165,7.59,1
user_009189,18-25,Córdoba,Móvil,Free,92,35,203.67,72.0,14,101.8,15.2,0.259,11.41,1
user_009190,46-55,Mendoza,Móvil,Free,50,45,224.44,117.0,11,75.5,6.4,,27.0,0
user_009191,36-45,Buenos Aires,Desktop,Free,167,0,139.85,999.0,8,94.3,13.2,0.533,0.0,0
user_009192,,La Plata,Móvil,Free,182,42,336.9,76.0,4,54.9,12.8,,,1
user_009193,26-35,Buenos Aires,Móvil,Basic,319,44,407.06,66.0,25,75.8,1.6,,4.14,1
user_009194,56+,Córdoba,Móvil,Premium,179,12,93.63,172.0,25,37.4,17.5,0.953,2.01,1
user_009195,26-35,Córdoba,Móvil,Basic,358,2,43.52,109.0,20,112.7,10.1,0.179,0.17,0
user_009196,36-45,Otros,Móvil,Basic,108,45,107.31,18.0,21,27.2,6.4,0.412,12.5,1
user_009197,26-35,Córdoba,Móvil,Basic,272,4,311.19,161.0,5,96.8,13.7,0.79,0.44,1
user_009198,26-35,Córdoba,Móvil,Free,237,39,476.13,131.0,7,9.5,10.0,0.545,4.94,1
user_009199,26-35,La Plata,Desktop,Premium,112,3,45.03,159.0,17,94.3,3.5,0.887,,1
user_009200,18-25,Rosario,Móvil,Basic,290,44,301.8,104.0,11,13.4,16.1,0.806,4.55,1
user_009201,18-25,,Desktop,Premium,175,42,85.27,83.0,8,,13.9,,7.2,0
user_009202,46-55,La Plata,Tablet,Free,116,33,252.56,4.0,2,112.1,6.1,0.384,8.53,1
user_009203,18-25,Buenos Aires,Desktop,Free,282,47,83.17,150.0,30,30.4,14.4,0.657,5.0,1
user_009204,36-45,Rosario,Móvil,Free,255,9,396.7,130.0,12,68.2,3.8,0.16,,0
user_009205,18-25,Buenos Aires,Tablet,Premium,24,38,49.92,40.0,13,118.2,18.0,0.285,38.0,1
user_009206,26-35,Córdoba,Desktop,Premium,332,6,197.6,167.0,8,58.1,16.1,0.34,0.54,1
user_009207,36-45,Rosario,Desktop,Free,239,24,450.13,73.0,1,5.6,10.9,0.48,3.01,1
user_009208,18-25,Buenos Aires,Tablet,Basic,53,11,410.15,,23,91.5,18.2,,6.23,0
user_009209,36-45,Otros,,Free,94,26,101.83,23.0,7,83.9,19.0,0.055,8.3,1
user_009210,36-45,La Plata,Desktop,Basic,75,10,90.55,151.0,0,50.4,13.7,0.762,4.0,0
user_009211,18-25,Rosario,Desktop,Basic,7,49,181.58,126.0,21,104.8,10.1,0.412,49.0,1
user_009212,46-55,Buenos Aires,Móvil,Free,271,3,325.14,16.0,29,27.7,12.4,0.819,0.33,0
user_009213,56+,Córdoba,Tablet,Free,20,46,375.25,86.0,15,26.0,8.2,0.119,46.0,1
user_009214,46-55,La Plata,Móvil,Free,174,44,137.23,97.0,16,37.6,4.9,0.088,7.59,0
user_009215,,Rosario,Desktop,Enterprise,80,35,396.39,25.0,5,77.3,12.6,0.415,13.12,1
user_009216,18-25,Buenos Aires,Desktop,Free,342,38,91.16,141.0,16,52.7,14.1,0.059,3.33,1
user_009217,56+,Córdoba,Móvil,Premium,190,13,330.85,146.0,24,74.5,7.9,0.418,,1
user_009218,26-35,Buenos Aires,Móvil,Basic,154,46,167.34,170.0,16,5.1,18.2,0.447,8.96,1
user_009219,26-35,Otros,Desktop,Basic,143,43,159.32,62.0,8,67.2,10.9,0.21,9.02,1
user_009220,36-45,Mendoza,Móvil,Free,222,6,93.21,176.0,17,91.0,6.4,0.356,,0
user_009221,36-45,Otros,Desktop,Premium,215,13,249.25,71.0,5,111.6,16.1,,,1
user_009222,46-55,Buenos Aires,Móvil,Basic,34,46,28.88,175.0,17,107.9,15.3,0.305,40.59,1
user_009223,26-35,Mendoza,Desktop,Premium,90,45,103.54,20.0,29,30.1,2.8,0.945,,1
user_009224,46-55,Rosario,Desktop,Free,330,44,459.75,143.0,19,90.5,19.6,0.529,4.0,0
user_009225,56+,Córdoba,Móvil,Premium,221,21,464.39,151.0,28,48.5,7.7,0.251,2.85,0
user_009226,26-35,Otros,Móvil,Premium,318,2,260.8,25.0,6,75.8,12.6,0.171,0.19,0
user_009227,46-55,Mendoza,Móvil,,76,7,425.93,117.0,27,,8.8,,2.76,0
user_009228,26-35,Mendoza,Tablet,Premium,41,34,499.84,55.0,30,21.0,5.0,,24.88,1
user_009229,36-45,Otros,Desktop,Basic,299,47,404.66,70.0,2,30.2,13.4,0.439,4.72,0
user_009230,36-45,Otros,Tablet,Free,326,28,169.76,27.0,9,69.1,1.7,0.675,2.58,0
user_009231,36-45,Córdoba,Móvil,Free,205,39,415.32,70.0,6,115.6,6.1,0.059,5.71,0
user_009232,36-45,Rosario,Desktop,Free,284,34,267.09,23.0,19,3.5,12.6,0.027,3.59,1
user_009233,46-55,Buenos Aires,Móvil,Basic,162,26,184.58,28.0,12,,18.2,0.933,4.81,1
user_009234,36-45,Buenos Aires,Desktop,Basic,188,50,445.32,75.0,14,83.1,11.5,0.271,7.98,0
user_009235,18-25,La Plata,Móvil,Basic,182,28,359.46,61.0,16,44.2,4.2,,4.62,0
user_009236,36-45,Mendoza,Móvil,Basic,261,21,275.9,,18,26.4,15.8,0.118,2.41,1
user_009237,,Buenos Aires,Móvil,Premium,258,47,46.15,77.0,26,52.8,13.9,0.011,5.47,1
user_009238,26-35,Rosario,Móvil,Free,17,9,392.03,14.0,5,52.8,8.5,0.678,9.0,1
user_009239,18-25,Rosario,Móvil,Free,192,42,33.12,59.0,25,,9.7,0.39,6.56,1
user_009240,18-25,La Plata,Móvil,Premium,48,32,426.35,45.0,27,66.3,18.6,,20.0,0
user_009241,46-55,La Plata,Móvil,Basic,328,19,280.36,132.0,10,111.0,16.9,0.261,1.74,1
user_009242,46-55,,Móvil,Basic,113,29,478.16,61.0,17,95.2,2.1,0.769,7.7,0
user_009243,26-35,Buenos Aires,Móvil,Basic,183,5,450.38,123.0,25,97.4,17.3,0.887,,1
user_009244,26-35,Rosario,Móvil,Premium,187,48,242.6,64.0,4,4.7,6.1,0.936,7.7,0
user_009245,18-25,La Plata,Móvil,Free,66,18,133.22,15.0,11,52.4,7.9,0.348,8.18,1
user_009246,36-45,La Plata,Móvil,Basic,330,34,448.51,35.0,7,116.8,3.3,,3.09,0
user_009247,26-35,La Plata,Desktop,Free,345,8,248.81,168.0,17,97.8,10.2,0.047,0.7,1
user_009248,26-35,Mendoza,Desktop,Basic,301,22,146.21,33.0,15,,3.5,0.87,2.19,0
user_009249,36-45,Mendoza,Desktop,Free,105,9,61.82,18.0,29,72.5,11.6,0.157,2.57,0
user_009250,56+,Rosario,Móvil,Basic,212,20,339.81,141.0,25,47.4,5.5,0.42,2.83,1
user_009251,,La Plata,Móvil,Premium,205,39,396.49,109.0,15,14.3,8.6,0.53,5.71,0
user_009252,26-35,Buenos Aires,Desktop,Free,355,19,333.62,36.0,4,83.4,2.5,0.219,1.61,1
user_009253,56+,Otros,Móvil,Premium,302,36,33.23,48.0,24,118.9,9.6,0.768,,1
user_009254,56+,Buenos Aires,Móvil,Basic,184,26,277.97,37.0,13,7.1,1.0,,4.24,0
user_009255,56+,La Plata,Móvil,Free,51,26,179.11,142.0,29,74.3,8.7,0.693,15.29,0
user_009256,18-25,La Plata,Desktop,Free,282,4,451.72,148.0,6,45.8,7.4,,0.43,0
user_009257,18-25,Buenos Aires,Móvil,Free,127,8,335.13,42.0,7,64.3,16.3,0.402,1.89,0
user_009258,26-35,Buenos Aires,Tablet,Free,223,50,296.17,144.0,29,37.6,6.0,,,1
user_009259,36-45,Otros,Móvil,Premium,122,48,301.35,0.0,4,88.7,12.8,0.363,11.8,1
user_009260,26-35,Córdoba,Desktop,Enterprise,324,19,113.91,1.0,25,19.9,10.6,0.858,1.76,1
user_009261,26-35,Córdoba,Móvil,Basic,342,44,445.74,129.0,28,13.8,9.5,0.344,3.86,0
user_009262,26-35,Otros,Móvil,Free,207,50,143.42,70.0,29,94.8,15.4,0.229,,0
user_009263,36-45,Otros,Móvil,Basic,56,23,361.91,109.0,9,,10.4,0.245,12.32,1
user_009264,36-45,Rosario,Móvil,Basic,7,18,252.03,78.0,5,60.1,11.3,0.713,18.0,1
user_009265,26-35,Córdoba,Móvil,Basic,323,18,435.41,101.0,11,60.9,10.6,0.431,1.67,1
user_009266,,Rosario,Móvil,Premium,286,21,467.56,40.0,25,81.3,16.8,0.149,2.2,1
user_009267,36-45,Buenos Aires,Desktop,Premium,185,12,105.91,121.0,8,102.4,15.1,0.029,1.95,1
user_009268,36-45,Córdoba,Desktop,Basic,5,25,310.34,171.0,16,33.5,17.9,0.295,,0
user_009269,46-55,Otros,Móvil,Basic,192,11,288.85,136.0,15,53.9,3.5,0.063,1.72,0
user_009270,56+,Buenos Aires,Desktop,Premium,97,24,380.56,118.0,14,18.3,10.7,0.29,7.42,1
user_009271,36-45,Rosario,Desktop,Free,355,19,313.0,36.0,28,51.2,10.6,,,0
user_009272,18-25,Buenos Aires,Móvil,Enterprise,254,43,333.28,175.0,27,27.1,6.5,0.966,,0
user_009273,26-35,Córdoba,,Free,40,33,282.65,109.0,21,34.7,6.7,0.295,24.75,0
user_009274,36-45,Mendoza,Móvil,Free,190,3,223.47,154.0,16,100.5,16.6,0.56,0.47,1
user_009275,36-45,Córdoba,Móvil,Premium,79,33,66.39,25.0,16,35.8,18.4,0.692,12.53,0
user_009276,18-25,Córdoba,Tablet,Premium,278,2,260.7,94.0,7,30.9,3.2,0.031,0.22,1
user_009277,26-35,Buenos Aires,Móvil,Basic,312,14,320.45,50.0,2,85.4,16.1,0.435,1.35,1
user_009278,36-45,La Plata,Desktop,Free,317,33,254.54,176.0,15,80.5,1.1,0.204,,1
user_009279,,Buenos Aires,Desktop,Basic,75,36,375.46,114.0,22,19.0,17.7,,14.4,0
user_009280,46-55,Buenos Aires,Móvil,Free,178,23,131.45,68.0,11,116.0,7.9,0.204,3.88,1
user_009281,56+,Mendoza,Móvil,Free,275,13,232.57,21.0,8,12.5,1.2,0.726,1.42,1
user_009282,36-45,Córdoba,Móvil,Free,41,2,386.04,68.0,7,27.5,14.8,0.517,1.46,0
user_009283,46-55,Buenos Aires,Móvil,Basic,44,11,482.2,30.0,18,25.0,12.7,0.747,7.5,1
user_009284,26-35,Mendoza,,Free,331,8,347.03,86.0,0,,16.1,0.284,0.73,0
user_009285,36-45,Buenos Aires,Desktop,Premium,71,50,335.49,25.0,9,70.2,8.1,0.824,21.13,0
user_009286,56+,La Plata,Desktop,Premium,62,11,458.67,104.0,13,93.2,14.0,0.111,,1
user_009287,26-35,La Plata,Móvil,Free,108,43,308.12,131.0,5,49.7,6.9,0.993,,1
user_009288,56+,Rosario,Tablet,Free,29,33,80.81,29.0,16,38.1,12.9,0.055,33.0,1
user_009289,46-55,Buenos Aires,Móvil,Basic,112,46,248.07,167.0,9,,2.4,,12.32,0
user_009290,26-35,Buenos Aires,Móvil,Basic,330,21,178.25,150.0,21,63.4,14.9,0.279,,1
user_009291,36-45,Córdoba,Desktop,Premium,363,9,363.76,19.0,17,,5.3,0.064,0.74,0
user_009292,26-35,Rosario,Móvil,Basic,360,10,117.05,105.0,5,119.7,13.7,0.361,,1
user_009293,46-55,Mendoza,Móvil,Free,135,21,431.74,172.0,16,59.7,10.9,,4.67,0
user_009294,36-45,Mendoza,Móvil,Premium,364,12,458.24,169.0,30,36.0,10.1,0.957,0.99,0
user_009295,36-45,Rosario,Desktop,Free,270,49,172.52,98.0,28,32.2,10.9,0.414,,1
user_009296,36-45,Buenos Aires,Desktop,Free,346,48,154.86,180.0,6,48.5,6.3,0.479,4.16,0
user_009297,36-45,Buenos Aires,Móvil,Free,328,36,134.08,89.0,3,1.0,7.4,0.099,,0
user_009298,46-55,La Plata,,Free,118,21,79.82,90.0,3,40.3,8.1,0.426,,0
user_009299,18-25,Buenos Aires,Desktop,Free,97,31,117.63,109.0,15,23.4,5.3,0.599,,1
user_009300,18-25,La Plata,Móvil,Premium,296,30,68.15,139.0,3,98.6,1.0,0.866,3.04,0
user_009301,46-55,Buenos Aires,Móvil,Free,38,1,486.53,157.0,11,90.2,13.1,0.698,0.79,1
user_009302,26-35,Córdoba,Tablet,Free,2,33,366.0,150.0,15,56.2,12.5,0.966,33.0,1
user_009303,26-35,Mendoza,Desktop,Basic,159,31,167.82,59.0,20,73.3,17.9,0.49,5.85,0
user_009304,18-25,Córdoba,Desktop,Free,192,11,155.12,143.0,8,39.1,3.2,0.956,,0
user_009305,46-55,Córdoba,Tablet,Premium,169,50,487.12,147.0,30,42.4,18.1,0.501,8.88,0
user_009306,56+,Buenos Aires,Tablet,Free,275,27,229.13,2.0,30,64.2,2.9,0.181,2.95,1
user_009307,36-45,Rosario,Móvil,Free,289,48,82.5,104.0,1,,17.9,,,0
user_009308,56+,Buenos Aires,Móvil,Basic,264,49,125.34,16.0,15,,2.2,,5.57,1
user_009309,36-45,Otros,Móvil,Free,260,4,255.89,149.0,30,11.4,11.3,0.48,,0
user_009310,36-45,Córdoba,Tablet,Free,15,44,183.86,102.0,5,95.7,3.8,0.526,,1
user_009311,26-35,Córdoba,Desktop,Free,297,0,117.39,999.0,20,101.7,19.3,,0.0,1
user_009312,46-55,Buenos Aires,Móvil,Enterprise,282,36,69.89,7.0,15,28.7,3.5,0.937,3.83,1
user_009313,36-45,Buenos Aires,Desktop,Free,57,16,493.61,136.0,30,119.5,13.5,0.747,8.42,1
user_009314,26-35,Córdoba,Desktop,Free,154,45,24.82,103.0,16,56.6,1.5,0.255,8.77,0
user_009315,18-25,Rosario,Móvil,Free,208,43,335.81,56.0,29,90.0,8.1,0.934,6.2,0
user_009316,56+,Rosario,Móvil,Basic,48,22,99.3,79.0,27,20.6,18.4,0.508,,0
user_009317,18-25,,Desktop,Free,178,30,465.02,11.0,19,76.3,4.0,,5.06,0
user_009318,26-35,Córdoba,Desktop,Premium,324,21,114.58,177.0,25,89.7,6.7,0.51,,0
user_009319,26-35,Rosario,Móvil,Basic,339,6,300.71,138.0,13,14.1,19.1,0.946,0.53,0
user_009320,26-35,Buenos Aires,Móvil,Basic,3,13,455.53,74.0,25,84.1,16.6,,13.0,0
user_009321,46-55,Córdoba,Desktop,Basic,159,36,150.51,148.0,19,38.7,7.5,0.287,,0
user_009322,46-55,Mendoza,Desktop,Premium,99,14,428.76,23.0,9,10.0,16.9,0.969,4.24,1
user_009323,26-35,Rosario,Desktop,Basic,222,33,200.51,112.0,4,75.5,10.1,0.07,4.46,0
user_009324,18-25,,Móvil,Free,219,17,35.98,53.0,10,93.9,1.6,0.505,2.33,0
user_009325,56+,Córdoba,Móvil,Basic,80,50,222.81,158.0,11,,7.6,0.337,18.75,1
user_009326,18-25,Rosario,Tablet,Enterprise,116,14,106.1,50.0,0,71.1,8.9,0.418,3.62,1
user_009327,36-45,,Móvil,Basic,137,11,311.87,78.0,0,110.9,8.7,0.704,2.41,0
user_009328,36-45,Otros,Tablet,Free,83,25,336.28,158.0,3,49.6,9.5,0.676,9.04,1
user_009329,26-35,Buenos Aires,Móvil,Free,82,49,463.58,158.0,12,110.0,10.2,,17.93,1
user_009330,18-25,Otros,Móvil,Basic,185,6,309.76,70.0,2,10.3,3.7,0.433,0.97,0
user_009331,36-45,Mendoza,Tablet,Free,236,9,247.26,180.0,13,19.4,6.0,0.686,1.14,1
user_009332,36-45,Buenos Aires,Desktop,Free,240,13,481.92,153.0,0,81.1,18.0,0.902,1.62,0
user_009333,46-55,Otros,Desktop,Free,60,11,490.17,57.0,19,28.3,16.5,0.11,,1
user_009334,46-55,Rosario,Móvil,Free,153,25,121.52,3.0,26,94.8,5.2,0.206,4.9,0
user_009335,36-45,Córdoba,Móvil,Premium,218,11,144.42,3.0,25,4.0,19.8,,1.51,0
user_009336,26-35,Buenos Aires,Desktop,Basic,7,8,236.28,118.0,19,41.1,18.8,0.166,,1
user_009337,18-25,La Plata,Móvil,Basic,127,15,486.29,3.0,14,,4.7,,,0
user_009338,36-45,Córdoba,Desktop,Premium,153,29,208.82,9.0,25,90.5,10.9,0.965,5.69,1
user_009339,46-55,Rosario,Desktop,Premium,22,21,45.46,0.0,28,78.5,18.6,0.594,21.0,1
user_009340,26-35,Rosario,Desktop,Free,239,29,411.44,26.0,3,110.0,6.3,0.892,3.64,1
user_009341,26-35,Córdoba,Desktop,Free,129,16,407.14,163.0,5,59.8,19.5,0.135,3.72,1
user_009342,18-25,Buenos Aires,Desktop,Basic,270,34,241.44,78.0,15,41.2,13.1,0.939,3.78,0
user_009343,26-35,Córdoba,Móvil,Premium,275,37,382.55,53.0,4,64.8,11.7,0.545,,0
user_009344,26-35,Buenos Aires,Móvil,Free,315,30,59.7,101.0,30,1.6,6.4,0.452,,1
user_009345,36-45,Buenos Aires,Móvil,Free,99,1,19.35,157.0,24,47.3,4.0,0.513,0.3,1
user_009346,18-25,Mendoza,Móvil,Premium,188,7,455.22,110.0,15,20.9,4.0,0.857,1.12,1
user_009347,18-25,Córdoba,Móvil,Basic,298,32,208.83,69.0,20,49.0,18.5,0.542,,0
user_009348,46-55,Otros,Desktop,Free,35,35,149.68,40.0,14,,17.6,,,0
user_009349,18-25,Buenos Aires,Móvil,Free,169,48,449.72,175.0,11,68.2,15.4,0.502,8.52,1
user_009350,56+,La Plata,Móvil,Basic,200,25,215.92,43.0,10,98.4,18.8,0.33,,0
user_009351,46-55,Buenos Aires,Desktop,Free,291,2,257.66,111.0,12,68.5,6.8,0.487,0.21,1
user_009352,18-25,Rosario,Móvil,Free,5,6,312.38,175.0,13,85.0,18.9,0.464,6.0,1
user_009353,46-55,Rosario,Desktop,Premium,151,34,489.4,17.0,9,59.9,6.8,0.815,6.75,0
user_009354,26-35,Buenos Aires,Desktop,Free,239,13,62.89,8.0,3,95.1,19.6,,1.63,1
user_009355,18-25,Córdoba,Móvil,Free,308,14,45.42,50.0,11,118.1,16.2,0.458,1.36,0
user_009356,18-25,Mendoza,Móvil,Enterprise,124,8,456.6,66.0,4,67.7,1.2,0.572,1.94,0
user_009357,46-55,Otros,Móvil,Free,30,9,18.87,37.0,11,,3.4,0.736,9.0,0
user_009358,26-35,Buenos Aires,Móvil,Basic,162,31,79.25,15.0,13,78.8,7.7,0.749,5.74,0
user_009359,26-35,Córdoba,Móvil,Premium,311,8,271.94,170.0,11,94.5,14.8,0.161,0.77,0
user_009360,18-25,Buenos Aires,Desktop,Basic,217,33,78.72,67.0,29,91.9,16.1,0.268,4.56,1
user_009361,36-45,Otros,Móvil,Basic,175,26,111.85,68.0,18,55.1,5.4,0.243,4.46,1
user_009362,36-45,Buenos Aires,Tablet,Free,221,41,468.84,110.0,0,61.9,6.6,0.685,5.57,0
user_009363,26-35,Buenos Aires,Móvil,Free,364,50,110.48,96.0,3,66.8,13.4,0.368,4.12,0
user_009364,36-45,Buenos Aires,Móvil,Free,193,5,98.47,81.0,28,62.4,7.3,,0.78,1
user_009365,18-25,Buenos Aires,Móvil,Basic,258,28,449.7,7.0,28,4.9,10.7,0.298,3.26,0
user_009366,46-55,Córdoba,Móvil,Free,186,45,406.0,157.0,24,34.0,15.1,,7.26,1
user_009367,18-25,Mendoza,Móvil,Premium,276,22,307.3,88.0,11,31.6,3.1,0.343,2.39,0
user_009368,36-45,Buenos Aires,Móvil,Basic,211,35,61.24,8.0,18,4.1,12.4,0.764,4.98,1
user_009369,26-35,Córdoba,Tablet,Premium,209,39,438.15,114.0,17,54.0,11.5,0.173,,1
user_009370,26-35,Córdoba,Desktop,Premium,316,45,118.74,113.0,25,52.2,3.1,0.5,4.27,1
user_009371,26-35,Córdoba,Desktop,Basic,9,30,348.09,91.0,28,95.1,3.0,0.806,30.0,1
user_009372,26-35,Rosario,Móvil,Free,100,34,422.9,131.0,30,28.8,7.4,0.49,10.2,1
user_009373,26-35,Otros,Móvil,Basic,211,3,87.38,126.0,29,72.3,6.7,0.425,0.43,1
user_009374,36-45,Córdoba,Móvil,Basic,211,5,101.92,98.0,7,51.1,18.8,,0.71,0
user_009375,36-45,Otros,Móvil,Free,114,31,244.56,50.0,26,38.5,7.5,0.796,8.16,0
user_009376,26-35,Buenos Aires,Móvil,Premium,247,36,340.3,68.0,8,6.9,4.7,0.244,4.37,0
user_009377,18-25,Córdoba,Desktop,Premium,133,31,203.69,15.0,27,27.7,4.5,0.626,6.99,0
user_009378,18-25,Buenos Aires,Desktop,Premium,256,29,10.34,8.0,7,92.2,5.5,,3.4,1
user_009379,36-45,Córdoba,Móvil,Free,102,4,12.75,139.0,1,14.7,14.2,,1.18,1
user_009380,46-55,Rosario,Desktop,Free,156,37,175.92,180.0,28,71.2,15.1,0.367,7.12,1
user_009381,,Mendoza,Desktop,Basic,101,31,489.57,146.0,20,40.7,5.1,0.75,9.21,0
user_009382,26-35,,Desktop,Basic,79,40,118.36,53.0,14,54.0,13.9,0.549,15.19,1
user_009383,46-55,Rosario,Móvil,Premium,253,11,69.54,147.0,23,108.4,6.3,0.118,1.3,0
user_009384,18-25,Mendoza,Móvil,Basic,333,45,273.39,45.0,11,85.4,4.2,0.396,4.05,1
user_009385,26-35,Otros,Móvil,Basic,149,43,257.31,150.0,18,50.1,1.1,0.784,8.66,1
user_009386,26-35,Córdoba,Tablet,Free,31,13,227.66,159.0,23,45.4,5.4,0.425,12.58,0
user_009387,36-45,Otros,Móvil,Premium,5,23,12.0,58.0,7,103.3,10.3,0.082,23.0,0
user_009388,18-25,Córdoba,Móvil,Basic,131,25,433.14,97.0,5,22.4,16.5,,5.73,0
user_009389,46-55,Mendoza,Móvil,Basic,151,42,470.25,8.0,20,98.6,10.4,0.776,8.34,0
user_009390,36-45,Buenos Aires,Móvil,Basic,252,13,483.97,19.0,3,4.0,8.3,0.7,1.55,0
user_009391,56+,Buenos Aires,Desktop,Free,264,43,271.17,36.0,22,91.6,18.1,,4.89,1
user_009392,18-25,Rosario,Móvil,Premium,273,7,484.17,170.0,24,64.6,6.1,0.051,0.77,0
user_009393,46-55,La Plata,Móvil,Basic,363,12,375.07,111.0,8,119.9,11.2,,0.99,1
user_009394,36-45,Otros,Móvil,Premium,158,25,476.06,113.0,22,70.2,12.2,0.75,4.75,0
user_009395,36-45,Buenos Aires,Desktop,Free,245,21,438.57,157.0,23,93.8,8.7,0.395,2.57,0
user_009396,,Córdoba,Móvil,Free,171,43,349.83,113.0,5,119.1,17.3,0.906,7.54,1
user_009397,,Córdoba,Móvil,Enterprise,100,14,298.85,159.0,16,7.8,10.9,,4.2,0
user_009398,56+,Otros,Móvil,Premium,290,0,289.14,999.0,30,15.5,12.0,0.218,0.0,0
user_009399,46-55,Rosario,Móvil,Basic,167,3,270.14,,15,72.5,2.0,0.794,0.54,1
user_009400,,Rosario,Móvil,Free,350,31,100.21,36.0,30,12.2,12.8,0.896,2.66,1
user_009401,56+,Otros,Desktop,Enterprise,266,7,21.88,88.0,2,63.1,10.8,,0.79,1
user_009402,26-35,Buenos Aires,Desktop,Basic,249,27,235.61,69.0,5,92.6,10.2,0.159,3.25,1
user_009403,26-35,Rosario,Móvil,Free,42,21,427.53,118.0,10,111.9,4.2,0.667,15.0,1
user_009404,56+,Córdoba,Móvil,Premium,6,14,320.59,53.0,8,6.8,13.5,0.198,14.0,0
user_009405,46-55,Córdoba,Desktop,Free,246,26,453.32,94.0,5,85.2,14.6,0.89,3.17,0
user_009406,36-45,Córdoba,Móvil,Free,240,0,148.47,999.0,0,69.4,17.6,0.542,0.0,0
user_009407,26-35,Buenos Aires,Tablet,Basic,68,20,299.07,160.0,2,16.7,15.7,0.884,8.82,1
user_009408,46-55,Rosario,Desktop,Premium,160,2,413.02,92.0,9,20.2,1.4,0.085,,0
user_009409,26-35,Otros,Móvil,Free,354,5,208.05,64.0,21,83.9,4.9,0.659,0.42,1
user_009410,36-45,Otros,Móvil,Basic,225,7,438.87,72.0,25,109.4,10.2,0.976,0.93,1
user_009411,18-25,Buenos Aires,,Premium,325,42,81.0,27.0,29,46.6,5.1,0.739,,1
user_009412,46-55,Buenos Aires,Móvil,Free,356,16,318.08,46.0,6,22.0,14.9,0.87,1.35,1
user_009413,56+,La Plata,Móvil,Premium,237,38,50.18,86.0,25,36.1,14.7,0.184,4.81,1
user_009414,18-25,Buenos Aires,Desktop,Free,139,19,365.33,144.0,28,101.5,18.4,0.354,4.1,0
user_009415,36-45,Córdoba,Móvil,Free,66,30,42.39,71.0,13,54.3,17.3,0.948,13.64,1
user_009416,36-45,Córdoba,Tablet,Premium,125,35,371.15,124.0,20,30.5,12.7,0.685,8.4,1
user_009417,26-35,La Plata,Móvil,Premium,106,24,151.2,97.0,19,49.3,3.2,0.479,6.79,1
user_009418,36-45,La Plata,Móvil,,363,17,473.49,32.0,18,88.5,9.6,0.113,1.4,1
user_009419,36-45,Buenos Aires,,Premium,305,31,377.04,114.0,28,75.6,18.8,0.902,3.05,0
user_009420,56+,Córdoba,Desktop,Free,1,13,307.9,160.0,13,15.6,11.3,0.881,13.0,1
user_009421,18-25,Córdoba,Móvil,Free,147,17,50.51,144.0,5,97.6,4.8,0.523,3.47,1
user_009422,36-45,Rosario,Desktop,Free,297,46,58.12,14.0,30,63.3,2.9,0.311,,0
user_009423,46-55,Córdoba,Desktop,Free,102,5,85.86,132.0,3,27.1,9.7,0.287,1.47,1
user_009424,36-45,Buenos Aires,Móvil,Basic,21,18,433.04,56.0,30,117.7,6.8,0.347,18.0,0
user_009425,36-45,Buenos Aires,Tablet,Basic,230,23,137.87,22.0,11,3.6,7.9,0.973,3.0,0
user_009426,26-35,Rosario,Tablet,Free,60,12,264.67,171.0,24,34.2,15.3,0.301,,1
user_009427,56+,,Móvil,Basic,201,29,147.98,93.0,2,42.0,18.5,,4.33,1
user_009428,26-35,Rosario,Móvil,Free,25,50,297.94,138.0,23,114.3,15.4,,50.0,0
user_009429,18-25,Buenos Aires,Móvil,Free,149,21,479.77,110.0,3,50.0,2.1,0.852,4.23,1
user_009430,36-45,Buenos Aires,Móvil,Free,58,12,34.18,134.0,4,8.7,1.2,0.219,6.21,1
user_009431,36-45,Rosario,Tablet,Basic,94,10,318.59,174.0,27,58.9,16.7,0.593,3.19,0
user_009432,46-55,Córdoba,Desktop,Premium,31,1,287.89,22.0,10,97.3,2.5,0.576,0.97,1
user_009433,26-35,Córdoba,Móvil,Basic,191,9,125.53,80.0,11,,4.4,0.687,1.41,1
user_009434,18-25,Córdoba,Móvil,Basic,282,7,138.0,25.0,17,25.2,19.5,,0.74,0
user_009435,26-35,Buenos Aires,Desktop,Basic,159,6,274.2,165.0,29,27.7,8.3,0.047,1.13,0
user_009436,18-25,Buenos Aires,Móvil,,211,19,112.21,6.0,17,25.3,1.4,0.009,2.7,0
user_009437,46-55,Córdoba,Móvil,Free,249,18,368.47,154.0,17,97.1,15.2,0.819,2.17,1
user_009438,26-35,,Desktop,Free,297,19,351.56,83.0,6,12.0,1.9,0.348,,0
user_009439,,Córdoba,Móvil,Basic,15,15,427.32,79.0,8,98.2,6.5,0.756,15.0,1
user_009440,18-25,Buenos Aires,Móvil,Premium,56,17,456.74,89.0,18,9.8,12.0,0.01,9.11,1
user_009441,26-35,Buenos Aires,Desktop,Free,106,41,376.48,175.0,15,38.0,7.3,0.875,11.6,1
user_009442,26-35,Buenos Aires,Móvil,Premium,183,15,393.18,2.0,0,89.1,19.2,,,0
user_009443,26-35,La Plata,Móvil,Free,127,20,172.73,37.0,14,,3.8,0.427,4.72,1
user_009444,26-35,Rosario,Desktop,Free,285,29,363.65,30.0,29,72.7,12.1,0.622,,0
user_009445,26-35,Córdoba,Desktop,Enterprise,244,27,392.71,81.0,18,50.1,16.8,0.374,3.32,0
user_009446,,Buenos Aires,Desktop,Free,159,9,78.49,143.0,8,110.9,11.5,,1.7,1
user_009447,26-35,Otros,Móvil,Basic,51,30,337.78,116.0,12,66.2,3.2,0.24,17.65,1
user_009448,26-35,Otros,Móvil,Premium,222,25,168.98,107.0,26,,19.6,,3.38,1
user_009449,18-25,Buenos Aires,Desktop,Basic,83,3,299.1,41.0,11,77.9,9.3,0.789,,1
user_009450,26-35,Buenos Aires,,Premium,248,5,205.01,154.0,15,20.3,18.1,,0.6,1
user_009451,36-45,Mendoza,Móvil,Basic,325,36,271.51,106.0,18,99.8,3.4,0.261,,1
user_009452,56+,Mendoza,Móvil,Free,136,50,441.39,112.0,19,98.3,3.0,0.252,11.03,1
user_009453,46-55,Buenos Aires,Desktop,Free,41,38,469.92,23.0,1,12.9,8.2,,27.8,1
user_009454,56+,Buenos Aires,Móvil,Basic,322,20,336.33,126.0,12,79.8,1.3,0.979,1.86,0
user_009455,18-25,Otros,Desktop,Free,175,27,155.23,134.0,30,12.4,9.5,0.729,4.63,0
user_009456,46-55,Córdoba,Móvil,Basic,134,45,69.91,4.0,13,11.2,3.9,0.686,10.07,1
user_009457,18-25,Mendoza,Móvil,Free,43,45,125.51,5.0,29,,12.0,0.444,31.4,1
user_009458,18-25,,Móvil,Premium,310,21,154.18,106.0,23,28.3,3.4,,2.03,0
user_009459,36-45,Otros,Móvil,Premium,189,29,93.68,54.0,3,,4.3,0.443,,0
user_009460,18-25,La Plata,Desktop,Free,295,7,457.59,159.0,27,36.3,16.6,0.21,0.71,0
user_009461,18-25,Buenos Aires,Móvil,Basic,156,12,410.8,102.0,15,106.1,19.1,,,1
user_009462,,Córdoba,Móvil,Premium,200,28,418.95,177.0,1,102.5,6.4,0.057,4.2,0
user_009463,46-55,Córdoba,Desktop,Premium,265,18,389.45,13.0,7,93.5,10.1,0.219,2.04,0
user_009464,26-35,Córdoba,Tablet,Basic,211,19,478.03,152.0,6,25.6,2.3,0.435,2.7,0
user_009465,26-35,Mendoza,Móvil,Free,156,1,165.31,127.0,28,,1.2,0.668,0.19,0
user_009466,26-35,Córdoba,Móvil,Premium,88,39,489.08,70.0,23,88.6,15.2,0.763,13.3,1
user_009467,18-25,Rosario,Desktop,Free,94,36,62.35,19.0,0,49.0,17.6,0.571,11.49,0
user_009468,18-25,Rosario,Tablet,Premium,302,3,413.81,120.0,16,95.1,14.2,0.109,0.3,1
user_009469,36-45,Córdoba,Desktop,Basic,276,19,272.77,54.0,0,101.4,9.8,0.688,2.07,0
user_009470,36-45,Rosario,Desktop,Premium,182,36,483.0,55.0,3,29.5,9.9,0.259,,1
user_009471,46-55,Córdoba,Móvil,Premium,40,34,249.38,153.0,27,53.8,9.4,,,1
user_009472,26-35,Rosario,Móvil,Free,256,10,364.85,104.0,27,110.7,2.5,0.705,1.17,1
user_009473,46-55,Buenos Aires,,Free,295,45,461.1,118.0,20,96.7,1.6,0.943,4.58,0
user_009474,46-55,Rosario,Móvil,Free,246,46,135.59,110.0,27,,10.1,0.869,5.61,0
user_009475,26-35,Córdoba,Móvil,Premium,112,1,429.39,118.0,30,100.1,4.3,0.413,0.27,1
user_009476,26-35,Córdoba,Móvil,Basic,171,34,160.2,46.0,21,77.5,8.9,,5.96,0
user_009477,26-35,Buenos Aires,Desktop,Premium,218,20,272.44,123.0,14,25.8,6.9,0.633,,1
user_009478,18-25,Buenos Aires,Desktop,Free,47,0,295.79,999.0,3,,2.4,0.902,0.0,0
user_009479,36-45,Córdoba,Móvil,Basic,0,28,139.3,149.0,5,18.7,1.8,0.878,28.0,0
user_009480,26-35,La Plata,Móvil,Basic,86,27,142.34,118.0,28,32.0,13.5,0.886,9.42,0
user_009481,18-25,Rosario,Desktop,Free,123,32,243.76,135.0,19,,16.5,0.666,7.8,0
user_009482,26-35,Córdoba,Desktop,Basic,118,38,380.31,69.0,26,60.0,14.2,0.024,9.66,0
user_009483,18-25,Buenos Aires,Tablet,Free,101,21,318.24,8.0,1,76.2,5.0,,6.24,1
user_009484,18-25,Buenos Aires,Móvil,Free,248,30,173.8,164.0,22,112.2,5.3,0.555,3.63,1
user_009485,26-35,Mendoza,Móvil,Premium,112,50,292.26,149.0,30,112.2,18.3,0.989,13.39,0
user_009486,56+,Córdoba,Móvil,Basic,121,13,300.67,115.0,13,34.1,10.3,,3.22,1
user_009487,,La Plata,Móvil,Free,75,4,126.1,79.0,1,75.0,8.0,0.893,1.6,1
user_009488,26-35,Otros,Móvil,Premium,292,34,226.8,47.0,26,27.1,19.4,0.381,3.49,1
user_009489,46-55,Otros,Móvil,Free,73,38,431.5,7.0,13,113.5,14.7,,15.62,1
user_009490,46-55,Rosario,Móvil,Basic,284,7,498.77,108.0,25,65.0,1.6,0.434,0.74,1
user_009491,46-55,Córdoba,Móvil,Premium,207,15,377.75,172.0,6,19.0,4.7,0.572,2.17,1
user_009492,,Otros,Desktop,Basic,134,32,390.29,63.0,8,,10.2,0.952,,1
user_009493,56+,Buenos Aires,Móvil,Basic,361,2,99.39,63.0,27,,12.4,,0.17,0
user_009494,36-45,Buenos Aires,Móvil,Free,239,46,78.91,162.0,22,15.7,18.0,0.182,5.77,0
user_009495,18-25,Otros,Desktop,Basic,332,0,255.43,999.0,20,112.0,12.5,,,1
user_009496,26-35,Buenos Aires,Tablet,Free,149,24,427.52,12.0,29,82.9,4.1,0.506,,1
user_009497,26-35,La Plata,Móvil,Free,191,10,215.62,60.0,25,102.0,2.7,0.127,1.57,0
user_009498,46-55,La Plata,Desktop,Free,113,8,160.98,175.0,14,,6.1,0.365,2.12,0
user_009499,56+,Rosario,Desktop,Basic,302,5,240.71,100.0,28,6.2,9.2,0.317,0.5,1
user_009500,26-35,Buenos Aires,Móvil,Basic,184,42,110.4,152.0,19,16.0,6.3,0.865,6.85,1
user_009501,36-45,Rosario,Móvil,Basic,321,13,474.05,42.0,27,79.3,18.7,0.118,1.21,0
user_009502,18-25,Buenos Aires,Móvil,Basic,257,12,389.91,40.0,7,89.4,13.6,0.809,,1
user_009503,18-25,Buenos Aires,Tablet,Basic,23,14,182.13,72.0,26,,8.1,0.946,14.0,0
user_009504,56+,Buenos Aires,Móvil,Basic,135,6,250.87,31.0,9,83.8,7.8,0.15,1.33,0
user_009505,26-35,Buenos Aires,Desktop,Free,282,15,177.57,55.0,1,89.5,6.4,,1.6,0
user_009506,26-35,,Móvil,Premium,313,31,213.69,68.0,13,61.8,9.6,0.653,,0
user_009507,18-25,La Plata,Desktop,Free,50,49,45.27,92.0,19,26.8,16.5,0.028,29.4,1
user_009508,36-45,La Plata,Tablet,Basic,327,34,262.53,65.0,4,8.8,15.0,0.493,3.12,0
user_009509,18-25,Otros,Móvil,Free,348,37,165.75,50.0,7,83.8,6.1,0.931,,0
user_009510,36-45,Otros,Desktop,Premium,231,8,151.74,25.0,9,93.4,11.2,0.549,1.04,0
user_009511,26-35,Rosario,Móvil,Free,233,23,42.35,67.0,2,19.8,9.9,0.474,2.96,0
user_009512,26-35,Buenos Aires,,Free,317,6,343.27,130.0,3,15.1,12.1,0.688,0.57,1
user_009513,18-25,Buenos Aires,Móvil,Free,180,36,222.16,108.0,22,61.8,6.0,0.379,6.0,0
user_009514,18-25,Buenos Aires,Móvil,Enterprise,95,47,303.85,120.0,3,,17.8,0.863,14.84,0
user_009515,26-35,Buenos Aires,Móvil,Free,37,27,230.36,128.0,10,24.6,8.9,0.188,21.89,0
user_009516,46-55,Córdoba,Móvil,Premium,161,9,99.93,121.0,20,49.6,4.9,0.939,1.68,0
user_009517,26-35,Buenos Aires,Móvil,Free,124,1,300.44,169.0,28,57.5,5.2,0.416,,0
user_009518,36-45,,Móvil,Basic,204,25,363.26,26.0,7,32.1,11.3,0.835,3.68,1
user_009519,26-35,Buenos Aires,Tablet,Free,291,4,123.9,111.0,27,,15.4,0.037,0.41,0
user_009520,36-45,Córdoba,Desktop,Free,193,43,449.53,142.0,26,45.3,3.9,0.303,6.68,0
user_009521,36-45,Rosario,Móvil,Basic,363,3,161.61,99.0,22,,16.2,0.574,0.25,1
user_009522,36-45,La Plata,Móvil,Free,80,25,32.47,153.0,13,34.6,8.7,,9.38,1
user_009523,18-25,Córdoba,Móvil,Premium,12,48,369.3,151.0,8,,18.4,0.813,,0
user_009524,46-55,Buenos Aires,Móvil,Free,138,13,347.75,93.0,16,,2.8,0.23,2.83,1
user_009525,26-35,La Plata,Móvil,Basic,127,33,62.45,36.0,13,32.3,10.9,0.308,7.8,1
user_009526,56+,Córdoba,Desktop,Premium,95,47,308.62,37.0,27,88.3,6.3,0.935,14.84,1
user_009527,26-35,Córdoba,Móvil,Enterprise,51,27,104.72,0.0,3,19.9,6.5,0.764,15.88,0
user_009528,18-25,La Plata,Desktop,Free,209,9,207.95,165.0,18,,8.9,0.263,1.29,1
user_009529,26-35,Mendoza,Móvil,Free,86,6,41.04,155.0,3,30.7,11.6,0.086,2.09,0
user_009530,26-35,Rosario,Móvil,Free,145,2,251.11,18.0,1,,8.0,0.359,0.41,1
user_009531,18-25,Mendoza,Desktop,Premium,233,17,102.14,74.0,17,51.6,12.6,0.558,2.19,1
user_009532,56+,Buenos Aires,Desktop,Premium,49,4,429.07,102.0,4,101.4,14.2,0.184,,0
user_009533,26-35,Otros,Móvil,Free,167,6,322.88,,26,113.4,2.6,0.504,1.08,1
user_009534,56+,Buenos Aires,Desktop,Free,72,40,144.46,6.0,21,110.1,6.8,0.198,16.67,0
user_009535,18-25,Buenos Aires,Móvil,Free,72,42,252.48,,26,57.9,11.8,0.121,17.5,0
user_009536,18-25,Buenos Aires,Desktop,Premium,11,15,405.1,109.0,1,101.6,1.4,0.175,15.0,0
user_009537,36-45,Rosario,Móvil,Free,212,3,313.77,53.0,16,21.3,17.9,0.857,,1
user_009538,18-25,Buenos Aires,Móvil,Free,149,14,92.21,173.0,28,86.8,7.7,0.473,2.82,0
user_009539,,Buenos Aires,Móvil,Premium,44,44,319.54,13.0,24,54.9,6.3,0.33,,1
user_009540,56+,Córdoba,Móvil,,41,30,30.25,151.0,0,72.4,2.1,0.858,21.95,0
user_009541,46-55,Rosario,Desktop,Free,364,43,15.67,90.0,19,40.4,12.7,0.581,3.54,1
user_009542,36-45,Buenos Aires,Desktop,Basic,198,7,327.8,69.0,0,62.8,3.6,0.61,1.06,1
user_009543,36-45,Buenos Aires,Móvil,Free,28,18,460.1,149.0,29,89.2,5.6,0.219,18.0,0
user_009544,36-45,Buenos Aires,Móvil,Free,136,41,486.54,112.0,14,14.3,8.4,0.612,9.04,0
user_009545,26-35,Rosario,Desktop,Free,22,20,45.62,69.0,2,27.4,9.3,,20.0,1
user_009546,36-45,Buenos Aires,Desktop,Free,88,37,347.01,170.0,7,92.2,15.6,,12.61,0
user_009547,26-35,Córdoba,Tablet,Free,10,31,366.2,,14,60.4,4.0,0.25,,0
user_009548,,Buenos Aires,Desktop,Basic,317,6,476.63,70.0,15,106.2,6.6,0.08,0.57,0
user_009549,26-35,Buenos Aires,Móvil,Basic,276,26,472.98,155.0,6,47.1,3.2,,,1
user_009550,46-55,Córdoba,Móvil,Free,326,11,269.12,12.0,25,,14.0,0.457,1.01,0
user_009551,18-25,Buenos Aires,Móvil,Basic,319,9,177.99,44.0,9,18.5,9.4,0.245,,0
user_009552,36-45,,Móvil,Basic,355,11,76.34,71.0,12,12.4,6.5,0.403,,1
user_009553,46-55,Rosario,Móvil,Premium,52,26,17.4,177.0,10,51.8,8.9,0.085,15.0,1
user_009554,26-35,Buenos Aires,Móvil,Free,193,7,160.35,24.0,30,105.2,12.5,0.156,1.09,0
user_009555,26-35,Córdoba,Desktop,Basic,179,38,394.72,137.0,28,55.5,12.3,0.082,6.37,1
user_009556,18-25,Buenos Aires,Móvil,Basic,261,44,204.65,175.0,21,93.5,4.5,,5.06,0
user_009557,36-45,Buenos Aires,Móvil,Basic,186,30,453.11,124.0,2,115.7,6.8,0.465,4.84,0
user_009558,26-35,Córdoba,Móvil,Free,116,26,303.01,99.0,19,24.7,6.7,,6.72,0
user_009559,26-35,Buenos Aires,Desktop,Free,262,12,277.39,7.0,3,,14.7,0.883,1.37,0
user_009560,46-55,Buenos Aires,Desktop,Free,169,7,72.89,73.0,5,96.8,16.3,,,1
user_009561,26-35,Buenos Aires,Móvil,Free,8,21,43.49,109.0,0,103.0,1.1,0.819,21.0,1
user_009562,36-45,Buenos Aires,Tablet,Free,320,41,445.3,151.0,10,109.8,4.1,0.442,3.84,0
user_009563,18-25,Mendoza,Desktop,Premium,108,43,406.49,177.0,9,115.3,3.8,0.644,11.94,0
user_009564,56+,Mendoza,Móvil,Free,111,17,85.17,8.0,12,42.3,15.7,0.032,,0
user_009565,18-25,Otros,Móvil,Basic,60,3,323.12,137.0,9,35.4,10.3,0.038,1.5,1
user_009566,26-35,Córdoba,Desktop,Premium,3,15,376.59,19.0,13,56.0,1.4,,,0
user_009567,56+,La Plata,Móvil,Premium,184,17,282.07,54.0,21,33.0,5.1,0.672,2.77,0
user_009568,36-45,Mendoza,Móvil,Basic,214,42,370.54,42.0,27,112.2,7.8,,5.89,1
user_009569,18-25,Buenos Aires,Móvil,Basic,8,29,48.74,69.0,10,103.1,16.5,0.509,29.0,1
user_009570,26-35,Buenos Aires,Móvil,Basic,69,6,187.04,70.0,24,10.1,14.5,0.396,2.61,1
user_009571,56+,Buenos Aires,Móvil,Free,300,39,262.23,16.0,21,96.4,1.2,,3.9,0
user_009572,26-35,Otros,Desktop,Free,43,6,89.58,65.0,5,46.3,17.0,,4.19,0
user_009573,26-35,Buenos Aires,Tablet,Basic,132,17,210.8,103.0,4,43.6,14.6,0.063,3.86,0
user_009574,56+,Buenos Aires,Móvil,Basic,36,4,216.93,40.0,21,,5.6,0.148,,1
user_009575,36-45,Rosario,Móvil,Free,314,1,457.95,69.0,12,,2.0,0.917,0.1,1
user_009576,36-45,Córdoba,Tablet,Free,106,7,137.47,152.0,28,44.8,14.4,0.475,1.98,0
user_009577,26-35,Córdoba,Desktop,Free,11,15,50.89,40.0,17,27.3,4.5,0.534,15.0,0
user_009578,18-25,Rosario,Desktop,Free,249,35,344.53,91.0,4,,1.9,,4.22,1
user_009579,18-25,Córdoba,Móvil,Free,331,31,385.18,140.0,24,3.3,8.0,0.685,,1
user_009580,56+,Buenos Aires,Desktop,Basic,118,42,78.18,71.0,20,36.0,3.1,0.479,10.68,0
user_009581,36-45,La Plata,Desktop,Free,298,47,441.13,68.0,1,109.9,5.3,0.928,4.73,0
user_009582,18-25,Buenos Aires,Desktop,Premium,129,12,201.74,93.0,25,,16.3,0.994,,0
user_009583,46-55,Buenos Aires,Móvil,Free,106,41,344.11,65.0,23,85.4,2.8,0.582,,0
user_009584,56+,Mendoza,Móvil,Basic,133,0,483.99,999.0,2,78.8,19.4,0.931,0.0,1
user_009585,18-25,Córdoba,Móvil,Premium,178,24,321.9,153.0,9,1.7,18.1,0.734,,1
user_009586,46-55,Buenos Aires,Móvil,Premium,171,30,404.51,147.0,3,114.0,8.0,0.593,,1
user_009587,18-25,Buenos Aires,Móvil,Basic,177,31,212.11,101.0,15,37.7,2.7,0.266,,0
user_009588,18-25,Córdoba,Móvil,Premium,246,22,369.78,35.0,13,8.0,8.5,0.253,2.68,1
user_009589,18-25,Mendoza,Desktop,Free,348,39,397.56,73.0,8,45.8,12.7,0.875,3.36,1
user_009590,36-45,Otros,Tablet,Free,10,31,462.38,119.0,17,104.0,2.7,0.298,,0
user_009591,46-55,Rosario,Móvil,Free,144,0,464.45,999.0,11,20.9,10.2,0.774,0.0,0
user_009592,36-45,Buenos Aires,Desktop,Free,179,29,323.27,123.0,25,54.7,6.4,,,0
user_009593,18-25,Buenos Aires,Móvil,Free,301,10,199.46,90.0,17,3.6,14.0,0.454,1.0,1
user_009594,36-45,Buenos Aires,Tablet,Basic,27,12,304.7,138.0,20,6.5,9.8,0.888,,0
user_009595,18-25,La Plata,Desktop,Free,72,26,211.17,78.0,22,19.2,18.4,0.239,,0
user_009596,46-55,Buenos Aires,Tablet,Basic,326,3,314.36,91.0,21,115.0,12.4,,0.28,0
user_009597,26-35,Buenos Aires,Desktop,Premium,350,47,46.7,58.0,6,,11.9,0.117,4.03,1
user_009598,36-45,Mendoza,Móvil,Premium,73,19,365.81,133.0,22,115.1,3.8,0.435,7.81,1
user_009599,36-45,Otros,Móvil,Basic,83,11,336.93,173.0,18,98.3,11.0,,3.98,1
user_009600,26-35,La Plata,Móvil,Premium,359,13,427.69,78.0,15,35.3,11.1,0.538,,1
user_009601,,Buenos Aires,Desktop,Basic,32,10,290.78,36.0,12,84.1,10.4,,9.38,1
user_009602,46-55,Rosario,Desktop,Free,232,33,357.59,75.0,8,21.8,16.4,0.264,4.27,0
user_009603,56+,Otros,Desktop,Basic,280,12,212.93,123.0,1,97.0,4.7,0.571,,1
user_009604,,Buenos Aires,Móvil,Free,236,30,91.22,21.0,25,49.6,6.2,,3.81,1
user_009605,26-35,Otros,Móvil,Basic,29,35,440.97,89.0,15,93.8,2.0,0.321,35.0,1
user_009606,18-25,Buenos Aires,Móvil,Premium,241,22,80.29,15.0,21,75.3,16.6,0.767,2.74,0
user_009607,36-45,Buenos Aires,Móvil,Basic,114,40,305.22,55.0,25,68.1,13.9,0.982,10.53,1
user_009608,56+,Mendoza,Móvil,Basic,279,19,135.07,34.0,7,16.3,14.9,0.369,,1
user_009609,36-45,Córdoba,Móvil,Free,42,3,179.18,54.0,6,7.8,1.3,0.344,2.14,0
user_009610,26-35,Rosario,Móvil,Basic,29,44,382.03,168.0,1,70.8,3.5,0.578,44.0,1
user_009611,18-25,Mendoza,Móvil,Premium,363,27,346.56,116.0,17,67.6,9.2,,2.23,0
user_009612,36-45,Córdoba,Desktop,Free,276,10,412.1,12.0,6,58.1,15.6,0.249,1.09,0
user_009613,26-35,,Móvil,Basic,72,26,226.37,117.0,11,69.2,10.5,0.001,10.83,0
user_009614,36-45,Otros,Móvil,Basic,96,12,78.28,63.0,14,30.0,12.7,0.176,3.75,0
user_009615,46-55,Buenos Aires,Desktop,Basic,158,30,443.96,96.0,24,23.6,18.8,0.969,5.7,0
user_009616,26-35,Buenos Aires,Móvil,Premium,39,16,336.46,168.0,24,,19.3,0.663,12.31,1
user_009617,18-25,Rosario,Desktop,Premium,28,47,104.72,160.0,13,107.0,19.8,0.391,47.0,1
user_009618,18-25,Rosario,Móvil,Free,249,6,202.42,95.0,25,117.8,9.1,0.229,0.72,1
user_009619,26-35,Buenos Aires,Móvil,Free,237,7,389.91,42.0,22,80.5,10.3,0.013,,1
user_009620,36-45,Buenos Aires,Desktop,Premium,68,46,32.41,20.0,9,18.7,6.8,,20.29,1
user_009621,56+,Buenos Aires,Desktop,Free,132,16,166.67,107.0,11,75.0,15.1,0.257,3.64,0
user_009622,46-55,Buenos Aires,Móvil,Basic,236,48,431.3,52.0,0,33.1,18.7,0.087,6.1,1
user_009623,26-35,Córdoba,Móvil,Premium,267,17,468.18,62.0,9,68.6,18.8,0.555,1.91,0
user_009624,36-45,Buenos Aires,Móvil,Premium,235,11,223.31,115.0,3,77.3,5.6,,1.4,1
user_009625,36-45,Mendoza,Desktop,Free,96,23,243.65,131.0,25,27.3,4.2,,,1
user_009626,46-55,Córdoba,Móvil,Enterprise,342,11,432.44,141.0,25,57.3,5.9,,0.96,0
user_009627,46-55,La Plata,Desktop,Basic,157,31,417.29,140.0,30,35.7,1.5,0.219,5.92,1
user_009628,18-25,Mendoza,Móvil,Free,358,7,499.08,129.0,6,,19.9,,0.59,0
user_009629,,Córdoba,Móvil,Basic,262,1,75.94,153.0,0,81.0,6.4,0.254,0.11,1
user_009630,18-25,Buenos Aires,Móvil,Premium,307,8,329.11,129.0,0,89.8,11.9,0.478,0.78,1
user_009631,18-25,Rosario,Desktop,Premium,103,0,131.25,999.0,25,19.7,5.0,0.982,0.0,0
user_009632,26-35,Buenos Aires,Móvil,Free,243,37,30.9,48.0,23,70.6,11.3,0.097,4.57,0
user_009633,18-25,Rosario,Desktop,Free,322,29,73.37,11.0,20,41.2,19.6,0.535,,1
user_009634,26-35,Buenos Aires,Desktop,Free,248,5,287.91,73.0,13,110.2,15.3,0.543,0.6,0
user_009635,18-25,Buenos Aires,Móvil,Premium,323,14,36.06,135.0,30,50.9,12.4,0.565,,0
user_009636,26-35,Rosario,Móvil,Enterprise,245,48,345.81,105.0,25,110.5,9.2,,5.88,0
user_009637,36-45,Córdoba,Desktop,Free,192,13,289.47,156.0,30,,11.4,0.266,2.03,0
user_009638,,Córdoba,Móvil,Premium,361,48,393.53,130.0,27,40.1,13.4,0.372,3.99,1
user_009639,46-55,La Plata,Móvil,Basic,204,38,436.75,123.0,5,56.2,14.5,0.705,5.59,0
user_009640,,Mendoza,Desktop,Free,274,49,295.39,177.0,14,44.8,3.7,,,0
user_009641,26-35,La Plata,Móvil,Free,192,9,431.9,122.0,15,34.9,11.0,0.439,1.41,0
user_009642,36-45,Buenos Aires,Móvil,Free,328,32,324.22,93.0,17,20.5,16.1,0.046,2.93,0
user_009643,36-45,La Plata,Tablet,Free,178,25,104.41,33.0,11,,8.5,0.352,4.21,0
user_009644,26-35,Buenos Aires,Móvil,Free,74,25,309.93,33.0,12,108.2,16.9,0.154,10.14,1
user_009645,46-55,Buenos Aires,Tablet,Free,61,27,37.26,121.0,21,73.9,12.6,0.162,13.28,0
user_009646,18-25,Córdoba,Móvil,Free,340,16,416.36,55.0,24,112.6,4.1,,1.41,0
user_009647,26-35,Córdoba,Desktop,Free,233,29,83.13,143.0,5,47.2,3.2,0.508,3.73,0
user_009648,36-45,Córdoba,Móvil,Free,123,36,287.06,129.0,9,72.6,8.2,0.081,8.78,0
user_009649,26-35,Mendoza,Desktop,Free,123,9,89.51,31.0,22,54.0,6.6,0.497,,1
user_009650,46-55,Córdoba,Móvil,Free,32,33,107.24,138.0,19,119.9,6.2,0.158,,0
user_009651,36-45,Rosario,Desktop,Free,30,36,181.22,94.0,16,11.6,3.0,,36.0,0
user_009652,56+,Rosario,Móvil,Free,146,41,287.96,50.0,21,52.7,3.1,0.46,8.42,0
user_009653,18-25,Rosario,Móvil,Free,263,50,358.26,145.0,26,10.9,18.6,0.817,5.7,0
user_009654,26-35,La Plata,Móvil,Free,129,18,214.56,4.0,13,80.4,18.9,0.782,4.19,0
user_009655,56+,Otros,Desktop,Free,230,44,460.9,145.0,26,9.5,12.5,0.303,5.74,0
user_009656,26-35,Córdoba,Móvil,Free,50,45,145.15,44.0,3,,18.6,0.283,27.0,1
user_009657,56+,Córdoba,Desktop,Free,68,45,294.64,48.0,11,24.5,6.8,,19.85,0
user_009658,18-25,Rosario,Desktop,Premium,323,20,177.17,155.0,27,22.3,2.4,,1.86,0
user_009659,36-45,Mendoza,Móvil,Premium,264,34,240.05,139.0,22,104.7,3.3,,3.86,1
user_009660,26-35,La Plata,Desktop,Basic,299,41,384.52,147.0,3,27.0,2.1,0.859,,1
user_009661,18-25,Rosario,Desktop,Free,241,21,299.79,105.0,20,46.9,17.7,,,1
user_009662,56+,Buenos Aires,Móvil,Free,126,39,395.51,35.0,0,101.3,9.1,0.796,,1
user_009663,26-35,,Desktop,Basic,337,31,272.45,158.0,29,82.8,9.7,0.883,2.76,1
user_009664,,Buenos Aires,Móvil,Basic,116,43,17.52,95.0,10,78.1,1.7,,11.12,1
user_009665,18-25,Buenos Aires,Tablet,Basic,249,10,250.5,89.0,20,109.7,7.2,,1.2,0
user_009666,36-45,Córdoba,Móvil,Free,21,41,214.1,123.0,1,111.5,15.9,0.81,,1
user_009667,,Otros,Móvil,Basic,224,49,179.99,124.0,11,67.2,16.2,,,1
user_009668,46-55,Buenos Aires,Móvil,Free,206,12,303.04,86.0,28,69.2,9.8,0.336,1.75,1
user_009669,36-45,Buenos Aires,Móvil,Free,8,18,66.1,33.0,24,33.5,6.6,0.378,,0
user_009670,56+,Córdoba,Desktop,Basic,216,3,327.94,16.0,19,5.8,3.7,0.092,0.42,0
user_009671,18-25,Buenos Aires,Móvil,Premium,75,5,102.56,100.0,22,10.6,9.9,0.867,2.0,0
user_009672,36-45,Córdoba,Desktop,Premium,97,0,378.81,999.0,15,108.3,15.1,0.793,0.0,0
user_009673,18-25,Otros,Móvil,Basic,42,7,59.12,99.0,23,83.2,3.3,0.222,5.0,1
user_009674,36-45,Otros,Móvil,Free,34,49,127.55,119.0,17,29.8,4.3,0.511,43.24,0
user_009675,46-55,Córdoba,Móvil,Free,156,47,105.1,178.0,3,58.5,11.7,0.519,9.04,0
user_009676,46-55,Otros,Tablet,Basic,361,15,456.56,124.0,30,85.2,4.4,0.632,1.25,0
user_009677,18-25,Buenos Aires,Móvil,Basic,101,29,476.34,151.0,29,73.5,17.2,0.33,8.61,0
user_009678,36-45,Rosario,Móvil,Basic,344,49,447.63,17.0,28,118.9,15.5,0.763,4.27,1
user_009679,36-45,,Desktop,Free,183,11,137.6,80.0,8,49.5,14.1,0.336,1.8,1
user_009680,18-25,Córdoba,Desktop,Basic,289,18,115.2,173.0,17,77.3,4.3,0.958,1.87,0
user_009681,46-55,Córdoba,Móvil,Basic,50,49,368.44,27.0,13,6.9,12.2,0.786,29.4,1
user_009682,,Córdoba,Desktop,Free,167,46,417.07,83.0,6,16.7,17.8,0.17,8.26,1
user_009683,18-25,Córdoba,Desktop,Basic,118,29,49.72,53.0,22,29.2,19.4,0.482,7.37,0
user_009684,26-35,Buenos Aires,Móvil,Enterprise,66,36,411.6,159.0,13,83.6,13.1,0.972,16.36,1
user_009685,46-55,Buenos Aires,Desktop,Basic,303,31,253.96,131.0,2,112.5,5.8,0.372,,0
user_009686,36-45,Mendoza,Móvil,Premium,80,29,19.61,1.0,15,84.8,4.3,0.113,,0
user_009687,26-35,Rosario,Desktop,Premium,111,16,212.31,136.0,16,52.2,11.9,0.09,4.32,1
user_009688,36-45,Rosario,Móvil,Basic,209,30,371.47,8.0,24,48.8,11.0,,4.31,0
user_009689,36-45,Buenos Aires,Desktop,Premium,333,18,391.64,27.0,20,22.3,8.5,0.292,1.62,1
user_009690,36-45,Rosario,Tablet,Enterprise,239,33,261.51,143.0,3,16.0,15.2,0.09,4.14,0
user_009691,18-25,Rosario,Desktop,Basic,23,19,264.07,27.0,25,78.5,2.5,0.679,19.0,0
user_009692,18-25,Córdoba,Móvil,Premium,201,35,131.22,32.0,27,112.6,18.8,0.724,5.22,1
user_009693,26-35,Rosario,Móvil,Free,364,17,478.46,22.0,10,21.2,17.3,0.511,1.4,1
user_009694,36-45,Buenos Aires,Móvil,Premium,289,25,448.54,19.0,6,2.4,15.4,0.286,2.6,1
user_009695,26-35,Rosario,Desktop,Premium,336,25,301.63,25.0,24,1.9,7.1,,2.23,0
user_009696,26-35,Córdoba,Móvil,Free,277,45,26.02,116.0,25,62.7,9.3,,,0
user_009697,46-55,Buenos Aires,Móvil,Basic,11,29,404.79,79.0,12,109.8,14.6,0.044,,0
user_009698,26-35,Córdoba,Móvil,Basic,211,49,322.52,73.0,8,2.6,11.5,0.249,6.97,0
user_009699,36-45,Buenos Aires,Móvil,Basic,166,26,29.99,166.0,12,95.9,6.9,0.1,4.7,0
user_009700,18-25,Buenos Aires,Móvil,Basic,294,14,416.22,133.0,29,,17.1,,1.43,0
user_009701,26-35,Buenos Aires,Tablet,Enterprise,111,49,25.9,134.0,0,44.7,17.1,,13.24,1
user_009702,26-35,Córdoba,Móvil,Free,245,7,71.74,103.0,3,,15.8,0.459,,0
user_009703,36-45,Córdoba,Móvil,Basic,66,10,298.15,54.0,3,90.7,11.2,0.188,4.55,1
user_009704,46-55,Otros,Desktop,Free,179,43,341.14,57.0,24,68.6,17.4,,7.21,1
user_009705,36-45,Mendoza,Móvil,Basic,91,18,478.26,129.0,13,91.6,6.7,,5.93,0
user_009706,26-35,La Plata,Desktop,Premium,230,30,391.35,169.0,28,,9.2,0.09,3.91,1
user_009707,,Córdoba,Móvil,Premium,214,15,158.42,13.0,18,53.9,2.8,0.142,2.1,0
user_009708,36-45,Córdoba,Desktop,Free,328,18,172.8,150.0,4,6.5,2.2,0.086,1.65,0
user_009709,26-35,Mendoza,Móvil,Premium,46,0,368.13,999.0,4,94.3,9.7,0.363,0.0,0
user_009710,56+,Córdoba,Desktop,Free,112,33,410.6,6.0,18,66.8,1.2,0.355,8.84,1
user_009711,18-25,Otros,Tablet,Premium,89,11,412.02,118.0,13,69.4,18.1,0.909,3.71,1
user_009712,36-45,Rosario,Móvil,Basic,161,43,258.45,133.0,6,94.4,17.0,0.985,8.01,0
user_009713,18-25,Mendoza,Móvil,Basic,120,33,41.45,93.0,5,98.2,13.8,0.351,8.25,1
user_009714,56+,,Móvil,Premium,350,22,165.28,144.0,1,7.8,7.7,0.579,1.89,0
user_009715,26-35,Rosario,Móvil,Free,105,30,459.94,56.0,23,34.5,7.4,,8.57,1
user_009716,46-55,Buenos Aires,Móvil,Premium,68,18,466.13,137.0,25,74.7,12.9,0.03,7.94,0
user_009717,46-55,,Tablet,Free,90,26,393.12,143.0,1,62.7,16.2,0.772,8.67,1
user_009718,26-35,Córdoba,Desktop,Free,256,45,478.01,58.0,1,55.3,15.2,0.595,5.27,1
user_009719,18-25,Córdoba,Móvil,Premium,282,24,293.63,120.0,7,40.5,3.6,0.564,,0
user_009720,36-45,Buenos Aires,Móvil,Basic,334,40,249.03,92.0,9,61.0,2.6,0.586,3.59,1
user_009721,46-55,Córdoba,Desktop,,219,45,436.49,131.0,29,108.1,12.2,0.821,6.16,1
user_009722,26-35,Córdoba,Móvil,Free,272,48,35.37,26.0,1,60.1,12.9,0.253,5.29,1
user_009723,56+,Rosario,Desktop,Free,172,8,77.47,14.0,12,118.6,6.6,0.462,1.4,1
user_009724,18-25,Buenos Aires,Móvil,Premium,171,31,263.09,35.0,14,78.9,10.7,0.231,,1
user_009725,36-45,Otros,Móvil,Basic,88,11,112.75,96.0,30,,18.4,0.923,,0
user_009726,18-25,Córdoba,Desktop,Premium,153,38,99.0,50.0,17,65.4,3.9,0.535,7.45,1
user_009727,26-35,Buenos Aires,Desktop,Free,204,27,420.71,94.0,1,16.2,16.6,0.487,,0
user_009728,46-55,Rosario,,Free,159,36,45.34,98.0,23,,19.8,0.403,6.79,0
user_009729,36-45,La Plata,Móvil,Free,216,28,125.8,139.0,12,,10.2,0.19,3.89,1
user_009730,26-35,Rosario,Móvil,Basic,133,26,84.47,131.0,7,41.6,19.8,0.919,5.86,1
user_009731,36-45,Rosario,Móvil,Free,292,5,353.05,101.0,13,63.0,10.8,0.223,0.51,0
user_009732,56+,Córdoba,Móvil,Premium,277,10,323.95,161.0,29,22.8,4.3,0.868,1.08,0
user_009733,26-35,La Plata,Desktop,Premium,168,23,254.1,92.0,24,72.6,15.3,0.035,,0
user_009734,36-45,Rosario,Tablet,Basic,252,21,185.42,30.0,27,2.7,8.5,0.073,2.5,1
user_009735,36-45,Otros,Desktop,Free,244,50,405.74,78.0,3,,1.0,,,1
user_009736,56+,Córdoba,Móvil,Enterprise,57,49,217.92,,20,67.3,13.6,0.139,25.79,0
user_009737,46-55,Buenos Aires,Desktop,Premium,118,45,89.07,16.0,28,115.0,1.6,0.326,11.44,0
user_009738,,Mendoza,Móvil,Basic,69,42,479.45,34.0,27,76.3,4.0,0.346,18.26,0
user_009739,26-35,Córdoba,Móvil,Free,99,14,29.14,178.0,2,24.4,2.5,0.146,,1
user_009740,26-35,La Plata,Desktop,Free,269,31,398.81,93.0,0,18.8,19.8,0.849,3.46,1
user_009741,,Buenos Aires,Móvil,Premium,365,15,122.55,161.0,5,32.1,20.0,0.696,,0
user_009742,,Rosario,Móvil,Basic,124,15,244.26,136.0,12,24.5,15.1,,,1
user_009743,36-45,Córdoba,Móvil,Premium,88,41,290.82,101.0,26,55.0,14.9,0.088,,0
user_009744,26-35,Buenos Aires,Móvil,Enterprise,317,16,85.06,148.0,24,43.2,1.3,0.074,1.51,1
user_009745,36-45,Córdoba,Desktop,Basic,46,30,124.33,85.0,13,99.3,9.0,0.875,19.57,0
user_009746,26-35,Rosario,Desktop,Basic,303,22,133.9,118.0,8,1.6,3.3,0.305,2.18,1
user_009747,36-45,Buenos Aires,Móvil,Free,175,25,124.33,13.0,28,90.5,4.3,0.206,4.29,0
user_009748,18-25,Buenos Aires,Móvil,Premium,63,50,233.21,98.0,7,4.2,14.3,0.177,,1
user_009749,,Buenos Aires,Móvil,Free,305,29,179.47,2.0,21,53.7,1.8,0.81,,0
user_009750,26-35,Otros,Desktop,Basic,357,13,134.45,25.0,21,,16.0,0.543,,0
user_009751,36-45,Córdoba,Móvil,Basic,261,12,56.82,90.0,10,102.5,12.6,0.936,1.38,1
user_009752,26-35,Mendoza,Móvil,Premium,352,30,456.81,164.0,24,111.4,9.8,0.509,2.56,0
user_009753,36-45,La Plata,Móvil,Free,52,35,379.68,115.0,2,,3.8,0.033,20.19,1
user_009754,26-35,Buenos Aires,Móvil,Basic,173,19,122.87,67.0,4,40.7,20.0,0.496,3.29,0
user_009755,46-55,Buenos Aires,Desktop,Basic,186,11,416.22,73.0,9,36.8,4.1,0.995,1.77,0
user_009756,46-55,Buenos Aires,Desktop,Free,237,49,213.59,104.0,30,45.2,18.6,0.469,6.2,1
user_009757,18-25,Córdoba,Móvil,Basic,220,18,12.2,12.0,4,99.8,7.1,0.973,2.45,1
user_009758,26-35,Buenos Aires,Móvil,Free,57,26,240.56,148.0,8,116.0,4.6,0.058,13.68,1
user_009759,18-25,Buenos Aires,Móvil,Premium,252,41,170.4,49.0,4,8.7,5.4,0.247,4.88,1
user_009760,26-35,Otros,Móvil,Premium,358,17,290.81,115.0,3,60.0,4.5,0.203,1.42,0
user_009761,36-45,Buenos Aires,Móvil,,32,23,108.51,140.0,3,47.8,2.9,,21.56,1
user_009762,46-55,Mendoza,Móvil,Basic,280,17,66.04,14.0,29,55.6,3.5,0.624,1.82,1
user_009763,46-55,Rosario,Desktop,Premium,26,25,65.61,28.0,15,,5.2,0.869,25.0,0
user_009764,18-25,Mendoza,Móvil,Basic,4,23,68.71,30.0,12,,9.8,0.367,23.0,1
user_009765,36-45,La Plata,Móvil,Free,21,25,389.56,54.0,11,4.3,10.8,,25.0,1
user_009766,36-45,Buenos Aires,Móvil,Free,160,20,103.78,179.0,1,27.0,6.3,0.955,,0
user_009767,56+,Buenos Aires,Móvil,Free,25,15,149.27,22.0,14,116.4,11.4,0.748,15.0,1
user_009768,18-25,La Plata,Móvil,Enterprise,33,46,308.59,47.0,2,3.6,19.1,0.102,,1
user_009769,18-25,Otros,Tablet,Free,47,13,459.97,106.0,21,5.7,14.8,0.263,8.3,0
user_009770,18-25,Buenos Aires,Desktop,Free,17,1,213.67,155.0,10,89.9,6.7,0.785,1.0,0
user_009771,36-45,Otros,Móvil,Free,245,19,265.66,28.0,26,61.9,12.1,0.745,2.33,0
user_009772,26-35,Buenos Aires,Móvil,Basic,225,12,280.77,35.0,24,,4.3,0.07,,1
user_009773,56+,,Móvil,Basic,159,39,129.69,115.0,15,78.3,7.6,0.191,7.36,0
user_009774,36-45,Mendoza,Tablet,Enterprise,180,48,430.59,64.0,15,111.7,3.0,0.979,8.0,1
user_009775,46-55,Otros,Desktop,Free,116,8,389.73,76.0,17,20.2,3.5,0.035,2.07,1
user_009776,56+,Córdoba,Móvil,Free,98,45,27.59,88.0,11,43.9,1.6,0.363,13.78,0
user_009777,56+,Mendoza,Móvil,Free,200,7,446.54,157.0,6,37.1,8.2,0.868,1.05,1
user_009778,36-45,Mendoza,Móvil,Free,114,17,355.08,113.0,5,13.8,2.4,0.769,4.47,1
user_009779,36-45,Buenos Aires,Tablet,Premium,139,0,464.95,999.0,26,52.7,9.6,0.395,0.0,0
user_009780,36-45,Buenos Aires,Móvil,Premium,302,13,223.77,44.0,30,54.8,19.6,0.751,1.29,0
user_009781,26-35,Córdoba,Móvil,Basic,329,5,423.9,51.0,4,23.0,12.0,,0.46,0
user_009782,18-25,Córdoba,Tablet,Enterprise,220,10,385.17,17.0,22,40.5,8.8,0.587,1.36,1
user_009783,18-25,Rosario,Móvil,Free,310,28,490.45,108.0,20,49.9,14.1,0.281,,0
user_009784,26-35,,Desktop,Basic,52,4,154.38,12.0,9,,8.2,0.791,2.31,1
user_009785,26-35,Buenos Aires,Móvil,Free,193,46,331.99,84.0,4,,4.9,0.149,,1
user_009786,36-45,Córdoba,Desktop,Free,220,26,156.1,8.0,19,9.4,18.6,,3.55,1
user_009787,26-35,Buenos Aires,Desktop,Free,120,0,54.79,999.0,0,9.1,1.9,0.652,0.0,0
user_009788,26-35,Rosario,Móvil,Free,224,9,310.98,101.0,12,60.2,6.1,0.749,1.21,1
user_009789,18-25,Córdoba,Móvil,Free,165,31,149.36,145.0,8,118.2,3.5,,5.64,1
user_009790,,Buenos Aires,Móvil,Free,23,35,349.16,91.0,7,42.8,13.1,0.245,35.0,1
user_009791,18-25,Córdoba,Desktop,Free,261,11,385.61,98.0,23,,18.0,0.093,1.26,1
user_009792,36-45,Rosario,Móvil,Basic,346,35,342.5,153.0,24,109.1,7.2,,,1
user_009793,,Córdoba,Móvil,Free,253,28,323.39,24.0,9,55.1,18.1,0.984,3.32,1
user_009794,18-25,Mendoza,Desktop,Basic,357,33,424.24,104.0,30,26.5,1.2,,2.77,1
user_009795,26-35,Rosario,Móvil,Basic,261,27,259.0,19.0,4,106.1,10.3,,3.1,0
user_009796,26-35,La Plata,Desktop,Free,9,7,247.45,10.0,1,112.0,12.3,0.645,,0
user_009797,26-35,Córdoba,Tablet,Basic,229,10,360.5,40.0,1,65.1,1.7,0.679,1.31,0
user_009798,18-25,Buenos Aires,Móvil,Free,143,50,246.14,19.0,1,33.6,1.6,0.664,10.49,0
user_009799,36-45,Buenos Aires,Móvil,Free,190,14,290.24,34.0,6,36.8,10.8,,,0
user_009800,26-35,La Plata,Móvil,Free,137,3,164.21,160.0,9,8.5,15.6,,0.66,0
user_009801,46-55,Buenos Aires,Móvil,Premium,181,16,262.56,48.0,5,19.5,17.1,0.274,2.65,1
user_009802,26-35,Rosario,Móvil,Basic,191,26,196.08,124.0,21,2.6,1.2,0.341,4.08,1
user_009803,26-35,Mendoza,,Basic,10,38,462.93,,20,52.0,18.7,,38.0,1
user_009804,18-25,Mendoza,Desktop,Premium,193,20,75.46,8.0,5,23.8,9.1,0.591,3.11,0
user_009805,18-25,La Plata,Desktop,Basic,18,26,302.67,135.0,17,21.5,9.0,0.194,26.0,1
user_009806,18-25,Buenos Aires,Móvil,Premium,21,5,241.11,171.0,23,93.7,4.3,0.24,5.0,1
user_009807,26-35,La Plata,Móvil,Free,166,14,376.31,154.0,5,77.7,11.3,0.967,,0
user_009808,36-45,,Móvil,Free,299,12,277.05,103.0,1,99.4,3.7,0.867,1.2,1
user_009809,18-25,Buenos Aires,Móvil,Free,67,44,487.94,38.0,23,81.5,19.4,0.62,19.7,1
user_009810,18-25,Rosario,Móvil,Basic,202,20,370.18,134.0,30,,4.9,,2.97,0
user_009811,26-35,Rosario,Desktop,Basic,249,25,352.66,54.0,1,,4.2,0.229,,0
user_009812,26-35,Córdoba,Móvil,Basic,322,48,433.32,138.0,25,22.5,1.4,0.649,,1
user_009813,46-55,Mendoza,Desktop,Premium,190,14,56.83,11.0,6,62.6,11.3,0.893,2.21,0
user_009814,36-45,Buenos Aires,Desktop,Basic,59,48,227.66,153.0,3,5.8,18.4,0.177,24.41,0
user_009815,26-35,Córdoba,Móvil,Enterprise,350,2,462.05,147.0,22,66.0,10.1,0.891,,1
user_009816,56+,Córdoba,Móvil,Free,14,16,324.98,114.0,22,,12.7,0.61,16.0,0
user_009817,36-45,Córdoba,Móvil,Premium,109,40,227.67,158.0,1,52.9,15.7,0.973,11.01,1
user_009818,26-35,Mendoza,Desktop,Free,18,0,400.93,999.0,13,112.1,18.7,0.867,0.0,1
user_009819,56+,Mendoza,Tablet,Free,121,26,366.37,14.0,22,,12.2,,6.45,0
user_009820,56+,Buenos Aires,Tablet,Basic,4,15,271.28,49.0,11,82.2,2.1,0.693,15.0,0
user_009821,46-55,Rosario,Desktop,Basic,201,1,245.95,127.0,21,65.5,19.5,0.727,0.15,1
user_009822,46-55,Buenos Aires,Móvil,Premium,170,38,223.8,75.0,17,,5.9,0.309,6.71,0
user_009823,46-55,La Plata,Desktop,Free,306,27,213.47,144.0,22,84.9,2.6,0.989,2.65,0
user_009824,18-25,Buenos Aires,Móvil,Basic,137,10,406.82,60.0,19,,5.7,0.081,2.19,0
user_009825,18-25,Buenos Aires,,Free,33,33,476.64,131.0,9,35.4,19.2,0.381,30.0,1
user_009826,26-35,Buenos Aires,Móvil,Free,178,50,56.59,31.0,5,81.0,7.2,0.489,8.43,1
user_009827,56+,Córdoba,Móvil,Basic,77,1,428.12,73.0,25,108.9,11.7,0.664,,0
user_009828,26-35,Buenos Aires,Móvil,Basic,15,1,496.7,27.0,7,109.4,4.9,0.881,1.0,0
user_009829,18-25,Buenos Aires,Desktop,Free,83,3,298.12,85.0,8,37.1,6.7,0.587,1.08,1
user_009830,36-45,Buenos Aires,Móvil,Free,290,37,353.21,33.0,8,32.6,11.6,0.684,3.83,1
user_009831,36-45,Buenos Aires,Desktop,Free,298,30,139.12,102.0,27,49.8,11.5,0.967,,1
user_009832,26-35,Rosario,Móvil,Premium,138,23,289.4,28.0,26,,16.2,0.47,5.0,1
user_009833,46-55,Rosario,Desktop,Free,51,25,442.88,27.0,6,15.8,16.6,0.035,14.71,1
user_009834,56+,La Plata,Desktop,Free,317,13,269.91,48.0,12,5.9,11.3,0.416,1.23,1
user_009835,26-35,La Plata,Móvil,Basic,123,37,409.87,67.0,12,,12.6,0.063,9.02,1
user_009836,,Buenos Aires,Móvil,Premium,326,10,78.51,146.0,1,72.9,10.4,0.06,0.92,1
user_009837,56+,Mendoza,Móvil,Premium,283,49,170.92,106.0,20,100.0,12.8,0.195,5.19,0
user_009838,26-35,Buenos Aires,Móvil,Basic,136,40,479.48,44.0,24,68.2,13.3,0.753,8.82,0
user_009839,36-45,Buenos Aires,Desktop,Free,274,9,126.69,120.0,5,110.6,10.0,0.184,0.99,1
user_009840,56+,Buenos Aires,Móvil,Basic,93,14,463.38,101.0,25,117.3,15.2,0.289,,1
user_009841,36-45,La Plata,Tablet,Basic,263,31,465.17,28.0,10,40.4,12.7,0.581,3.54,0
user_009842,46-55,Córdoba,Desktop,Free,271,18,372.37,117.0,26,81.9,16.9,,,1
user_009843,26-35,Otros,Móvil,Basic,309,12,120.56,135.0,12,6.8,1.7,0.976,1.17,0
user_009844,36-45,Buenos Aires,Móvil,Free,365,22,237.94,148.0,25,,6.3,,1.81,1
user_009845,18-25,Rosario,Desktop,Free,126,6,25.24,23.0,24,32.6,1.3,0.083,,0
user_009846,36-45,Buenos Aires,Móvil,Enterprise,1,36,60.96,155.0,13,8.4,19.3,0.921,36.0,1
user_009847,56+,Rosario,Desktop,Free,227,0,85.24,999.0,15,,5.8,,0.0,1
user_009848,36-45,Buenos Aires,Tablet,Basic,349,9,74.35,71.0,27,102.4,17.0,0.252,0.77,1
user_009849,18-25,,Tablet,Basic,118,5,76.85,131.0,2,76.3,11.1,0.957,1.27,1
user_009850,26-35,La Plata,Móvil,Free,195,4,30.78,4.0,3,5.9,15.3,0.194,0.62,0
user_009851,56+,Rosario,Móvil,Free,77,21,382.93,95.0,11,58.7,16.1,0.233,8.18,0
user_009852,26-35,Buenos Aires,Móvil,Free,159,31,312.18,28.0,23,96.8,7.0,0.943,5.85,0
user_009853,36-45,Córdoba,Móvil,Free,69,2,438.1,66.0,1,54.1,9.0,,0.87,0
user_009854,36-45,Buenos Aires,Tablet,Premium,55,33,120.75,78.0,12,80.7,6.9,0.243,18.0,0
user_009855,46-55,Buenos Aires,Tablet,Enterprise,25,29,325.43,49.0,1,5.7,9.9,,29.0,1
user_009856,26-35,Rosario,Móvil,Basic,237,6,176.85,173.0,16,,9.5,0.826,0.76,0
user_009857,18-25,,Desktop,Basic,272,32,388.76,128.0,9,64.3,11.7,,3.53,1
user_009858,36-45,Mendoza,Desktop,Basic,11,46,206.72,64.0,13,58.1,4.4,0.038,46.0,1
user_009859,26-35,La Plata,Tablet,Free,203,19,94.54,148.0,24,49.9,12.1,0.545,2.81,0
user_009860,36-45,Otros,Desktop,Free,129,43,404.71,69.0,3,,3.2,0.934,10.0,0
user_009861,18-25,Buenos Aires,Tablet,Free,50,27,277.92,40.0,23,94.9,12.8,,16.2,1
user_009862,46-55,Rosario,Desktop,Premium,303,1,483.48,54.0,16,,10.6,0.872,0.1,1
user_009863,18-25,Córdoba,Móvil,Basic,117,21,232.72,172.0,15,95.0,12.2,0.322,5.38,0
user_009864,56+,Buenos Aires,Móvil,Premium,285,39,342.03,141.0,25,,19.9,0.658,4.11,0
user_009865,36-45,Buenos Aires,Desktop,Free,63,7,291.77,43.0,8,,1.2,,3.33,1
user_009866,,Buenos Aires,Desktop,Free,165,26,281.25,8.0,5,60.7,2.4,0.815,4.73,0
user_009867,56+,Rosario,,Premium,194,9,17.48,152.0,22,88.3,4.4,0.989,1.39,1
user_009868,26-35,Córdoba,Desktop,Free,339,9,230.14,145.0,29,17.3,7.5,,0.8,0
user_009869,26-35,Rosario,Móvil,Free,90,15,94.89,10.0,17,16.5,18.0,0.733,5.0,0
user_009870,36-45,Buenos Aires,Tablet,Basic,176,38,124.83,22.0,21,30.5,2.1,0.127,6.48,0
user_009871,46-55,Mendoza,Tablet,Basic,313,7,217.83,135.0,10,56.7,3.9,0.496,0.67,1
user_009872,36-45,Córdoba,Móvil,Enterprise,288,44,49.87,155.0,25,5.6,19.6,0.692,4.58,0
user_009873,46-55,Córdoba,Desktop,Free,197,1,488.25,19.0,1,67.1,9.3,0.447,,0
user_009874,26-35,La Plata,Móvil,Basic,309,23,413.61,96.0,6,36.3,1.4,0.981,2.23,0
user_009875,18-25,Buenos Aires,Móvil,Basic,356,32,157.57,136.0,18,78.6,6.0,0.44,2.7,0
user_009876,36-45,Córdoba,Desktop,Basic,324,20,112.56,144.0,11,52.5,10.9,,1.85,1
user_009877,18-25,Mendoza,Móvil,,327,44,243.61,56.0,20,71.2,5.0,,4.04,0
user_009878,18-25,Mendoza,Desktop,Free,321,48,80.65,122.0,9,88.3,17.7,0.303,4.49,1
user_009879,36-45,Buenos Aires,Desktop,Basic,73,32,233.72,16.0,8,28.7,3.8,0.732,13.15,0
user_009880,46-55,Rosario,,Premium,152,47,65.48,44.0,25,74.9,12.1,0.314,,1
user_009881,18-25,Buenos Aires,Móvil,Premium,296,45,213.5,3.0,20,79.2,5.2,0.626,4.56,1
user_009882,56+,Córdoba,Móvil,Basic,56,2,490.42,72.0,7,1.5,3.6,0.639,1.07,0
user_009883,46-55,Córdoba,Móvil,Free,258,33,42.07,27.0,9,55.1,14.8,0.133,3.84,1
user_009884,18-25,Mendoza,Móvil,Basic,298,2,287.4,180.0,1,7.7,15.0,0.466,,1
user_009885,36-45,Córdoba,Móvil,Free,239,4,450.35,92.0,20,29.2,17.7,0.537,0.5,1
user_009886,36-45,Buenos Aires,Desktop,Free,68,27,72.02,126.0,10,118.0,11.1,0.818,11.91,0
user_009887,18-25,Buenos Aires,Móvil,Free,281,14,18.93,38.0,9,29.9,1.8,0.666,1.49,1
user_009888,26-35,Rosario,Móvil,Basic,357,14,140.14,157.0,25,12.5,11.9,0.949,1.18,0
user_009889,26-35,Otros,Desktop,Free,299,14,248.41,7.0,14,97.7,16.1,0.496,1.4,0
user_009890,18-25,Otros,Tablet,Basic,228,17,151.81,8.0,21,24.6,9.7,0.056,,1
user_009891,46-55,Mendoza,Móvil,Basic,8,40,454.71,21.0,21,92.5,11.3,0.066,40.0,1
user_009892,46-55,,Móvil,Premium,260,23,414.97,135.0,27,10.5,16.5,0.415,,1
user_009893,46-55,La Plata,Desktop,Free,195,3,270.47,7.0,12,37.0,5.4,0.316,0.46,1
user_009894,18-25,Mendoza,Móvil,Premium,194,10,122.93,69.0,1,30.9,15.1,0.571,1.55,1
user_009895,26-35,Buenos Aires,Móvil,Premium,209,22,326.96,166.0,14,114.9,9.9,0.795,3.16,1
user_009896,36-45,La Plata,Tablet,Free,39,6,235.42,25.0,5,49.2,11.4,0.067,4.62,1
user_009897,56+,La Plata,Móvil,Basic,45,21,69.86,43.0,22,64.2,5.1,0.355,14.0,0
user_009898,18-25,Buenos Aires,Móvil,Enterprise,261,4,382.9,84.0,9,54.1,10.6,0.655,0.46,1
user_009899,26-35,La Plata,Móvil,Free,301,42,26.91,36.0,7,94.0,19.7,0.078,4.19,0
user_009900,,Buenos Aires,Móvil,Basic,113,43,432.39,37.0,16,6.9,6.7,0.585,11.42,1
user_009901,,Otros,Móvil,Free,252,0,181.36,999.0,20,59.5,11.1,0.314,0.0,0
user_009902,26-35,Córdoba,Móvil,Free,274,21,468.72,49.0,6,59.6,4.7,0.317,2.3,0
user_009903,18-25,Córdoba,Móvil,Premium,343,36,58.84,34.0,13,12.3,16.7,,3.15,1
user_009904,36-45,Buenos Aires,Móvil,Free,246,16,382.64,76.0,29,,6.0,,1.95,1
user_009905,56+,Córdoba,Desktop,Free,15,46,351.44,52.0,26,110.8,8.4,0.742,46.0,0
user_009906,18-25,Buenos Aires,Móvil,Enterprise,56,48,268.29,150.0,9,119.9,2.2,,25.71,0
user_009907,18-25,La Plata,Móvil,Basic,78,30,326.87,111.0,20,11.6,7.1,0.642,,1
user_009908,,La Plata,Móvil,Free,247,46,326.78,180.0,3,,7.0,0.585,5.59,1
user_009909,46-55,Córdoba,Móvil,Basic,289,31,356.1,155.0,13,95.6,15.5,,,1
user_009910,,Buenos Aires,Móvil,Free,28,34,308.36,40.0,7,,16.0,0.996,34.0,1
user_009911,56+,Mendoza,Tablet,Free,321,2,259.16,38.0,8,42.9,4.3,0.339,0.19,0
user_009912,18-25,Rosario,Móvil,Premium,55,33,143.9,87.0,2,33.3,15.3,0.247,18.0,0
user_009913,36-45,Otros,Tablet,Free,312,46,387.0,153.0,21,58.1,2.9,0.79,4.42,0
user_009914,26-35,Buenos Aires,Móvil,Free,275,21,148.15,140.0,5,,4.5,,2.29,1
user_009915,36-45,Mendoza,Desktop,Basic,86,48,409.82,133.0,11,3.9,3.1,0.861,16.74,0
user_009916,36-45,Mendoza,Móvil,Enterprise,335,16,392.33,167.0,18,35.0,8.6,0.921,1.43,0
user_009917,18-25,Rosario,Desktop,Free,302,16,82.19,12.0,30,30.4,18.0,0.832,1.59,0
user_009918,18-25,Buenos Aires,Móvil,Premium,210,38,308.62,100.0,5,106.6,5.9,0.865,5.43,0
user_009919,,Córdoba,Desktop,Enterprise,170,6,331.91,176.0,0,39.0,19.3,0.98,,0
user_009920,26-35,Rosario,Desktop,Basic,221,32,102.3,155.0,4,60.8,16.8,0.655,4.34,0
user_009921,36-45,La Plata,Desktop,Enterprise,251,13,252.99,3.0,28,80.5,9.6,0.642,,0
user_009922,56+,Rosario,Desktop,Basic,115,6,16.91,27.0,3,96.4,17.2,0.129,,1
user_009923,36-45,Mendoza,Tablet,Basic,168,40,14.72,,21,,12.5,,7.14,1
user_009924,18-25,Mendoza,Desktop,,208,26,389.55,128.0,10,14.1,6.3,0.536,3.75,1
user_009925,26-35,Rosario,Desktop,Basic,112,16,495.83,168.0,8,82.6,14.8,0.594,,0
user_009926,46-55,Mendoza,Desktop,Basic,221,33,26.6,73.0,17,,17.1,0.602,,0
user_009927,56+,La Plata,Móvil,Free,340,26,136.14,154.0,19,89.5,8.8,0.891,2.29,1
user_009928,26-35,Buenos Aires,Móvil,Enterprise,175,49,248.19,12.0,28,60.0,1.2,0.478,8.4,1
user_009929,18-25,Buenos Aires,Móvil,Free,335,19,339.86,97.0,10,67.8,2.3,0.201,1.7,0
user_009930,26-35,Buenos Aires,Móvil,Basic,86,50,308.54,102.0,15,,15.8,0.872,17.44,1
user_009931,18-25,Buenos Aires,Tablet,Free,25,6,43.27,176.0,7,27.1,19.4,0.307,6.0,1
user_009932,46-55,Buenos Aires,Desktop,Free,252,16,354.74,69.0,24,96.5,16.9,0.095,1.9,1
user_009933,36-45,Otros,Tablet,Free,69,4,439.9,98.0,27,38.0,16.7,,1.74,1
user_009934,,Buenos Aires,Móvil,Free,316,7,468.71,156.0,22,7.2,10.3,0.443,0.66,0
user_009935,36-45,Otros,,Premium,173,0,242.88,999.0,29,42.7,18.3,0.125,,0
user_009936,36-45,Otros,Desktop,Free,253,50,336.16,15.0,13,18.3,19.0,0.915,,1
user_009937,18-25,Buenos Aires,Desktop,Free,64,26,262.17,86.0,19,96.0,19.7,0.877,12.19,1
user_009938,26-35,Mendoza,Móvil,Basic,48,26,343.25,49.0,23,5.0,14.9,0.432,16.25,0
user_009939,56+,Mendoza,Móvil,Premium,15,3,121.61,38.0,29,4.4,7.7,,3.0,0
user_009940,56+,Rosario,Móvil,Basic,169,47,234.17,66.0,28,11.8,6.7,0.041,8.34,1
user_009941,26-35,Buenos Aires,Desktop,Premium,101,44,462.52,117.0,13,36.1,8.3,0.085,13.07,1
user_009942,56+,Córdoba,Móvil,Free,282,27,442.57,104.0,14,90.0,2.1,,2.87,0
user_009943,,Otros,Desktop,Basic,44,45,176.07,130.0,0,103.8,16.5,0.719,30.68,1
user_009944,46-55,Mendoza,Móvil,Basic,91,36,26.54,54.0,17,2.4,12.0,,11.87,0
user_009945,26-35,Otros,Desktop,Premium,319,31,396.91,153.0,29,27.5,17.5,0.034,2.92,0
user_009946,46-55,Buenos Aires,Móvil,Free,310,38,288.23,80.0,22,56.1,3.1,0.674,3.68,0
user_009947,56+,Buenos Aires,Tablet,Basic,143,26,45.34,133.0,12,97.5,11.8,0.061,5.45,0
user_009948,18-25,Córdoba,Desktop,Free,172,38,29.76,99.0,4,70.5,2.8,0.951,6.63,1
user_009949,18-25,Rosario,Desktop,Free,318,42,157.67,148.0,0,66.3,10.2,,3.96,1
user_009950,36-45,Buenos Aires,Móvil,Premium,203,16,35.95,6.0,18,71.4,18.1,0.137,2.36,0
user_009951,18-25,Córdoba,Móvil,Free,197,35,31.88,143.0,1,13.7,8.0,0.313,,1
user_009952,18-25,Rosario,Desktop,Free,40,36,415.13,74.0,15,55.3,6.3,0.404,,0
user_009953,26-35,Otros,Móvil,Premium,112,20,389.09,21.0,20,96.2,9.6,0.24,5.36,1
user_009954,56+,Rosario,Móvil,Premium,345,12,66.0,64.0,3,17.0,5.6,0.234,1.04,0
user_009955,36-45,Córdoba,Móvil,Basic,124,8,318.1,130.0,25,40.0,18.1,0.785,1.94,1
user_009956,26-35,Mendoza,Desktop,Free,203,46,243.45,61.0,27,13.2,1.2,0.949,6.8,0
user_009957,36-45,Otros,Móvil,Free,265,40,119.46,174.0,29,99.2,19.9,0.84,,1
user_009958,26-35,Mendoza,Móvil,Free,78,4,54.04,160.0,26,118.7,1.2,0.871,1.54,1
user_009959,46-55,Mendoza,Tablet,Premium,97,31,236.08,126.0,20,56.3,6.9,0.17,9.59,1
user_009960,26-35,Rosario,Móvil,Free,362,3,410.54,158.0,18,,11.3,0.371,0.25,0
user_009961,18-25,Buenos Aires,Desktop,Free,71,45,79.05,98.0,20,80.0,1.8,0.306,19.01,1
user_009962,26-35,Mendoza,Desktop,Basic,227,0,138.35,999.0,5,80.8,5.9,,0.0,1
user_009963,18-25,Rosario,,Free,120,0,228.18,999.0,29,111.3,2.0,,0.0,1
user_009964,18-25,Otros,Móvil,Premium,338,35,27.89,153.0,14,105.3,6.0,,3.11,1
user_009965,26-35,Rosario,Móvil,Free,204,49,279.15,72.0,26,100.1,18.5,0.511,7.21,1
user_009966,18-25,Córdoba,Desktop,Premium,207,40,176.0,150.0,15,36.8,16.8,0.096,5.8,0
user_009967,36-45,Buenos Aires,Móvil,Basic,162,38,409.72,65.0,4,105.2,8.2,0.04,7.04,0
user_009968,36-45,Córdoba,Móvil,Free,59,15,12.6,173.0,7,71.1,2.7,0.7,7.63,0
user_009969,26-35,Buenos Aires,Móvil,Premium,264,47,480.94,173.0,15,110.5,14.8,0.903,5.34,1
user_009970,46-55,Mendoza,Móvil,Free,135,44,490.98,100.0,23,50.1,7.8,,9.78,0
user_009971,36-45,Buenos Aires,Desktop,Free,27,4,329.13,114.0,26,90.2,12.7,,,1
user_009972,18-25,Buenos Aires,Tablet,Free,39,50,460.38,73.0,9,40.5,4.7,0.64,38.46,0
user_009973,36-45,Córdoba,Móvil,Basic,353,2,291.43,47.0,0,,7.3,,0.17,1
user_009974,18-25,Buenos Aires,Tablet,Premium,37,5,137.55,155.0,16,78.1,4.1,,4.05,0
user_009975,56+,Rosario,Móvil,Free,56,43,257.84,61.0,21,,2.1,0.419,23.04,1
user_009976,36-45,Rosario,Desktop,Free,117,2,460.19,42.0,29,10.3,11.6,0.68,0.51,0
user_009977,26-35,,Móvil,Free,318,17,360.8,160.0,29,100.1,13.8,0.364,1.6,0
user_009978,46-55,Buenos Aires,Desktop,Premium,321,8,348.03,144.0,21,16.6,6.1,0.367,0.75,0
user_009979,26-35,Rosario,Desktop,Free,106,43,234.17,123.0,28,2.3,7.8,0.991,12.17,1
user_009980,56+,Buenos Aires,Desktop,Premium,29,19,47.02,88.0,29,3.8,16.1,0.367,19.0,1
user_009981,26-35,Buenos Aires,Móvil,Free,90,0,78.58,999.0,29,96.0,4.3,,,1
user_009982,18-25,Córdoba,Móvil,Basic,18,26,94.09,92.0,22,55.4,2.4,0.94,26.0,1
user_009983,36-45,Buenos Aires,Tablet,Basic,280,41,24.02,47.0,26,98.3,17.8,0.79,4.39,0
user_009984,36-45,La Plata,Móvil,,39,7,462.01,14.0,28,14.4,18.7,0.246,5.38,1
user_009985,18-25,Córdoba,Desktop,Basic,244,24,394.09,109.0,12,34.2,2.6,0.429,2.95,1
user_009986,18-25,Buenos Aires,Desktop,Basic,212,7,478.11,148.0,23,90.9,5.9,0.26,,1
user_009987,36-45,Buenos Aires,Desktop,Basic,227,14,376.63,16.0,5,113.6,9.0,0.102,1.85,1
user_009988,46-55,Rosario,Móvil,Free,159,16,415.44,154.0,7,47.0,9.5,0.428,3.02,1
user_009989,,Córdoba,Tablet,Basic,54,26,33.17,108.0,2,33.5,11.6,,14.44,1
user_009990,18-25,Mendoza,Móvil,Premium,211,26,359.05,42.0,18,83.1,12.1,0.53,,0
user_009991,46-55,Buenos Aires,Móvil,Basic,206,14,305.72,164.0,3,73.9,19.7,,2.04,1
user_009992,46-55,Córdoba,Móvil,Premium,243,31,306.97,130.0,8,116.9,12.9,0.994,3.83,1
user_009993,36-45,Buenos Aires,Desktop,Premium,353,44,173.29,18.0,18,114.5,3.1,,3.74,1
user_009994,26-35,Córdoba,Móvil,Premium,60,16,331.79,43.0,14,88.7,11.5,0.543,8.0,0
user_009995,56+,Rosario,Desktop,Premium,129,5,355.54,43.0,29,118.2,16.2,0.989,1.16,0
user_009996,36-45,Córdoba,Móvil,Free,70,15,396.1,57.0,23,29.9,1.4,0.571,6.43,1
user_009997,26-35,Córdoba,Móvil,Premium,49,47,414.57,71.0,21,93.2,11.1,0.513,28.78,0
user_009998,36-45,La Plata,,Basic,348,43,477.06,131.0,3,38.3,14.4,0.249,3.71,0
user_009999,56+,Buenos Aires,Móvil,Basic,100,31,184.86,12.0,19,117.9,4.4,0.082,,0
user_010000,26-35,Mendoza,Móvil,Enterprise,364,21,170.86,174.0,1,74.8,8.2,,1.73,0
